# WaveFront *.obj file (generated by Autodesk ATF)

mtllib camera hand.mtl

g Body10

v 89.871544 46.000000 30.257088
v 89.968186 45.451458 29.994810
v 90.013725 44.937333 29.753707
v 90.013881 44.463137 29.538660
v 89.972466 44.021072 29.349028
v 89.881029 43.574258 29.179419
v 89.730410 43.142385 29.056514
v 89.529155 42.764356 29.006868
v 89.283145 42.433538 29.026583
v 89.024188 42.163577 29.091538
v 88.774412 41.949038 29.173594
v 88.187906 41.559179 29.389973
v 87.479662 41.241194 29.653701
v 86.670903 41.042742 29.937734
v 87.275758 40.635576 30.002018
v 87.960658 40.387828 30.074809
v 88.684833 40.314247 30.151774
v 89.405171 40.419213 30.228331
v 90.078792 40.696478 30.299923
v 90.665595 41.129535 30.362288
v 91.130648 41.692607 30.411714
v 91.446267 42.352172 30.445257
v 91.593663 43.068967 30.460922
v 91.564061 43.800322 30.457776
v 91.359224 44.502699 30.436006
v 90.991345 45.134287 30.396909
v 90.482325 45.657487 30.342810
v 89.862464 46.041153 30.276932
v 86.305924 41.185871 31.910208
v 85.875596 41.729490 31.864473
v 85.581171 42.358084 31.833182
v 85.438443 43.037933 31.818013
v 85.455069 43.732567 31.819780
v 85.630157 44.404723 31.838388
v 85.954315 45.018344 31.872839
v 86.410153 45.540513 31.921286
v 86.973218 45.943218 31.981128
v 87.613306 46.204858 32.049156
v 88.296080 46.311396 32.121721
v 88.984913 46.257117 32.194930
v 89.432014 46.168852 31.217734
v 90.863804 43.313547 37.422776
v 90.777117 44.031494 37.413563
v 90.522096 44.707716 37.386460
v 90.113561 45.302915 37.343041
v 89.575255 45.782498 37.285830
v 88.938461 46.118596 37.218152
v 88.240189 46.291673 37.143940
v 87.521019 46.291673 37.067507
v 86.822747 46.118596 36.993295
v 86.185954 45.782498 36.925617
v 85.647648 45.302915 36.868406
v 85.239113 44.707716 36.824987
v 84.984092 44.031494 36.797884
v 84.897405 43.313547 36.788671
v 84.984092 42.595600 36.797884
v 85.239113 41.919377 36.824987
v 85.647648 41.324179 36.868406
v 86.185954 40.844595 36.925617
v 86.822747 40.508498 36.993295
v 87.521019 40.335420 37.067507
v 88.240189 40.335420 37.143940
v 88.938461 40.508498 37.218152
v 89.575255 40.844595 37.285830
v 90.113561 41.324179 37.343041
v 90.522096 41.919377 37.386460
v 90.777117 42.595600 37.413563
v 88.984913 51.000000 32.194930
v 99.005994 51.000000 10.292620
v 97.921450 50.932748 12.663026
v 97.392246 50.849291 13.819666
v 96.878583 50.733578 14.942338
v 96.385409 50.586724 16.020232
v 95.917473 50.410144 17.042965
v 95.479280 50.205537 18.000688
v 95.075052 49.974874 18.884179
v 94.708681 49.720376 19.684929
v 94.383695 49.444496 20.395225
v 94.103225 49.149889 21.008227
v 93.869971 48.839392 21.518033
v 93.686179 48.515996 21.919732
v 93.553621 48.182816 22.209455
v 93.506972 48.013557 22.311411
v 93.473571 47.843060 22.384412
v 93.453499 47.671737 22.428284
v 93.446802 47.500000 22.442919
v 93.446802 46.000000 22.442919
v 98.955066 51.280072 38.282711
v 99.044587 51.640426 38.234097
v 99.038478 51.640426 38.291576
v 105.000000 59.273207 35.000000
v 105.477443 59.770494 33.947746
v 109.995667 65.985399 34.427941
v 109.467246 65.985399 39.399939
v 85.818497 41.047370 31.858405
v 85.314447 41.000000 31.804835
v 84.014049 41.000000 31.666629
v 84.014049 36.000000 31.666629
v 83.923672 34.879415 31.657024
v 83.812150 34.338586 31.645171
v 83.657694 33.817647 31.628756
v 83.461571 33.322432 31.607912
v 83.227894 32.863352 31.583077
v 82.959655 32.445404 31.554569
v 82.659307 32.072133 31.522648
v 82.355190 31.767674 31.490326
v 82.020362 31.498075 31.454741
v 81.657320 31.270718 31.416157
v 81.268428 31.091934 31.374826
v 80.766641 30.945615 31.321496
v 80.252031 30.886090 31.266804
v 78.242978 30.620294 31.053283
v 77.248219 30.421709 30.947560
v 76.257538 30.170844 30.842271
v 86.070183 59.437780 31.885154
v 101.973179 70.997336 33.575315
v 105.477443 61.000000 33.947746
v 101.870872 61.000000 33.564442
v 101.038805 60.968477 33.476010
v 100.224221 60.874999 33.389437
v 99.436296 60.721200 33.305697
v 98.684209 60.508715 33.225765
v 97.977883 60.239488 33.150697
v 97.334522 59.919613 33.082321
v 96.763669 59.554258 33.021651
v 96.272170 59.147709 32.969415
v 96.272170 51.000000 32.969415
v 74.959617 25.888480 32.287761
v 82.460573 25.198603 36.529685
v 74.302017 25.914414 35.662599
v 74.670508 25.914414 32.195407
v 101.444758 70.997336 38.547314
v 85.541762 59.437780 36.857153
v 74.862542 26.500000 32.256751
v 76.111935 29.857323 31.212031
v 75.957054 29.501433 31.533913
v 75.795096 29.108217 31.803312
v 75.627657 28.681517 32.017448
v 75.458433 28.230910 32.172116
v 75.289931 27.763561 32.266575
v 75.124141 27.285528 32.301429
v 74.963792 26.805338 32.278207
v 87.300366 24.773971 37.044056
v 88.853843 24.684036 32.181000
v 93.238239 24.299360 32.646971
v 92.709818 24.299360 37.618969
v 97.103950 41.000000 33.057816
v 96.575529 41.000000 38.029815
v 94.593975 41.000000 32.791058
v 88.853843 31.000000 32.181000
v 94.593975 31.000000 32.791058
v 96.085523 41.000000 37.977737
v 100.883193 41.000000 1.904010
v 100.883193 41.000000 -13.514301
v 105.000000 41.000000 -25.000000
v 92.734807 41.000000 -42.054157
v 92.734807 41.000000 -52.837274
v 105.000000 41.000000 -52.837274
v 115.000000 41.000000 -25.000000
v 110.000000 41.000000 5.000000
v 98.867404 41.000000 39.250546
v 100.883193 31.000000 1.904010
v 99.596918 31.000000 -1.449498
v 87.627654 31.000000 -4.486640
v 86.668594 31.000000 -4.090797
v 85.720768 31.000000 -3.553803
v 87.434677 31.000000 -16.729475
v 71.231646 31.000000 -27.909567
v 66.532767 31.000000 -33.418597
v 71.231646 31.000000 -40.228567
v 81.925646 31.000000 -36.823582
v 100.883193 31.000000 -21.590384
v 87.300366 31.000000 37.044056
v 86.699000 31.000000 38.926592
v 86.699000 21.000000 38.926592
v 99.596918 21.000000 -1.449498
v 107.366906 61.000000 17.757280
v 112.862940 61.000000 1.950118
v 112.849985 60.999990 1.942225
v 111.879658 60.939593 1.351058
v 110.921159 60.758890 0.767097
v 109.985567 60.448571 0.197093
v 109.097692 59.994332 -0.343841
v 108.693826 59.715949 -0.589894
v 108.332238 59.411570 -0.810190
v 108.015208 59.083327 -1.003339
v 107.742749 58.729961 -1.169334
v 107.512760 58.340927 -1.309453
v 107.335262 57.916516 -1.417593
v 107.222946 57.466592 -1.486021
v 107.184184 57.000000 -1.509636
v 101.485384 57.000000 14.880702
v 95.786584 57.000000 31.271040
v 95.798688 57.352823 31.313372
v 95.832923 57.688445 31.433113
v 95.884499 57.996540 31.613504
v 95.948237 58.273760 31.836434
v 96.101464 58.755081 32.372355
v 111.570744 60.978213 3.603639
v 109.715735 60.978213 8.938835
v 105.401263 57.611166 3.850624
v 103.546255 57.611166 9.185819
v 103.779708 60.978213 26.011461
v 98.352231 57.611166 24.124367
v 103.122701 60.909734 25.783025
v 102.460137 60.790800 25.552656
v 101.805356 60.619245 25.324994
v 101.172850 60.394897 25.105076
v 100.577361 60.119841 24.898029
v 100.032845 59.798460 24.708704
v 99.551436 59.437241 24.541322
v 98.981974 58.857140 24.343324
v 98.581975 58.238758 24.204248
v 106.747722 60.978213 17.475148
v 106.090715 60.909734 17.246712
v 105.428150 60.790800 17.016343
v 104.773370 60.619245 16.788680
v 104.140864 60.394897 16.568763
v 103.545374 60.119841 16.361715
v 103.000858 59.798460 16.172391
v 102.519449 59.437241 16.005009
v 101.949987 58.857140 15.807011
v 101.549989 58.238758 15.667934
v 101.320245 57.611166 15.588054
v 99.836238 57.611166 19.856211
v 100.065982 58.238758 19.936091
v 100.465981 58.857140 20.075168
v 101.035442 59.437241 20.273165
v 101.516851 59.798460 20.440548
v 102.061367 60.119841 20.629872
v 102.656857 60.394897 20.836919
v 103.289363 60.619245 21.056837
v 103.944144 60.790800 21.284499
v 104.606708 60.909734 21.514868
v 105.263715 60.978213 21.743305
v 106.514268 57.611166 0.649506
v 106.744012 58.238758 0.729386
v 107.144011 58.857140 0.868463
v 107.713472 59.437241 1.066461
v 108.194881 59.798460 1.233843
v 108.739397 60.119841 1.423167
v 109.334887 60.394897 1.630215
v 109.967393 60.619245 1.850132
v 110.622174 60.790800 2.077795
v 111.284738 60.909734 2.308163
v 111.941745 60.978213 2.536600
v 109.711584 60.394897 0.546796
v 109.115449 60.119841 0.341605
v 108.570287 59.798460 0.154137
v 108.088233 59.437241 -0.011389
v 107.517831 58.857140 -0.206684
v 107.116893 58.238758 -0.343058
v 111.000161 60.790800 0.990664
v 110.344735 60.619245 0.764858
v 106.886210 57.611166 -0.420236
v 108.231728 60.978213 13.206991
v 107.574722 60.909734 12.978555
v 106.912157 60.790800 12.748186
v 106.257376 60.619245 12.520524
v 105.624870 60.394897 12.300606
v 105.029381 60.119841 12.093559
v 104.484865 59.798460 11.904234
v 104.003456 59.437241 11.736852
v 103.433994 58.857140 11.538854
v 103.033995 58.238758 11.399778
v 102.804251 57.611166 11.319898
v 106.143267 57.611166 1.716545
v 106.373010 58.238758 1.796425
v 106.773009 58.857140 1.935502
v 107.342471 59.437241 2.133500
v 107.823880 59.798460 2.300882
v 108.368396 60.119841 2.490206
v 108.963885 60.394897 2.697254
v 109.596391 60.619245 2.917171
v 110.251172 60.790800 3.144834
v 110.913737 60.909734 3.375203
v 110.828740 60.978213 5.737717
v 105.772265 57.611166 2.783584
v 106.002009 58.238758 2.863465
v 106.402007 58.857140 3.002541
v 106.971469 59.437241 3.200539
v 107.452878 59.798460 3.367921
v 107.997394 60.119841 3.557245
v 108.592884 60.394897 3.764293
v 109.225390 60.619245 3.984211
v 109.880170 60.790800 4.211873
v 110.542735 60.909734 4.442242
v 111.199742 60.978213 4.670678
v 105.631007 58.238758 3.930504
v 106.031006 58.857140 4.069580
v 106.600467 59.437241 4.267578
v 107.081876 59.798460 4.434960
v 107.626392 60.119841 4.624285
v 108.221882 60.394897 4.831332
v 108.854388 60.619245 5.051250
v 109.509169 60.790800 5.278912
v 110.171733 60.909734 5.509281
v 105.030262 57.611166 4.917663
v 105.260005 58.238758 4.997543
v 105.660004 58.857140 5.136620
v 106.229466 59.437241 5.334617
v 106.710875 59.798460 5.502000
v 107.255391 60.119841 5.691324
v 107.850880 60.394897 5.898371
v 108.483386 60.619245 6.118289
v 109.138167 60.790800 6.345951
v 109.800732 60.909734 6.576320
v 110.457738 60.978213 6.804757
v 104.288258 57.611166 7.051741
v 104.518002 58.238758 7.131621
v 104.918001 58.857140 7.270698
v 105.487462 59.437241 7.468695
v 105.968871 59.798460 7.636078
v 106.513387 60.119841 7.825402
v 107.108877 60.394897 8.032449
v 107.741383 60.619245 8.252367
v 108.396164 60.790800 8.480030
v 109.058728 60.909734 8.710398
v 103.775999 58.238758 9.265700
v 104.175997 58.857140 9.404776
v 104.745459 59.437241 9.602774
v 105.226868 59.798460 9.770156
v 105.771384 60.119841 9.959480
v 106.366874 60.394897 10.166528
v 106.999380 60.619245 10.386445
v 107.654160 60.790800 10.614108
v 108.316725 60.909734 10.844477
v 108.973732 60.978213 11.072913
v 82.460573 31.000000 36.529685
v 74.959617 21.000000 32.287761
v 95.786584 56.000000 31.271040
v 95.776804 55.459935 31.236833
v 95.747921 54.930983 31.135812
v 95.700620 54.417456 30.970375
v 95.636244 53.927869 30.745212
v 95.556734 53.469991 30.467120
v 95.463560 53.045981 30.141237
v 95.358275 52.658249 29.772996
v 95.242949 52.310277 29.369632
v 95.119044 52.002864 28.936268
v 94.987883 51.736297 28.477521
v 94.708979 51.326663 27.502033
v 94.415240 51.081522 26.474659
v 94.114478 51.000000 25.422720
v 104.126393 51.000000 -3.372581
v 108.638805 51.000000 -8.122500
v 111.397623 51.000000 -24.675406
v 102.538326 51.000000 -49.337274
v 96.234807 51.000000 -49.337274
v 96.234807 51.000000 -43.182041
v 108.915316 51.000000 -25.550408
v 101.527748 51.000000 -4.939440
v 60.828712 26.500000 27.773722
v 46.794882 26.500000 23.290693
v 46.794882 21.000000 23.290693
v 75.018522 27.638271 32.152949
v 75.135139 28.432477 31.886052
v 75.308940 29.156609 31.488282
v 75.534254 29.787945 30.972617
v 75.802494 30.302818 30.358709
v 76.104700 30.684556 29.667065
v 76.429748 30.919455 28.923143
v 76.766739 30.999988 28.151888
v 76.770909 31.000000 28.142344
v 63.105783 31.000000 23.777095
v 49.440657 31.000000 19.411846
v 49.435015 30.999990 19.420117
v 48.929131 30.915098 20.161771
v 48.441093 30.666500 20.877261
v 47.987458 30.260460 21.542313
v 47.586216 29.709640 22.130556
v 47.252974 29.030850 22.619107
v 47.002955 28.249232 22.985648
v 46.912672 27.827749 23.118007
v 46.847560 27.393504 23.213464
v 46.808134 26.949837 23.271266
v 50.596923 30.924874 20.640807
v 55.066719 30.924874 22.068659
v 51.287539 27.318834 24.646981
v 55.757336 27.318834 26.074833
v 69.370068 30.924874 26.637784
v 68.272765 27.318834 30.072817
v 69.115192 30.684047 27.435656
v 68.990309 30.497278 27.826593
v 68.869924 30.266480 28.203450
v 68.756149 29.993589 28.559617
v 68.650972 29.681981 28.888865
v 68.556151 29.336342 29.185696
v 68.473112 28.962444 29.445646
v 68.402881 28.566826 29.665499
v 68.346048 28.156426 29.843411
v 62.218394 30.924874 24.353221
v 61.963518 30.684047 25.151093
v 61.838635 30.497278 25.542031
v 61.718250 30.266480 25.918888
v 61.604475 29.993589 26.275054
v 61.499298 29.681981 26.604302
v 61.404477 29.336342 26.901134
v 61.321438 28.962444 27.161083
v 61.251207 28.566826 27.380936
v 61.194374 28.156426 27.558849
v 61.121091 27.318834 27.788255
v 64.696928 27.318834 28.930536
v 64.770211 28.156426 28.701130
v 64.827044 28.566826 28.523218
v 64.897275 28.962444 28.303364
v 64.980314 29.336342 28.043415
v 65.075135 29.681981 27.746583
v 65.180312 29.993589 27.417335
v 65.294087 30.266480 27.061169
v 65.414472 30.497278 26.684312
v 65.539355 30.684047 26.293374
v 65.794231 30.924874 25.495503
v 48.605661 27.318834 23.790270
v 48.678944 28.156426 23.560864
v 48.735777 28.566826 23.382952
v 48.806008 28.962444 23.163099
v 48.889047 29.336342 22.903149
v 48.983869 29.681981 22.606318
v 49.089045 29.993589 22.277070
v 49.202820 30.266480 21.920903
v 49.323205 30.497278 21.544046
v 49.448088 30.684047 21.153109
v 49.702964 30.924874 20.355237
v 48.429246 30.497278 21.258476
v 48.308861 30.266480 21.635333
v 48.195086 29.993589 21.991499
v 48.089909 29.681981 22.320747
v 47.995088 29.336342 22.617579
v 47.912049 28.962444 22.877528
v 47.841818 28.566826 23.097381
v 47.784985 28.156426 23.275294
v 48.554129 30.684047 20.867538
v 47.711702 27.318834 23.504700
v 58.642556 30.924874 23.210940
v 58.387681 30.684047 24.008812
v 58.262798 30.497278 24.399749
v 58.142413 30.266480 24.776606
v 58.028638 29.993589 25.132773
v 57.923461 29.681981 25.462021
v 57.828640 29.336342 25.758852
v 57.745601 28.962444 26.018802
v 57.675370 28.566826 26.238655
v 57.618537 28.156426 26.416567
v 57.545254 27.318834 26.645974
v 56.854638 30.924874 22.639799
v 56.599762 30.684047 23.437671
v 56.474879 30.497278 23.828609
v 56.354495 30.266480 24.205466
v 56.240719 29.993589 24.561632
v 56.135543 29.681981 24.890880
v 56.040721 29.336342 25.187712
v 55.957682 28.962444 25.447661
v 55.887451 28.566826 25.667514
v 55.830618 28.156426 25.845427
v 53.969417 27.318834 25.503692
v 54.811844 30.684047 22.866531
v 54.686961 30.497278 23.257468
v 54.566576 30.266480 23.634325
v 54.452801 29.993589 23.990492
v 54.347624 29.681981 24.319740
v 54.252803 29.336342 24.616571
v 54.169764 28.962444 24.876520
v 54.099533 28.566826 25.096374
v 54.042700 28.156426 25.274286
v 53.278801 30.924874 21.497518
v 53.023925 30.684047 22.295390
v 52.899042 30.497278 22.686327
v 52.778657 30.266480 23.063184
v 52.664882 29.993589 23.419351
v 52.559706 29.681981 23.748599
v 52.464884 29.336342 24.045430
v 52.381845 28.962444 24.305380
v 52.311614 28.566826 24.525233
v 52.254781 28.156426 24.703145
v 49.499621 27.318834 24.075841
v 52.181498 27.318834 24.932552
v 52.384842 30.924874 21.211948
v 52.129966 30.684047 22.009820
v 52.005083 30.497278 22.400757
v 51.884698 30.266480 22.777614
v 51.770923 29.993589 23.133781
v 51.665746 29.681981 23.463029
v 51.570925 29.336342 23.759860
v 51.487886 28.962444 24.019810
v 51.417655 28.566826 24.239663
v 51.360822 28.156426 24.417575
v 51.490882 30.924874 20.926377
v 51.236007 30.684047 21.724249
v 51.111124 30.497278 22.115187
v 50.990739 30.266480 22.492044
v 50.876963 29.993589 22.848210
v 50.771787 29.681981 23.177458
v 50.676966 29.336342 23.474290
v 50.593926 28.962444 23.734239
v 50.523696 28.566826 23.954092
v 50.466862 28.156426 24.132005
v 50.393580 27.318834 24.361411
v 50.342047 30.684047 21.438679
v 50.217165 30.497278 21.829616
v 50.096780 30.266480 22.206473
v 49.983004 29.993589 22.562640
v 49.877828 29.681981 22.891888
v 49.783007 29.336342 23.188720
v 49.699967 28.962444 23.448669
v 49.629736 28.566826 23.668522
v 49.572903 28.156426 23.846434
v 80.502977 30.972548 30.823060
v 80.747283 31.000000 30.391054
v 77.361927 30.924874 29.417276
v 78.853068 30.924874 30.260542
v 75.701609 29.681981 31.193190
v 75.871751 29.993589 30.892328
v 76.055805 30.266480 30.566869
v 76.250550 30.497278 30.222503
v 76.452571 30.684047 29.865270
v 76.864881 30.924874 29.136187
v 75.437788 29.035162 31.659702
v 75.240594 28.313238 32.008397
v 75.114780 27.556988 32.230874
v 76.552851 30.266480 30.847958
v 76.747597 30.497278 30.503591
v 76.949618 30.684047 30.146359
v 78.356021 30.924874 29.979454
v 77.858974 30.924874 29.698365
v 77.446665 30.684047 30.427448
v 77.244643 30.497278 30.784680
v 77.943711 30.684047 30.708536
v 78.440758 30.684047 30.989625
v 79.350114 30.924874 30.541631
v 81.562004 31.174845 30.855698
v 81.155378 31.043190 30.622077
v 80.895825 30.995287 31.054281
v 80.699441 30.973869 30.938597
v 81.103265 31.040036 31.177173
v 98.955066 60.930715 38.282711
v 97.754836 60.722189 38.155151
v 97.947713 60.810611 38.829755
v 120.000000 57.000000 -15.000000
v 113.592092 57.000000 -8.254818
v 119.473548 61.000000 -5.008434
v 126.084157 61.000000 -11.966985
v 126.070402 60.999990 -11.973842
v 125.036357 60.940249 -12.489324
v 124.014045 60.761346 -12.998957
v 123.015208 60.453906 -13.496888
v 122.063920 60.002352 -13.971114
v 121.627733 59.723266 -14.188558
v 121.237533 59.418118 -14.383077
v 120.895789 59.089190 -14.553440
v 120.603059 58.736274 -14.699369
v 120.355644 58.347580 -14.822708
v 120.163944 57.922310 -14.918272
v 120.042113 57.469851 -14.979006
v 123.819538 60.978213 -10.566833
v 122.046104 60.978213 -8.700056
v 118.766837 57.611166 -13.591120
v 116.725803 60.978213 -3.099725
v 116.106686 57.611166 -10.790955
v 110.786384 57.611166 -5.190625
v 119.829899 58.238758 -14.356981
v 119.386540 58.238758 -13.890287
v 120.136927 58.857140 -14.065305
v 120.574030 59.437241 -13.650058
v 120.943547 59.798460 -13.299018
v 121.361503 60.119841 -12.901961
v 121.818584 60.394897 -12.467734
v 122.304079 60.619245 -12.006516
v 122.806671 60.790800 -11.529054
v 123.315238 60.909734 -11.045917
v 122.932821 60.978213 -9.633444
v 124.706255 60.978213 -11.500221
v 124.201955 60.909734 -11.979306
v 123.693388 60.790800 -12.462443
v 123.190796 60.619245 -12.939904
v 122.705301 60.394897 -13.401123
v 122.248220 60.119841 -13.835349
v 119.653554 57.611166 -14.524509
v 112.559818 57.611166 -7.057402
v 112.736163 58.238758 -6.889874
v 113.043191 58.857140 -6.598198
v 113.480295 59.437241 -6.182951
v 113.849811 59.798460 -5.831911
v 114.267767 60.119841 -5.434854
v 114.724849 60.394897 -5.000627
v 115.210344 60.619245 -4.539408
v 115.712935 60.790800 -4.061947
v 116.221502 60.909734 -3.578810
v 118.499237 60.978213 -4.966502
v 117.994936 60.909734 -5.445587
v 117.486369 60.790800 -5.928724
v 116.983777 60.619245 -6.406185
v 116.498283 60.394897 -6.867404
v 116.041201 60.119841 -7.301631
v 115.623245 59.798460 -7.698688
v 115.253729 59.437241 -8.049728
v 114.816625 58.857140 -8.464975
v 114.509597 58.238758 -8.756651
v 114.333252 57.611166 -8.924178
v 114.952369 60.978213 -1.232948
v 114.448068 60.909734 -1.712033
v 113.939502 60.790800 -2.195170
v 113.436910 60.619245 -2.672631
v 112.951415 60.394897 -3.133850
v 112.494333 60.119841 -3.568077
v 112.076378 59.798460 -3.965134
v 111.706861 59.437241 -4.316174
v 111.269758 58.857140 -4.731421
v 110.962729 58.238758 -5.023097
v 120.272671 60.978213 -6.833279
v 119.768370 60.909734 -7.312364
v 119.259803 60.790800 -7.795501
v 118.757211 60.619245 -8.272962
v 118.271717 60.394897 -8.734181
v 117.814635 60.119841 -9.168407
v 117.396679 59.798460 -9.565464
v 117.027163 59.437241 -9.916504
v 116.590059 58.857140 -10.331752
v 116.283031 58.238758 -10.623428
v 116.993403 57.611166 -11.724344
v 121.159388 60.978213 -7.766667
v 120.655087 60.909734 -8.245752
v 120.146520 60.790800 -8.728889
v 119.643928 60.619245 -9.206350
v 119.158434 60.394897 -9.667569
v 118.701352 60.119841 -10.101796
v 118.283396 59.798460 -10.498853
v 117.913880 59.437241 -10.849893
v 117.476776 58.857140 -11.265140
v 117.169748 58.238758 -11.556816
v 121.541804 60.909734 -9.179140
v 121.033237 60.790800 -9.662278
v 120.530645 60.619245 -10.139739
v 120.045151 60.394897 -10.600958
v 119.588069 60.119841 -11.035184
v 119.170113 59.798460 -11.432241
v 118.800597 59.437241 -11.783281
v 118.363493 58.857140 -12.198528
v 118.056465 58.238758 -12.490205
v 117.880120 57.611166 -12.657732
v 122.428521 60.909734 -10.112529
v 121.919954 60.790800 -10.595666
v 121.417362 60.619245 -11.073127
v 120.931867 60.394897 -11.534346
v 120.474786 60.119841 -11.968573
v 120.056830 59.798460 -12.365630
v 119.687313 59.437241 -12.716670
v 119.250210 58.857140 -13.131917
v 118.943182 58.238758 -13.423593
v 123.376180 60.978213 -10.100138
v 122.871879 60.909734 -10.579223
v 122.363312 60.790800 -11.062360
v 121.860721 60.619245 -11.539821
v 121.375226 60.394897 -12.001040
v 120.918144 60.119841 -12.435267
v 120.500188 59.798460 -12.832324
v 120.130672 59.437241 -13.183364
v 119.693569 58.857140 -13.598611
v 119.210195 57.611166 -14.057815
v 122.181428 57.000000 -28.088568
v 121.090714 57.000000 -21.544284
v 127.432016 61.000000 -20.054141
v 128.779875 61.000000 -28.141296
v 128.764602 60.999989 -28.141174
v 127.634982 60.939340 -28.132147
v 126.519459 60.757972 -28.123233
v 125.431019 60.446614 -28.114536
v 124.399440 59.991433 -28.106292
v 123.931496 59.713281 -28.102553
v 123.512384 59.409133 -28.099204
v 123.144812 59.081110 -28.096267
v 122.828550 58.727555 -28.093739
v 122.561767 58.338455 -28.091608
v 122.356154 57.914405 -28.089965
v 122.226238 57.465412 -28.088926
v 127.774633 60.978213 -26.230887
v 127.437668 60.978213 -24.209098
v 122.022391 57.611166 -26.670106
v 121.601185 57.611166 -24.142870
v 126.089809 60.978213 -16.121942
v 120.758773 57.611166 -19.088398
v 122.106632 57.611166 -27.175554
v 122.346557 58.238758 -27.135566
v 122.764282 58.857140 -27.065945
v 123.358980 59.437241 -26.966829
v 123.861723 59.798460 -26.883038
v 124.430370 60.119841 -26.788264
v 125.052249 60.394897 -26.684617
v 125.712785 60.619245 -26.574528
v 126.396583 60.790800 -26.460562
v 127.088510 60.909734 -26.345241
v 127.606150 60.978213 -25.219992
v 127.943107 60.978213 -27.241734
v 127.256977 60.909734 -27.356042
v 126.565042 60.790800 -27.471316
v 125.881237 60.619245 -27.585235
v 125.220693 60.394897 -27.695278
v 124.598806 60.119841 -27.798878
v 122.932691 58.857140 -28.076398
v 124.030151 59.798460 -27.893606
v 123.527400 59.437241 -27.977349
v 121.095737 57.611166 -21.110187
v 121.335663 58.238758 -21.070199
v 121.753388 58.857140 -21.000579
v 122.348085 59.437241 -20.901462
v 122.850829 59.798460 -20.817672
v 123.419475 60.119841 -20.722897
v 124.041355 60.394897 -20.619251
v 124.701891 60.619245 -20.509161
v 125.385689 60.790800 -20.395195
v 126.077615 60.909734 -20.279874
v 126.763738 60.978213 -20.165520
v 127.100703 60.978213 -22.187309
v 126.414580 60.909734 -22.301663
v 125.722654 60.790800 -22.416984
v 125.038856 60.619245 -22.530950
v 124.378319 60.394897 -22.641040
v 123.756440 60.119841 -22.744686
v 123.187793 59.798460 -22.839461
v 122.685050 59.437241 -22.923251
v 122.090352 58.857140 -23.022368
v 121.672627 58.238758 -23.091988
v 121.432702 57.611166 -23.131976
v 125.403686 60.909734 -16.236296
v 124.711759 60.790800 -16.351617
v 124.027961 60.619245 -16.465584
v 123.367425 60.394897 -16.575673
v 122.745546 60.119841 -16.679320
v 122.176899 59.798460 -16.774094
v 121.674156 59.437241 -16.857885
v 121.079458 58.857140 -16.957001
v 120.661733 58.238758 -17.026622
v 120.421808 57.611166 -17.066609
v 126.426774 60.978213 -18.143731
v 125.740651 60.909734 -18.258085
v 125.048724 60.790800 -18.373406
v 124.364926 60.619245 -18.487373
v 123.704390 60.394897 -18.597462
v 123.082511 60.119841 -18.701108
v 122.513864 59.798460 -18.795883
v 122.011121 59.437241 -18.879673
v 121.416423 58.857140 -18.978790
v 120.998698 58.238758 -19.048411
v 127.269186 60.978213 -23.198203
v 126.583063 60.909734 -23.312557
v 125.891136 60.790800 -23.427878
v 125.207338 60.619245 -23.541845
v 124.546802 60.394897 -23.651934
v 123.924923 60.119841 -23.755581
v 123.356276 59.798460 -23.850355
v 122.853533 59.437241 -23.934146
v 122.258835 58.857140 -24.033262
v 121.841110 58.238758 -24.102883
v 121.769667 57.611166 -25.153765
v 126.751545 60.909734 -24.323452
v 126.059618 60.790800 -24.438773
v 125.375821 60.619245 -24.552739
v 124.715284 60.394897 -24.662829
v 124.093405 60.119841 -24.766475
v 123.524758 59.798460 -24.861250
v 123.022015 59.437241 -24.945040
v 122.427317 58.857140 -25.044156
v 122.009592 58.238758 -25.113777
v 126.920028 60.909734 -25.334346
v 126.228101 60.790800 -25.449667
v 125.544303 60.619245 -25.563634
v 124.883767 60.394897 -25.673723
v 124.261887 60.119841 -25.777369
v 123.693241 59.798460 -25.872144
v 123.190497 59.437241 -25.955934
v 122.595800 58.857140 -26.055051
v 122.178075 58.238758 -26.124672
v 121.938149 57.611166 -26.164659
v 127.690392 60.978213 -25.725440
v 127.004269 60.909734 -25.839793
v 126.312342 60.790800 -25.955114
v 125.628544 60.619245 -26.069081
v 124.968008 60.394897 -26.179170
v 124.346129 60.119841 -26.282817
v 123.777482 59.798460 -26.377591
v 123.274739 59.437241 -26.461382
v 122.680041 58.857140 -26.560498
v 122.262316 58.238758 -26.630119
v 120.000000 57.000000 -40.000000
v 121.090714 57.000000 -34.044284
v 127.564584 61.000000 -34.777254
v 127.547726 60.999990 -34.788893
v 126.288623 60.942757 -35.658204
v 125.029516 60.768835 -36.527517
v 123.803773 60.470641 -37.373796
v 123.226793 60.277111 -37.772155
v 122.687391 60.057790 -38.144570
v 122.188180 59.813996 -38.489235
v 121.731778 59.547047 -38.804344
v 121.316421 59.254827 -39.091115
v 120.923304 58.915103 -39.362532
v 120.569701 58.522905 -39.606667
v 120.276971 58.072493 -39.808773
v 120.073848 57.557560 -39.949014
v 120.018929 57.282818 -39.986931
v 120.447917 57.611166 -37.977870
v 120.820762 57.611166 -35.941991
v 127.218634 60.978213 -32.905360
v 121.566453 57.611166 -31.870234
v 120.224210 57.611166 -39.199397
v 120.463465 58.238758 -39.243214
v 121.029162 58.857140 -38.505150
v 121.268177 57.611166 -33.498937
v 121.507432 58.238758 -33.542754
v 121.923991 58.857140 -33.619041
v 122.517029 59.437241 -33.727649
v 123.018369 59.798460 -33.819463
v 123.585429 60.119841 -33.923312
v 124.205572 60.394897 -34.036884
v 124.864265 60.619245 -34.157515
v 125.546154 60.790800 -34.282394
v 126.236150 60.909734 -34.408758
v 126.920358 60.978213 -34.534062
v 125.247878 60.790800 -35.911097
v 124.565989 60.619245 -35.786218
v 123.907296 60.394897 -35.665587
v 123.287153 60.119841 -35.552015
v 122.720093 59.798460 -35.448165
v 122.218753 59.437241 -35.356351
v 121.625715 58.857140 -35.247744
v 121.209156 58.238758 -35.171456
v 120.969901 57.611166 -35.127640
v 127.516910 60.978213 -31.276657
v 126.832702 60.909734 -31.151353
v 126.142707 60.790800 -31.024989
v 125.460818 60.619245 -30.900109
v 124.802125 60.394897 -30.779478
v 124.181982 60.119841 -30.665907
v 123.614922 59.798460 -30.562057
v 123.113582 59.437241 -30.470243
v 122.520544 58.857140 -30.361635
v 122.103985 58.238758 -30.285348
v 121.864730 57.611166 -30.241531
v 124.416851 60.619245 -36.600569
v 123.758158 60.394897 -36.479938
v 123.138015 60.119841 -36.366367
v 122.570955 59.798460 -36.262517
v 122.069615 59.437241 -36.170703
v 121.476577 58.857140 -36.062095
v 121.060018 58.238758 -35.985808
v 120.671624 57.611166 -36.756343
v 120.910880 58.238758 -36.800159
v 121.327439 58.857140 -36.876447
v 121.920477 59.437241 -36.985054
v 122.421817 59.798460 -37.076868
v 122.988876 60.119841 -37.180718
v 123.609020 60.394897 -37.294290
v 122.272679 59.798460 -37.891220
v 121.771339 59.437241 -37.799406
v 121.178301 58.857140 -37.690798
v 120.761742 58.238758 -37.614511
v 120.522486 57.611166 -37.570694
v 122.839738 60.119841 -37.995070
v 122.198109 59.798460 -38.298395
v 121.696770 59.437241 -38.206581
v 121.103732 58.857140 -38.097974
v 120.687173 58.238758 -38.021686
v 121.622200 59.437241 -38.613757
v 120.612603 58.238758 -38.428862
v 120.373348 57.611166 -38.385046
v 120.880024 58.857140 -39.319501
v 126.534426 60.909734 -32.780056
v 125.844431 60.790800 -32.653692
v 125.162541 60.619245 -32.528812
v 124.503849 60.394897 -32.408181
v 123.883705 60.119841 -32.294610
v 123.316646 59.798460 -32.190760
v 122.815306 59.437241 -32.098946
v 122.222268 58.857140 -31.990338
v 121.805709 58.238758 -31.914051
v 130.036550 61.000000 -35.229963
v 129.817787 60.929626 -36.424494
v 129.607691 60.722118 -37.571695
v 129.411722 60.382893 -38.641765
v 129.237276 59.923153 -39.594303
v 129.160499 59.654010 -40.013535
v 129.091376 59.361072 -40.390977
v 129.030174 59.044710 -40.725162
v 128.976042 58.695685 -41.020740
v 128.930468 58.312625 -41.269592
v 128.895456 57.897056 -41.460772
v 128.873255 57.455705 -41.582000
v 128.865631 57.000000 -41.623628
v 124.432815 57.000000 -40.811814
v 128.806301 60.978213 -35.693422
v 126.108870 57.611166 -41.041173
v 122.230156 57.611166 -40.330835
v 127.698097 60.978213 -35.490469
v 127.572793 60.909734 -36.174677
v 127.446429 60.790800 -36.864672
v 127.321550 60.619245 -37.546561
v 127.200918 60.394897 -38.205254
v 127.087347 60.119841 -38.825397
v 126.983497 59.798460 -39.392457
v 126.891683 59.437241 -39.893797
v 126.783076 58.857140 -40.486835
v 126.706788 58.238758 -40.903394
v 126.662972 57.611166 -41.142650
v 126.152686 58.238758 -40.801917
v 126.228974 58.857140 -40.385358
v 126.337581 59.437241 -39.792320
v 126.429395 59.798460 -39.290980
v 126.533245 60.119841 -38.723921
v 126.646817 60.394897 -38.103777
v 126.767448 60.619245 -37.445085
v 126.892327 60.790800 -36.763195
v 127.018691 60.909734 -36.073200
v 127.143995 60.978213 -35.388992
v 127.771176 57.611166 -41.345603
v 127.814992 58.238758 -41.106348
v 127.891280 58.857140 -40.689789
v 127.999887 59.437241 -40.096751
v 128.091701 59.798460 -39.595411
v 128.195551 60.119841 -39.028351
v 128.309122 60.394897 -38.408208
v 128.429754 60.619245 -37.749515
v 128.554633 60.790800 -37.067626
v 128.680997 60.909734 -36.377630
v 123.338360 57.611166 -40.533789
v 123.382177 58.238758 -40.294533
v 123.458464 58.857140 -39.877974
v 123.567072 59.437241 -39.284936
v 123.658886 59.798460 -38.783597
v 123.762735 60.119841 -38.216537
v 123.876307 60.394897 -37.596393
v 125.230021 60.790800 -36.458765
v 125.105142 60.619245 -37.140654
v 124.984511 60.394897 -37.799347
v 124.870939 60.119841 -38.419490
v 124.767090 59.798460 -38.986550
v 124.675275 59.437241 -39.487890
v 124.566668 58.857140 -40.080928
v 124.490381 58.238758 -40.497487
v 124.446564 57.611166 -40.736742
v 122.550682 59.798460 -38.580643
v 122.458868 59.437241 -39.081983
v 122.350260 58.857140 -39.675021
v 122.273973 58.238758 -40.091580
v 126.464589 60.909734 -35.971723
v 126.338225 60.790800 -36.661719
v 126.213346 60.619245 -37.343608
v 126.092715 60.394897 -38.002300
v 125.979143 60.119841 -38.622444
v 125.875293 59.798460 -39.189504
v 125.783479 59.437241 -39.690843
v 125.674872 58.857140 -40.283881
v 125.598584 58.238758 -40.700440
v 125.554768 57.611166 -40.939696
v 132.805644 61.000000 -20.109649
v 132.805644 51.000000 -20.109649
v 128.865631 51.000000 -41.623628
v 120.000000 61.000000 1.940961
v 97.947713 51.000000 38.829755
v 99.230622 51.000000 38.133070
v 105.000000 51.000000 35.000000
v 98.126366 47.500000 -5.822883
v 100.770869 50.912248 -5.136025
v 100.051944 50.653391 -5.322752
v 99.407021 50.236410 -5.490258
v 98.868440 49.682214 -5.630144
v 98.463209 49.018593 -5.735395
v 98.211646 48.278823 -5.800733
v 95.873158 48.278823 8.324351
v 96.128539 49.018593 8.366631
v 96.539920 49.682214 8.434737
v 97.086673 50.236410 8.525255
v 97.741383 50.653391 8.633646
v 98.471218 50.912248 8.754475
v 108.151475 50.932748 -25.443029
v 107.416989 50.733578 -25.339776
v 106.740083 50.410144 -25.244618
v 106.146769 49.974874 -25.161211
v 105.659850 49.444496 -25.092760
v 105.298036 48.839392 -25.041897
v 105.075232 48.182816 -25.010576
v 105.000000 47.500000 -25.000000
v 104.435066 50.912248 -15.358961
v 103.738678 50.653391 -15.608567
v 103.113973 50.236410 -15.832479
v 102.592276 49.682214 -16.019470
v 102.199748 49.018593 -16.160164
v 101.956071 48.278823 -16.247504
v 95.455984 50.912248 -42.931063
v 94.716214 50.653391 -42.692670
v 94.052593 50.236410 -42.478817
v 93.498397 49.682214 -42.300226
v 93.081416 49.018593 -42.165853
v 92.822560 48.278823 -42.082435
v 92.734807 47.500000 -42.054157
v 101.613507 50.912248 -34.369325
v 101.012928 50.653391 -33.937394
v 100.474170 50.236410 -33.549924
v 100.024249 49.682214 -33.226345
v 99.685725 49.018593 -32.982882
v 99.475573 48.278823 -32.831742
v 92.734807 47.500000 -52.837274
v 95.551991 50.932748 -50.020090
v 94.895415 50.733578 -50.676666
v 94.290312 50.410144 -51.281770
v 93.759934 49.974874 -51.812148
v 93.324664 49.444496 -52.247418
v 93.001229 48.839392 -52.570852
v 92.885516 48.515996 -52.686565
v 92.802059 48.182816 -52.770022
v 92.751661 47.843060 -52.820421
v 105.000000 47.500000 -52.837274
v 103.018575 50.932748 -50.020090
v 103.480368 50.733578 -50.676666
v 103.905959 50.410144 -51.281770
v 104.278992 49.974874 -51.812148
v 104.585133 49.444496 -52.247418
v 104.812616 48.839392 -52.570852
v 104.952700 48.182816 -52.770022
v 115.000000 47.500000 -25.000000
v 112.199227 50.912248 -24.747635
v 112.960636 50.653391 -24.816242
v 113.643668 50.236410 -24.877787
v 114.214075 49.682214 -24.929184
v 114.643253 49.018593 -24.967855
v 114.909681 48.278823 -24.991862
v 109.917415 48.278823 -38.888970
v 109.673800 49.018593 -38.801456
v 109.281372 49.682214 -38.660484
v 108.759808 50.236410 -38.473122
v 108.135262 50.653391 -38.248766
v 107.439052 50.912248 -37.998666
v 109.722753 51.000000 -4.181820
v 110.102920 51.000000 -2.538753
v 110.393929 51.000000 -0.874435
v 110.486533 51.000000 -0.043455
v 110.531522 51.000000 0.797557
v 110.514698 51.000000 1.641187
v 110.420993 51.000000 2.474040
v 110.505522 50.545589 1.966869
v 110.595036 50.126954 1.429786
v 110.786162 49.394064 0.283029
v 110.989180 48.793696 -0.935077
v 111.200980 48.316575 -2.205882
v 111.418972 47.954526 -3.513833
v 111.640917 47.700138 -4.845503
v 111.865429 47.549566 -6.192575
v 112.091184 47.500000 -7.547103
v 112.004626 48.278823 -7.561529
v 111.749291 49.018593 -7.604085
v 111.337983 49.682214 -7.672636
v 110.791328 50.236410 -7.763746
v 110.136736 50.653391 -7.872844
v 109.407032 50.912248 -7.994462
v 107.868243 51.039777 -6.666953
v 107.115295 51.166398 -5.218579
v 106.397949 51.393518 -3.786435
v 105.736212 51.749015 -2.391806
v 105.809777 51.829943 -2.334006
v 105.871884 51.909966 -2.262527
v 105.973534 52.072487 -2.089911
v 106.123486 52.427409 -1.660290
v 106.232856 52.856074 -1.143907
v 106.311747 53.371969 -0.591280
v 107.142637 52.774759 -1.465902
v 108.011626 52.194057 -2.380629
v 108.886197 51.607794 -3.301233
v 110.605348 50.539157 -1.139936
v 110.750417 49.990231 0.244231
v 106.126910 51.877652 -2.537996
v 107.329113 51.277975 -4.982093
v 111.408469 48.396722 -3.635199
v 111.336443 48.835000 -3.748664
v 111.157113 49.381639 -3.905097
v 110.884696 49.886426 -4.067356
v 110.527710 50.335282 -4.230763
v 110.096893 50.715193 -4.390514
v 109.831984 50.890537 -4.475257
v 109.550560 51.039909 -4.556740
v 109.253472 51.162867 -4.634719
v 108.945030 51.257341 -4.707996
v 108.627921 51.322225 -4.775868
v 108.304870 51.356634 -4.837676
v 107.978766 51.360573 -4.892938
v 107.652538 51.334276 -4.941222
v 106.826108 51.473797 -3.976799
v 107.162341 51.562912 -3.949513
v 107.504388 51.619961 -3.910910
v 107.848830 51.644375 -3.861378
v 108.192249 51.635588 -3.801306
v 108.531259 51.593308 -3.731164
v 108.862600 51.518333 -3.651754
v 110.243559 50.740076 -3.170569
v 110.632190 50.291992 -2.961282
v 110.927896 49.780205 -2.746943
v 111.120388 49.220520 -2.534366
v 111.195187 48.769558 -2.376468
v 110.450884 50.646372 -2.180963
v 110.763552 50.134497 -1.924663
v 110.965330 49.570489 -1.666057
v 111.041692 49.114338 -1.471380
v 110.893177 49.520077 -0.596301
v 110.815793 49.976695 -0.831289
v 110.672341 50.442699 -0.033121
v 110.538508 50.962789 0.708978
v 110.615825 50.524007 1.036068
v 110.524253 50.951901 1.574479
v 111.626453 48.125983 -4.923005
v 111.557725 48.546932 -4.997489
v 111.391853 49.074428 -5.104121
v 111.142643 49.566045 -5.219276
v 110.817044 50.009492 -5.339958
v 110.423784 50.393293 -5.462992
v 110.181451 50.575272 -5.530645
v 109.923388 50.734583 -5.597528
v 109.650110 50.870884 -5.663502
v 109.365305 50.982067 -5.727637
v 109.071175 51.067041 -5.789401
v 108.769966 51.124886 -5.848283
v 108.464097 51.155395 -5.903847
v 108.156035 51.158542 -5.955677
v 107.848245 51.134299 -6.003358
v 108.377120 51.038899 -7.036189
v 108.666705 51.033184 -6.987266
v 108.954528 51.003065 -6.936837
v 109.238553 50.948755 -6.885257
v 109.516742 50.870465 -6.832881
v 109.787103 50.768547 -6.780067
v 110.047818 50.643903 -6.727183
v 110.297112 50.497568 -6.674601
v 110.531857 50.331622 -6.622997
v 110.751815 50.146281 -6.572424
v 111.108110 49.764356 -6.484424
v 111.402960 49.331811 -6.402915
v 111.629372 48.858547 -6.329792
v 111.781746 48.355077 -6.266758
v 111.846793 47.955065 -6.226010
v 106.468411 51.657276 -3.248043
v 106.812276 51.769791 -3.235625
v 107.164444 51.849207 -3.208613
v 107.521123 51.894672 -3.167301
v 107.878523 51.905335 -3.111981
v 108.232875 51.880657 -3.043068
v 107.945602 52.198856 -2.393867
v 107.576632 52.206186 -2.458373
v 107.206115 52.176790 -2.505283
v 106.838209 52.111469 -2.534285
v 106.477085 52.011373 -2.545237
v 106.158617 52.291505 -1.880430
v 106.526926 52.410203 -1.889045
v 106.904448 52.493980 -1.875536
v 107.286649 52.541385 -1.839801
v 106.236130 52.745895 -1.283702
v 106.622237 52.844759 -1.290306
v 106.432438 53.118541 -0.899345
v 110.000000 51.000000 5.000000
v 107.184184 56.000000 -1.509636
v 107.120459 55.263639 -1.442556
v 106.938521 54.565582 -1.251042
v 106.661402 53.933023 -0.959337
v 105.382530 51.441344 -2.607285
v 104.991447 51.204255 -2.845551
v 104.570399 51.052992 -3.102073
v 104.132551 51.000010 -3.368829
v 101.485384 56.000000 14.880702
v 95.912739 51.062389 21.929075
v 96.807098 54.967386 28.106180
v 101.735581 51.062389 5.181979
v 98.626737 54.967386 22.872712
v 104.449579 54.967386 6.125616
v 102.269960 51.261437 5.367779
v 102.794770 51.607863 5.550251
v 103.283674 52.099942 5.720239
v 103.570817 52.492267 5.820077
v 103.825574 52.932440 5.908654
v 104.043141 53.410968 5.984301
v 104.220339 53.917096 6.045911
v 97.898881 54.967386 24.966099
v 97.669641 53.917096 24.886394
v 97.492444 53.410968 24.824784
v 97.274876 52.932440 24.749137
v 97.020119 52.492267 24.660560
v 96.732976 52.099942 24.560722
v 96.244072 51.607863 24.390734
v 95.719263 51.261437 24.208262
v 95.184884 51.062389 24.022462
v 94.991407 51.261437 26.301649
v 95.516217 51.607863 26.484121
v 96.005121 52.099942 26.654109
v 96.292264 52.492267 26.753947
v 96.547021 52.932440 26.842524
v 96.764589 53.410968 26.918171
v 96.941786 53.917096 26.979781
v 97.171026 54.967386 27.059486
v 94.457029 51.062389 26.115849
v 95.641193 52.099942 27.700803
v 95.928336 52.492267 27.800641
v 96.183093 52.932440 27.889218
v 96.400661 53.410968 27.964864
v 96.577859 53.917096 28.026475
v 95.152289 51.607863 27.530815
v 95.564409 52.492267 28.847334
v 95.819166 52.932440 28.935911
v 96.036733 53.410968 29.011558
v 96.213931 53.917096 29.073168
v 96.443171 54.967386 29.152873
v 95.277265 52.099942 28.747496
v 95.672806 53.410968 30.058251
v 95.850003 53.917096 30.119862
v 95.455238 52.932440 29.982605
v 96.079243 54.967386 30.199567
v 101.538158 54.967386 14.499164
v 101.308918 53.917096 14.419459
v 101.131720 53.410968 14.357849
v 100.914153 52.932440 14.282202
v 100.659396 52.492267 14.193625
v 100.372252 52.099942 14.093787
v 99.883349 51.607863 13.923799
v 99.358539 51.261437 13.741327
v 98.824160 51.062389 13.555527
v 97.368450 51.062389 17.742301
v 97.902829 51.261437 17.928101
v 98.427638 51.607863 18.110573
v 98.916542 52.099942 18.280561
v 99.203685 52.492267 18.380399
v 99.458442 52.932440 18.468976
v 99.676010 53.410968 18.544623
v 99.853207 53.917096 18.606233
v 100.082447 54.967386 18.685938
v 96.447118 51.261437 22.114875
v 96.971927 51.607863 22.297347
v 97.460831 52.099942 22.467335
v 97.747975 52.492267 22.567173
v 98.002731 52.932440 22.655750
v 98.220299 53.410968 22.731397
v 98.397497 53.917096 22.793007
v 105.020730 51.042536 -3.652551
v 106.712884 51.042536 -5.433770
v 105.417123 51.412029 -2.711185
v 105.078180 51.177312 -3.033179
v 104.738704 51.042536 -3.355681
v 105.584781 51.042536 -4.246291
v 105.924257 51.177312 -3.923789
v 106.263200 51.412029 -3.601794
v 106.488309 51.177312 -4.517529
v 106.148833 51.042536 -4.840030
v 107.052360 51.177312 -5.111268
v 105.302755 51.042536 -3.949421
v 105.642232 51.177312 -3.626919
v 105.981174 51.412029 -3.304924
v 105.360206 51.177312 -3.330049
v 105.699148 51.412029 -3.008054
v 84.842192 37.000000 3.200253
v 88.140763 37.000000 5.811255
v 91.439335 37.000000 8.422256
v 91.465888 37.804115 8.339133
v 91.544029 38.572255 8.094520
v 91.668982 39.269579 7.703360
v 91.834578 39.871636 7.184975
v 92.032466 40.356343 6.565499
v 92.255016 40.711476 5.868820
v 92.493481 40.927468 5.122322
v 92.740069 41.000000 4.350393
v 89.100985 41.000000 1.469857
v 89.091456 40.999990 1.473728
v 88.309894 40.930385 1.791286
v 87.549313 40.725057 2.100318
v 86.831987 40.385022 2.391776
v 86.183842 39.914316 2.655125
v 85.631122 39.319242 2.879702
v 85.205759 38.617179 3.052532
v 85.049076 38.231562 3.116193
v 84.935038 37.830699 3.162528
v 84.865628 37.419112 3.190731
v 85.709310 37.727852 3.801458
v 89.346977 40.933221 2.592851
v 86.945245 37.727852 4.779769
v 89.831495 37.727852 7.064395
v 85.295959 37.727852 3.474268
v 85.428821 38.472379 3.306419
v 85.659188 39.188839 3.015389
v 89.006852 37.727852 6.411645
v 89.139714 38.472379 6.243796
v 89.370081 39.188839 5.952765
v 89.692542 39.828427 5.545388
v 90.089502 40.347982 5.043895
v 90.534173 40.719153 4.482127
v 90.996262 40.933221 3.898352
v 90.171620 40.933221 3.245602
v 89.709530 40.719153 3.829376
v 89.264859 40.347982 4.391144
v 88.867899 39.828427 4.892638
v 88.545438 39.188839 5.300015
v 88.315071 38.472379 5.591046
v 88.182210 37.727852 5.758894
v 91.820905 40.933221 4.551103
v 91.358815 40.719153 5.134877
v 90.914145 40.347982 5.696645
v 90.517185 39.828427 6.198139
v 90.194724 39.188839 6.605516
v 89.964357 38.472379 6.896547
v 86.532924 37.727852 4.453394
v 87.078107 38.472379 4.611920
v 87.308474 39.188839 4.320889
v 87.630935 39.828427 3.913512
v 88.027895 40.347982 3.412019
v 88.472565 40.719153 2.850251
v 88.934655 40.933221 2.266476
v 88.522334 40.933221 1.940101
v 88.060244 40.719153 2.523876
v 87.615573 40.347982 3.085644
v 87.218614 39.828427 3.587137
v 86.896152 39.188839 3.994514
v 86.665785 38.472379 4.285545
v 87.647922 40.719153 2.197500
v 87.203252 40.347982 2.759268
v 86.806292 39.828427 3.260762
v 86.483831 39.188839 3.668139
v 86.253464 38.472379 3.959170
v 86.120602 37.727852 4.127018
v 86.796076 40.347982 2.436966
v 86.398087 39.828427 2.937645
v 86.074597 39.188839 3.344208
v 85.843201 38.472379 3.634424
v 88.884887 40.719153 3.176626
v 88.440216 40.347982 3.738394
v 88.043256 39.828427 4.239888
v 87.720795 39.188839 4.647265
v 87.490428 38.472379 4.938296
v 87.357567 37.727852 5.106144
v 90.408617 41.000000 -8.582564
v 91.716248 41.000000 -18.634985
v 91.706672 40.999990 -18.630723
v 90.927264 40.931500 -18.283848
v 90.167734 40.729228 -17.945820
v 89.449362 40.393363 -17.626109
v 88.797450 39.926518 -17.335976
v 88.238800 39.333580 -17.087350
v 87.806410 38.630272 -16.894915
v 87.646502 38.242576 -16.823748
v 87.529813 37.838551 -16.771815
v 87.458709 37.423268 -16.740171
v 87.434677 37.000000 -16.729475
v 86.138434 37.000000 -6.764611
v 90.449326 40.933221 -14.538021
v 87.270736 37.727852 -14.951496
v 89.177305 40.933221 -4.759364
v 86.725585 37.727852 -10.760643
v 85.635281 37.727852 -2.378937
v 88.813871 40.933221 -1.965462
v 88.075564 40.719153 -2.061502
v 87.365090 40.347982 -2.153921
v 86.730846 39.828427 -2.236425
v 86.215631 39.188839 -2.303444
v 85.847561 38.472379 -2.351323
v 89.904174 40.933221 -10.347168
v 89.165868 40.719153 -10.443208
v 88.455393 40.347982 -10.535627
v 87.821149 39.828427 -10.618131
v 87.305935 39.188839 -10.685150
v 86.937864 38.472379 -10.733029
v 86.907302 37.727852 -12.157594
v 86.362150 37.727852 -7.966741
v 86.574430 38.472379 -7.939127
v 86.942500 39.188839 -7.891248
v 87.457714 39.828427 -7.824229
v 88.091959 40.347982 -7.741725
v 88.802433 40.719153 -7.649306
v 89.540740 40.933221 -7.553266
v 90.721901 40.933221 -16.633447
v 90.074454 40.719153 -17.427963
v 89.983595 40.719153 -16.729487
v 90.631043 40.933221 -15.934972
v 90.812760 40.933221 -17.331923
v 90.903619 40.933221 -18.030398
v 88.638876 39.828427 -16.904410
v 88.548018 39.828427 -16.205935
v 89.273121 40.347982 -16.821907
v 89.363979 40.347982 -17.520382
v 87.452453 37.727852 -16.348447
v 87.664733 38.472379 -16.320833
v 88.032803 39.188839 -16.272954
v 89.182262 40.347982 -16.123431
v 89.892737 40.719153 -16.031012
v 90.267608 40.933221 -13.141070
v 88.123662 39.188839 -16.971430
v 85.998716 37.727852 -5.172839
v 86.210996 38.472379 -5.145225
v 86.579066 39.188839 -5.097346
v 87.094280 39.828427 -5.030327
v 87.728525 40.347982 -4.947823
v 88.438999 40.719153 -4.855404
v 87.361595 37.727852 -15.649972
v 87.573875 38.472379 -15.622358
v 87.941945 39.188839 -15.574479
v 88.457159 39.828427 -15.507459
v 89.091404 40.347982 -15.424956
v 89.801878 40.719153 -15.332536
v 90.540184 40.933221 -15.236496
v 87.483016 38.472379 -14.923882
v 87.851086 39.188839 -14.876003
v 88.366300 39.828427 -14.808984
v 89.000545 40.347982 -14.726480
v 89.711019 40.719153 -14.634061
v 87.089019 37.727852 -13.554545
v 87.301299 38.472379 -13.526931
v 87.669369 39.188839 -13.479052
v 88.184583 39.828427 -13.412033
v 88.818828 40.347982 -13.329529
v 89.529302 40.719153 -13.237110
v 87.119582 38.472379 -12.129980
v 87.487652 39.188839 -12.082101
v 88.002866 39.828427 -12.015082
v 88.637111 40.347982 -11.932578
v 89.347585 40.719153 -11.840159
v 90.085891 40.933221 -11.744119
v 82.825527 41.000000 -24.769583
v 73.934805 41.000000 -30.904181
v 73.928554 40.999989 -30.897257
v 73.404046 40.922136 -30.316195
v 72.899481 40.694985 -29.757229
v 72.433748 40.326607 -29.241279
v 72.024781 39.830495 -28.788218
v 71.688575 39.225300 -28.415762
v 71.438239 38.533685 -28.138434
v 71.283827 37.782142 -27.967374
v 71.231646 37.000000 -27.909567
v 79.333161 37.000000 -22.319521
v 74.228288 40.933221 -29.817375
v 76.504900 40.933221 -28.246512
v 82.196432 40.933221 -24.319355
v 74.115337 37.727852 -26.000952
v 76.961103 37.727852 -24.037374
v 86.749657 40.933221 -21.177630
v 82.652635 37.727852 -20.110217
v 86.326822 40.719153 -20.564825
v 85.919926 40.347982 -19.975121
v 85.556688 39.828427 -19.448688
v 85.261619 39.188839 -19.021053
v 85.050822 38.472379 -18.715550
v 84.929247 37.727852 -18.539354
v 81.773597 40.719153 -23.706550
v 81.366701 40.347982 -23.116846
v 81.003463 39.828427 -22.590414
v 80.708394 39.188839 -22.162779
v 80.497597 38.472379 -21.857275
v 80.376022 37.727852 -21.681080
v 82.774209 38.472379 -20.286412
v 82.985007 39.188839 -20.591916
v 83.280075 39.828427 -21.019551
v 83.643313 40.347982 -21.545983
v 84.050209 40.719153 -22.135688
v 84.473045 40.933221 -22.748493
v 71.838724 37.727852 -27.571815
v 71.960299 38.472379 -27.748010
v 72.171097 39.188839 -28.053514
v 72.466165 39.828427 -28.481149
v 72.829403 40.347982 -29.007581
v 73.236299 40.719153 -29.597286
v 73.659135 40.933221 -30.210091
v 79.919819 40.933221 -25.890218
v 79.496984 40.719153 -25.277413
v 79.090088 40.347982 -24.687709
v 78.726850 39.828427 -24.161277
v 78.431781 39.188839 -23.733641
v 78.220984 38.472379 -23.428138
v 78.099409 37.727852 -23.251942
v 72.407877 37.727852 -27.179099
v 72.529452 38.472379 -27.355295
v 72.740250 39.188839 -27.660798
v 73.035318 39.828427 -28.088434
v 73.398556 40.347982 -28.614866
v 73.805452 40.719153 -29.204570
v 75.366594 40.933221 -29.031944
v 72.977031 37.727852 -26.786384
v 73.098605 38.472379 -26.962579
v 73.309403 39.188839 -27.268083
v 73.604471 39.828427 -27.695718
v 73.967710 40.347982 -28.222150
v 74.374605 40.719153 -28.811854
v 74.797441 40.933221 -29.424659
v 73.546184 37.727852 -26.393668
v 73.667759 38.472379 -26.569863
v 73.878556 39.188839 -26.875367
v 74.173624 39.828427 -27.303002
v 74.536863 40.347982 -27.829434
v 74.943759 40.719153 -28.419139
v 78.781513 40.933221 -26.675649
v 74.236912 38.472379 -26.177148
v 74.447709 39.188839 -26.482651
v 74.742778 39.828427 -26.910286
v 75.106016 40.347982 -27.436719
v 75.512912 40.719153 -28.026423
v 75.935747 40.933221 -28.639228
v 74.684490 37.727852 -25.608237
v 74.806065 38.472379 -25.784432
v 75.016862 39.188839 -26.089935
v 75.311931 39.828427 -26.517571
v 75.675169 40.347982 -27.044003
v 76.082065 40.719153 -27.633707
v 75.822797 37.727852 -24.822805
v 75.944371 38.472379 -24.999001
v 76.155169 39.188839 -25.304504
v 76.450237 39.828427 -25.732139
v 76.813475 40.347982 -26.258572
v 77.220371 40.719153 -26.848276
v 77.643207 40.933221 -27.461081
v 77.082678 38.472379 -24.213569
v 77.293475 39.188839 -24.519073
v 77.588543 39.828427 -24.946708
v 77.951782 40.347982 -25.473140
v 78.358678 40.719153 -26.062844
v 71.570365 41.000000 -33.676283
v 71.559108 40.999990 -33.675708
v 70.669067 40.935460 -33.630180
v 69.797803 40.744204 -33.585612
v 68.965754 40.423859 -33.543051
v 68.198759 39.972060 -33.503817
v 67.529536 39.388576 -33.469584
v 67.244206 39.049441 -33.454989
v 66.999491 38.681538 -33.442471
v 66.800443 38.286534 -33.432289
v 66.653368 37.870024 -33.424766
v 66.563325 37.439974 -33.420160
v 66.532767 37.000000 -33.418597
v 68.882206 37.000000 -30.664082
v 68.305179 39.828427 -33.145942
v 67.170934 37.727852 -32.773304
v 68.051974 37.727852 -31.740361
v 71.959127 40.933221 -32.098902
v 70.107734 37.727852 -29.330160
v 72.546487 40.933221 -31.410273
v 71.980026 40.719153 -30.927115
v 71.434919 40.347982 -30.462171
v 70.948299 39.828427 -30.047112
v 70.553004 39.188839 -29.709949
v 70.270604 38.472379 -29.469079
v 68.933014 37.727852 -30.707418
v 69.095884 38.472379 -30.846336
v 69.378284 39.188839 -31.087207
v 69.773579 39.828427 -31.424370
v 70.260199 40.347982 -31.839429
v 70.805306 40.719153 -32.304373
v 71.371768 40.933221 -32.787531
v 70.784408 40.933221 -33.476160
v 70.217947 40.719153 -32.993002
v 69.672839 40.347982 -32.528057
v 69.186219 39.828427 -32.112999
v 68.790924 39.188839 -31.775836
v 68.508524 38.472379 -31.534965
v 68.345654 37.727852 -31.396046
v 69.924267 40.719153 -33.337316
v 69.379159 40.347982 -32.872372
v 68.892539 39.828427 -32.457313
v 68.497244 39.188839 -32.120150
v 68.214844 38.472379 -31.879280
v 67.758294 37.727852 -32.084675
v 69.085479 40.347982 -33.216686
v 68.598859 39.828427 -32.801628
v 68.203564 39.188839 -32.464464
v 67.921164 38.472379 -32.223594
v 67.909884 39.188839 -32.808779
v 67.627485 38.472379 -32.567908
v 67.464614 37.727852 -32.428990
v 67.616204 39.188839 -33.153093
v 67.333805 38.472379 -32.912223
v 67.040125 38.472379 -33.256537
v 66.877254 37.727852 -33.117618
v 69.520374 37.727852 -30.018789
v 69.683244 38.472379 -30.157708
v 69.965644 39.188839 -30.398578
v 70.360939 39.828427 -30.735741
v 70.847559 40.347982 -31.150800
v 71.392666 40.719153 -31.615744
v 72.841281 41.000000 -35.518191
v 72.837684 40.999990 -35.528719
v 72.551793 40.934779 -36.365339
v 72.272139 40.741613 -37.183708
v 72.005509 40.418536 -37.963963
v 71.760372 39.963980 -38.681322
v 71.547176 39.378657 -39.305211
v 71.456582 39.039472 -39.570322
v 71.379033 38.672157 -39.797259
v 71.316067 38.278402 -39.981519
v 71.269658 37.864174 -40.117329
v 71.241272 37.436863 -40.200398
v 71.231646 37.000000 -40.228567
v 68.882206 37.000000 -36.823582
v 70.699250 37.727852 -39.339395
v 71.575446 40.933221 -34.965246
v 69.818210 37.727852 -38.062526
v 67.762451 37.727852 -35.083164
v 70.988086 40.933221 -34.114000
v 70.375281 40.719153 -34.536836
v 69.785577 40.347982 -34.943732
v 69.259145 39.828427 -35.306970
v 68.831510 39.188839 -35.602038
v 68.526006 38.472379 -35.812836
v 68.349811 37.727852 -35.934411
v 67.938646 38.472379 -34.961590
v 68.244150 39.188839 -34.750792
v 68.671785 39.828427 -34.455724
v 69.198217 40.347982 -34.092485
v 69.787921 40.719153 -33.685590
v 69.524530 37.727852 -37.636903
v 69.700726 38.472379 -37.515328
v 70.006229 39.188839 -37.304531
v 70.433865 39.828427 -37.009462
v 70.960297 40.347982 -36.646224
v 71.550001 40.719153 -36.239328
v 72.162806 40.933221 -35.816493
v 72.456486 40.933221 -36.242116
v 71.843681 40.719153 -36.664951
v 71.253977 40.347982 -37.071847
v 70.727545 39.828427 -37.435085
v 70.299909 39.188839 -37.730154
v 69.994406 38.472379 -37.940951
v 70.111890 37.727852 -38.488149
v 72.137361 40.719153 -37.090574
v 71.547657 40.347982 -37.497470
v 71.021225 39.828427 -37.860708
v 70.593589 39.188839 -38.155777
v 70.288086 38.472379 -38.366574
v 71.841337 40.347982 -37.923093
v 71.314904 39.828427 -38.286332
v 70.887269 39.188839 -38.581400
v 70.581766 38.472379 -38.792197
v 70.405570 37.727852 -38.913772
v 71.608584 39.828427 -38.711955
v 71.180949 39.188839 -39.007023
v 70.875445 38.472379 -39.217821
v 71.474629 39.188839 -39.432646
v 71.169125 38.472379 -39.643444
v 70.992930 37.727852 -39.765018
v 70.962641 40.719153 -35.388082
v 70.372937 40.347982 -35.794978
v 69.846505 39.828427 -36.158216
v 69.418869 39.188839 -36.453284
v 69.113366 38.472379 -36.664082
v 68.937171 37.727852 -36.785657
v 80.001468 41.000000 -33.238378
v 80.005893 40.999989 -33.246625
v 80.377850 40.922729 -33.939668
v 80.735922 40.697149 -34.606841
v 81.067048 40.330641 -35.223809
v 81.358340 39.836154 -35.766555
v 81.598433 39.231375 -36.213905
v 81.777535 38.538949 -36.547615
v 81.888216 37.785133 -36.753839
v 81.925646 37.000000 -36.823582
v 76.578646 37.000000 -38.526074
v 78.927772 40.933221 -34.344100
v 76.922647 40.933221 -34.982535
v 80.568636 37.727852 -37.185574
v 78.563511 37.727852 -37.824009
v 73.884886 37.727852 -39.313690
v 74.249147 40.933221 -35.833781
v 74.475032 40.719153 -36.543215
v 74.692401 40.347982 -37.225905
v 74.886448 39.828427 -37.835346
v 75.044078 39.188839 -38.330412
v 75.156689 38.472379 -38.684088
v 75.221636 37.727852 -38.888066
v 73.819939 38.472379 -39.109711
v 73.707328 39.188839 -38.756035
v 73.549698 39.828427 -38.260969
v 73.355651 40.347982 -37.651528
v 73.138282 40.719153 -36.968838
v 72.912397 40.933221 -36.259404
v 80.503689 38.472379 -36.981596
v 80.391078 39.188839 -36.627920
v 80.233449 39.828427 -36.132854
v 80.039402 40.347982 -35.523413
v 79.822032 40.719153 -34.840722
v 79.596147 40.933221 -34.131289
v 80.490407 40.719153 -34.627911
v 80.707777 40.347982 -35.310601
v 80.901824 39.828427 -35.920042
v 81.059453 39.188839 -36.415108
v 81.172064 38.472379 -36.768784
v 81.237011 37.727852 -36.972763
v 80.264523 40.933221 -33.918477
v 75.585897 40.933221 -35.408158
v 75.811782 40.719153 -36.117592
v 76.029151 40.347982 -36.800282
v 76.223198 39.828427 -37.409723
v 76.380828 39.188839 -37.904789
v 76.493439 38.472379 -38.258465
v 76.558386 37.727852 -38.462443
v 79.900261 37.727852 -37.398386
v 79.835314 38.472379 -37.194407
v 79.722703 39.188839 -36.840731
v 79.565074 39.828427 -36.345665
v 79.371027 40.347982 -35.736224
v 79.153657 40.719153 -35.053534
v 77.591022 40.933221 -34.769724
v 79.231886 37.727852 -37.611197
v 79.166939 38.472379 -37.407219
v 79.054328 39.188839 -37.053543
v 78.896699 39.828427 -36.558477
v 78.702652 40.347982 -35.949036
v 78.485282 40.719153 -35.266346
v 78.259397 40.933221 -34.556912
v 78.498564 38.472379 -37.620030
v 78.385953 39.188839 -37.266354
v 78.228323 39.828427 -36.771289
v 78.034277 40.347982 -36.161847
v 77.816907 40.719153 -35.479157
v 77.895136 37.727852 -38.036820
v 77.830189 38.472379 -37.832842
v 77.717578 39.188839 -37.479166
v 77.559948 39.828427 -36.984100
v 77.365901 40.347982 -36.374659
v 77.148532 40.719153 -35.691969
v 88.869962 41.000000 -26.112164
v 97.738457 41.000000 -18.985950
v 98.194367 40.933221 -19.553326
v 98.660722 40.719153 -20.133699
v 99.109496 40.347982 -20.692194
v 99.510120 39.828427 -21.190765
v 99.835557 39.188839 -21.595769
v 100.068051 38.472379 -21.885104
v 100.202138 37.727852 -22.051975
v 100.243967 37.000000 -22.104030
v 91.084807 37.000000 -29.463806
v 97.049472 40.933221 -20.473298
v 94.759682 40.933221 -22.313242
v 97.339901 37.727852 -24.351905
v 94.477663 37.727852 -26.651835
v 86.745417 40.933221 -28.753046
v 86.463398 37.727852 -33.091639
v 84.455627 40.933221 -30.592990
v 84.921982 40.719153 -31.173363
v 85.370756 40.347982 -31.731858
v 85.771380 39.828427 -32.230430
v 86.096817 39.188839 -32.635433
v 86.329310 38.472379 -32.924768
v 91.324997 40.933221 -25.073158
v 91.791352 40.719153 -25.653531
v 92.240126 40.347982 -26.212026
v 92.640750 39.828427 -26.710597
v 92.966187 39.188839 -27.115601
v 93.198681 38.472379 -27.404936
v 93.332768 37.727852 -27.571807
v 91.042978 37.727852 -29.411751
v 90.908891 38.472379 -29.244880
v 90.676397 39.188839 -28.955545
v 90.350960 39.828427 -28.550541
v 89.950336 40.347982 -28.051970
v 89.501562 40.719153 -27.493475
v 89.035207 40.933221 -26.913102
v 99.629691 37.727852 -22.511961
v 99.495603 38.472379 -22.345090
v 99.263110 39.188839 -22.055755
v 98.937672 39.828427 -21.650751
v 98.537049 40.347982 -21.152180
v 98.088274 40.719153 -20.593685
v 97.621920 40.933221 -20.013312
v 88.753188 37.727852 -31.251695
v 88.619100 38.472379 -31.084824
v 88.386607 39.188839 -30.795489
v 88.061170 39.828427 -30.390486
v 87.660546 40.347982 -29.891914
v 87.211772 40.719153 -29.333419
v 99.057243 37.727852 -22.971947
v 98.923156 38.472379 -22.805076
v 98.690662 39.188839 -22.515741
v 98.365225 39.828427 -22.110737
v 97.964601 40.347982 -21.612166
v 97.515827 40.719153 -21.053671
v 95.904577 40.933221 -21.393270
v 98.484796 37.727852 -23.431933
v 98.350708 38.472379 -23.265062
v 98.118215 39.188839 -22.975727
v 97.792777 39.828427 -22.570723
v 97.392154 40.347982 -22.072152
v 96.943379 40.719153 -21.513657
v 96.477025 40.933221 -20.933284
v 97.912348 37.727852 -23.891919
v 97.778261 38.472379 -23.725048
v 97.545767 39.188839 -23.435713
v 97.220330 39.828427 -23.030709
v 96.819706 40.347982 -22.532138
v 96.370932 40.719153 -21.973643
v 93.614787 40.933221 -23.233214
v 97.205813 38.472379 -24.185034
v 96.973320 39.188839 -23.895699
v 96.647882 39.828427 -23.490695
v 96.247259 40.347982 -22.992124
v 95.798484 40.719153 -22.433629
v 95.332130 40.933221 -21.853256
v 96.767453 37.727852 -24.811891
v 96.633366 38.472379 -24.645020
v 96.400872 39.188839 -24.355685
v 96.075435 39.828427 -23.950681
v 95.674811 40.347982 -23.452110
v 95.226037 40.719153 -22.893615
v 95.622558 37.727852 -25.731863
v 95.488471 38.472379 -25.564992
v 95.255977 39.188839 -25.275657
v 94.930540 39.828427 -24.870653
v 94.529916 40.347982 -24.372082
v 94.081142 40.719153 -23.813587
v 94.343576 38.472379 -26.484964
v 94.111082 39.188839 -26.195629
v 93.785645 39.828427 -25.790625
v 93.385021 40.347982 -25.292054
v 92.936247 40.719153 -24.733559
v 92.469892 40.933221 -24.153186
v 98.000961 41.000000 -18.775085
v 98.463155 40.934056 -19.337398
v 98.949666 40.722665 -19.901562
v 99.433395 40.356135 -20.431958
v 99.882950 39.843077 -20.891201
v 100.268625 39.211486 -21.247792
v 100.568598 38.503985 -21.482898
v 100.772809 37.768768 -21.593417
v 100.883193 37.050017 -21.590384
v 100.524243 37.723414 -21.797214
v 100.358101 38.447914 -21.669326
v 100.099399 39.147899 -21.423578
v 99.754950 39.778015 -21.063513
v 99.321620 40.318886 -20.583120
v 98.843846 40.706484 -20.030733
v 98.354881 40.930246 -19.446581
v 100.883193 40.086385 -20.000171
v 100.883193 39.492453 -20.613414
v 100.883193 38.761913 -21.123143
v 100.883193 38.358213 -21.319303
v 100.883193 37.934850 -21.466652
v 100.883193 37.496349 -21.558829
v 98.389111 41.000000 -18.465534
v 98.820582 41.000000 -18.132853
v 99.280395 40.948010 -18.665274
v 99.793554 40.781509 -19.176402
v 100.337774 40.492489 -19.632368
v 98.609399 40.930185 -19.253885
v 100.844297 39.911616 -20.226264
v 100.281725 40.392851 -19.847399
v 99.708532 40.738289 -19.364666
v 99.161768 40.937821 -18.817422
v 100.482221 39.833344 -20.515301
v 99.956114 40.349188 -20.106000
v 99.408865 40.719468 -19.601131
v 98.876792 40.933350 -19.040734
v 100.822516 38.489396 -21.304969
v 100.677675 38.833229 -21.223763
v 100.511457 39.166169 -21.112816
v 100.121904 39.777948 -20.804257
v 99.639466 40.318285 -20.359523
v 99.123495 40.706147 -19.829133
v 98.741371 40.931592 -19.148384
v 99.264785 40.712069 -19.716015
v 99.796938 40.332024 -20.233279
v 100.301949 39.802576 -20.659765
v 100.717081 39.203127 -20.947690
v 100.883193 42.412882 -16.661124
v 100.883193 42.223915 -17.031754
v 100.883193 41.986496 -17.444040
v 100.883193 41.405009 -18.336982
v 100.883193 40.745835 -19.226757
v 99.119937 41.026250 -17.911979
v 99.419121 41.104234 -17.695935
v 99.708926 41.232027 -17.489497
v 99.984047 41.404145 -17.295060
v 100.476423 41.855964 -16.948377
v 100.738584 41.818784 -17.527949
v 100.629025 41.214878 -18.479466
v 100.146719 41.285454 -17.979250
v 100.411325 41.488473 -17.776399
v 100.636079 40.631411 -19.379605
v 100.082628 40.880945 -18.932885
v 99.575873 41.010146 -18.427436
v 99.866550 41.124341 -18.196823
v 100.361654 41.027955 -18.698644
v 94.724984 41.000000 -6.706327
v 94.732086 41.000011 -6.704482
v 95.103387 41.031038 -6.608044
v 95.466139 41.120142 -6.513826
v 95.812718 41.262556 -6.423809
v 96.137345 41.451383 -6.339493
v 96.712421 41.942321 -6.190128
v 97.195943 42.563771 -6.064543
v 97.591445 43.308320 -5.961819
v 97.885571 44.152139 -5.885425
v 98.065433 45.057690 -5.838709
v 98.126366 46.000000 -5.822883
v 100.883193 46.000000 -13.514301
v 100.883193 45.390831 -13.591572
v 100.883193 44.812971 -13.810852
v 100.883193 44.286852 -14.142173
v 100.883193 43.818157 -14.553991
v 100.883193 43.400096 -15.026837
v 100.883193 43.029883 -15.542766
v 100.883193 42.706057 -16.083435
v 96.267741 41.062389 -9.376984
v 98.315540 41.062389 -15.090248
v 98.460657 44.967386 -6.979167
v 99.484557 44.967386 -9.835798
v 98.848121 41.261437 -14.899355
v 99.371165 41.607863 -14.711881
v 99.858424 42.099942 -14.537234
v 100.144601 42.492267 -14.434659
v 100.398500 42.932440 -14.343654
v 100.615336 43.410968 -14.265934
v 100.791938 43.917096 -14.202635
v 97.848227 43.917096 -5.989819
v 97.976214 43.917096 -6.346898
v 97.671625 43.410968 -6.053118
v 97.582777 42.932440 -6.487918
v 97.200890 42.492267 -6.221844
v 97.328877 42.492267 -6.578923
v 96.914713 42.099942 -6.324418
v 96.555441 41.607863 -6.856144
v 96.032398 41.261437 -7.043618
v 95.627804 41.062389 -7.591590
v 95.499817 41.062389 -7.234511
v 95.371829 41.062389 -6.877432
v 95.904410 41.261437 -6.686539
v 96.427454 41.607863 -6.499065
v 97.454789 42.932440 -6.130839
v 98.076695 44.967386 -5.907930
v 97.291641 41.062389 -12.233616
v 97.824222 41.261437 -12.042724
v 98.347265 41.607863 -11.855250
v 98.834524 42.099942 -11.680602
v 99.120701 42.492267 -11.578028
v 99.374601 42.932440 -11.487023
v 99.591437 43.410968 -11.409303
v 99.768038 43.917096 -11.346004
v 99.996506 44.967386 -11.264114
v 96.779691 41.062389 -10.805300
v 97.312272 41.261437 -10.614408
v 97.835316 41.607863 -10.426934
v 98.322574 42.099942 -10.252286
v 98.608752 42.492267 -10.149712
v 98.862651 42.932440 -10.058707
v 99.079487 43.410968 -9.980987
v 99.256088 43.917096 -9.917688
v 98.972607 44.967386 -8.407482
v 96.800322 41.261437 -9.186092
v 97.323366 41.607863 -8.998618
v 97.810625 42.099942 -8.823970
v 98.096802 42.492267 -8.721396
v 98.350701 42.932440 -8.630391
v 98.567537 43.410968 -8.552671
v 98.744139 43.917096 -8.489372
v 96.011767 41.062389 -8.662827
v 96.544347 41.261437 -8.471934
v 97.067391 41.607863 -8.284460
v 97.554650 42.099942 -8.109813
v 97.840827 42.492267 -8.007238
v 98.094727 42.932440 -7.916233
v 98.311562 43.410968 -7.838513
v 98.488164 43.917096 -7.775214
v 98.204682 44.967386 -6.265009
v 98.716632 44.967386 -7.693324
v 95.755792 41.062389 -7.948669
v 96.288372 41.261437 -7.757776
v 96.811416 41.607863 -7.570302
v 97.298675 42.099942 -7.395655
v 97.584852 42.492267 -7.293080
v 97.838752 42.932440 -7.202075
v 98.055587 43.410968 -7.124355
v 98.232189 43.917096 -7.061056
v 96.160385 41.261437 -7.400697
v 96.683429 41.607863 -7.213223
v 97.170688 42.099942 -7.038576
v 97.456865 42.492267 -6.936002
v 97.710764 42.932440 -6.844997
v 97.927600 43.410968 -6.767276
v 98.104201 43.917096 -6.703977
v 98.332670 44.967386 -6.622088
v 97.042700 42.099942 -6.681497
v 97.799613 43.410968 -6.410197
v 90.070005 41.000000 21.410975
v 92.397495 41.000000 7.352324
v 87.471220 30.298812 -4.526335
v 87.337593 29.650869 -4.560242
v 87.241880 29.043409 -4.584529
v 87.205054 28.477416 -4.593873
v 86.738527 28.083331 -4.536039
v 86.225449 27.714408 -4.472435
v 85.664151 27.377846 -4.402852
v 85.053725 27.081919 -4.327180
v 84.397795 26.836974 -4.245866
v 83.704555 26.653082 -4.159927
v 82.983090 26.538847 -4.070489
v 82.246616 26.500000 -3.979191
v 82.255754 27.310008 -3.905476
v 82.284756 28.136753 -3.671529
v 82.334725 28.938254 -3.268438
v 82.404664 29.669208 -2.704264
v 82.491365 30.288633 -2.004877
v 82.589875 30.767164 -1.210233
v 82.694390 31.091461 -0.367140
v 82.799273 31.264415 0.478909
v 83.125073 31.442431 0.426787
v 83.407975 31.640204 0.377617
v 83.878482 32.075761 0.290373
v 84.262882 32.560431 0.217538
v 84.588721 33.109836 0.156714
v 84.864334 33.742695 0.106678
v 85.075522 34.449903 0.069304
v 85.207846 35.209421 0.046316
v 85.253477 36.000000 0.038502
v 85.254557 35.990713 0.030198
v 85.399510 34.696990 -1.084133
v 85.528102 33.427881 -2.072679
v 85.635466 32.201128 -2.898041
v 85.124427 33.930096 -0.807748
v 85.432813 33.770167 -1.698616
v 84.889803 33.320536 -0.767277
v 84.370773 32.416114 -0.675345
v 84.070729 32.045329 -0.621141
v 83.512963 31.534856 -0.519933
v 83.048374 31.244061 -0.437140
v 84.207600 27.207060 -4.204584
v 83.736216 27.076752 -4.146113
v 86.670820 30.417580 -4.231847
v 87.317091 29.839717 -4.536464
v 86.991222 30.128907 -4.403722
v 86.359726 30.702499 -4.020756
v 86.061808 30.980314 -3.771241
v 87.460154 30.762995 -4.462383
v 86.961579 29.439975 -4.492242
v 86.657957 29.750546 -4.362037
v 86.359760 30.060579 -4.192574
v 86.070609 30.366571 -3.983737
v 85.794145 30.664893 -3.736292
v 85.293108 31.224176 -3.133202
v 85.046561 30.960915 -3.099092
v 84.873425 31.721232 -2.390795
v 84.563768 32.122421 -1.557170
v 84.507231 32.615405 -0.699793
v 84.723677 32.339957 -1.583523
v 85.063854 31.965003 -2.419374
v 85.520229 31.501385 -3.164611
v 86.850856 28.731033 -4.532474
v 86.570214 29.059169 -4.443563
v 86.291706 29.390266 -4.316230
v 86.018573 29.720811 -4.149505
v 85.754186 30.047036 -3.943228
v 85.501923 30.365035 -3.698140
v 84.668094 31.489836 -2.359923
v 84.392552 31.915788 -1.528843
v 84.225560 32.226395 -0.649176
v 86.391977 28.351425 -4.475549
v 86.139386 28.698766 -4.389978
v 85.889150 29.049300 -4.265889
v 85.644240 29.399275 -4.102259
v 85.407732 29.744663 -3.898884
v 85.182706 30.081287 -3.656469
v 84.778688 30.711716 -3.062018
v 84.446424 31.270525 -2.326542
v 84.208939 31.719422 -1.498362
v 85.887003 27.996772 -4.412907
v 85.665830 28.361868 -4.331082
v 85.447275 28.730391 -4.210638
v 85.233996 29.098356 -4.050489
v 85.028737 29.461482 -3.850383
v 84.834231 29.815326 -3.610986
v 84.487691 30.477594 -3.021732
v 84.207014 31.063704 -2.290438
v 84.011825 31.533202 -1.465546
v 83.905352 31.872376 -0.591096
v 85.093444 27.555579 -4.314468
v 84.922348 27.941872 -4.238622
v 84.754311 28.331906 -4.124000
v 84.591482 28.721395 -3.969418
v 84.436060 29.105724 -3.774539
v 84.290209 29.480101 -3.539965
v 84.035177 30.180037 -2.959018
v 83.836350 30.797802 -2.234414
v 83.707859 31.290243 -1.414815
v 83.650909 31.642926 -0.544889
v 84.660873 27.367740 -4.260810
v 84.517234 27.762383 -4.188245
v 84.376910 28.160913 -4.076818
v 84.241766 28.558905 -3.925290
v 84.113692 28.951595 -3.733278
v 83.994533 29.334030 -3.501344
v 83.789646 30.048543 -2.924934
v 83.635534 30.678111 -2.203983
v 83.543274 31.178443 -1.387302
v 84.092712 27.608183 -4.135456
v 83.981419 28.013323 -4.027375
v 83.875279 28.417934 -3.879042
v 83.775858 28.817110 -3.690021
v 83.684658 29.205755 -3.460838
v 83.532247 29.931272 -2.889136
v 83.424815 30.569259 -2.171970
v 83.370210 31.074470 -1.358344
v 83.367362 31.432064 -0.493735
v 83.249122 26.979903 -4.085695
v 83.194215 27.387565 -4.023734
v 83.143554 27.799452 -3.922623
v 83.098045 28.210811 -3.780924
v 83.058542 28.616501 -3.598084
v 83.025803 29.011170 -3.374547
v 82.982973 29.746269 -2.812411
v 82.972593 30.389187 -2.102889
v 82.995581 30.893391 -1.295600
v 83.213271 31.335173 -0.466242
v 83.188270 30.979318 -1.327880
v 83.204292 30.472642 -2.138355
v 83.263615 29.830035 -2.851677
v 83.361769 29.097493 -3.418582
v 83.424025 28.704691 -3.644945
v 83.493772 28.301103 -3.830888
v 83.569869 27.891959 -3.975923
v 83.651097 27.482290 -4.080543
v 82.752323 26.919350 -4.024075
v 82.728430 27.326901 -3.965820
v 82.709077 27.738746 -3.868299
v 82.694821 28.150047 -3.729994
v 82.686140 28.555564 -3.550288
v 82.683400 28.949841 -3.329583
v 82.696525 29.683088 -2.772167
v 82.735240 30.322081 -2.066383
v 82.796909 30.820008 -1.262318
v 82.876781 31.162281 -0.407287
v 85.166000 33.108726 -1.655702
v 85.582818 32.823027 -2.496901
v 85.338756 32.377661 -2.460518
v 84.956715 32.708849 -1.621700
v 84.707790 32.953341 -0.735394
v 85.307592 33.432032 -1.678539
v 85.013953 33.618144 -0.788783
v 85.219922 34.254820 -0.824006
v 85.299256 34.589950 -0.837425
v 72.040345 26.500000 -10.587089
v 62.186471 26.500000 -9.365534
v 52.332597 26.500000 -8.143980
v 52.348699 26.935312 -8.124716
v 52.396370 27.363182 -8.067688
v 52.474652 27.780818 -7.974039
v 52.582351 28.184671 -7.845199
v 52.875035 28.927237 -7.495062
v 53.256037 29.570105 -7.039269
v 53.704665 30.098326 -6.502575
v 54.203717 30.506759 -5.905558
v 54.737376 30.792989 -5.267143
v 55.292109 30.956759 -4.603515
v 56.189717 30.821016 -5.353835
v 57.072935 30.588218 -6.092126
v 60.208440 30.771974 -6.011132
v 63.375822 30.899992 -5.929314
v 66.541390 30.975067 -5.847543
v 69.671450 30.999993 -5.766689
v 69.722918 31.000000 -5.765359
v 70.089597 31.000000 -5.810815
v 70.093714 30.999990 -5.820893
v 70.452101 30.921620 -6.698381
v 70.800812 30.690266 -7.552176
v 71.129578 30.307187 -8.357138
v 71.426483 29.777123 -9.084088
v 71.559380 29.458796 -9.409478
v 71.679524 29.107364 -9.703644
v 71.784898 28.726284 -9.961645
v 71.874128 28.317675 -10.180119
v 71.945776 27.884117 -10.355544
v 71.997908 27.433543 -10.483185
v 72.029634 26.970974 -10.560864
v 68.798018 30.924874 -6.475804
v 71.433286 27.318834 -10.436133
v 68.970252 27.318834 -10.130798
v 65.102816 30.924874 -6.017721
v 65.890916 27.318834 -9.749062
v 57.268776 27.318834 -8.680202
v 71.462480 28.156426 -10.197082
v 70.817853 27.318834 -10.359840
v 71.485240 28.566826 -10.011704
v 70.870458 28.566826 -9.935492
v 71.546772 29.336342 -9.511788
v 70.898852 28.962444 -9.706447
v 59.732245 27.318834 -8.985591
v 59.761872 28.156426 -8.746593
v 59.784850 28.566826 -8.561243
v 59.813244 28.962444 -8.332198
v 59.846816 29.336342 -8.061380
v 59.885152 29.681981 -7.752139
v 59.927674 29.993589 -7.409125
v 59.973673 30.266480 -7.038068
v 60.022344 30.497278 -6.645455
v 60.072834 30.684047 -6.238173
v 62.536302 30.684047 -6.543562
v 62.485813 30.497278 -6.950844
v 62.437142 30.266480 -7.343456
v 62.391143 29.993589 -7.714514
v 62.348620 29.681981 -8.057527
v 62.310285 29.336342 -8.366769
v 62.276712 28.962444 -8.637586
v 62.248318 28.566826 -8.866631
v 62.225341 28.156426 -9.051982
v 62.195713 27.318834 -9.290979
v 57.558876 30.497278 -6.340066
v 57.510205 30.266480 -6.732679
v 57.464206 29.993589 -7.103737
v 57.421683 29.681981 -7.446750
v 57.383348 29.336342 -7.755992
v 57.349775 28.962444 -8.026809
v 57.321381 28.566826 -8.255854
v 57.298404 28.156426 -8.441205
v 64.999771 30.684047 -6.848950
v 64.949281 30.497278 -7.256232
v 64.900610 30.266480 -7.648845
v 64.854611 29.993589 -8.019903
v 64.812089 29.681981 -8.362916
v 64.773753 29.336342 -8.672158
v 64.740181 28.962444 -8.942975
v 64.711787 28.566826 -9.172020
v 64.688809 28.156426 -9.357371
v 64.659182 27.318834 -9.596368
v 67.566284 30.924874 -6.323109
v 67.463239 30.684047 -7.154339
v 67.412750 30.497278 -7.561621
v 67.364079 30.266480 -7.954234
v 67.318080 29.993589 -8.325291
v 67.275557 29.681981 -8.668305
v 67.237222 29.336342 -8.977546
v 67.203649 28.962444 -9.248364
v 67.175255 28.566826 -9.477409
v 67.152278 28.156426 -9.662759
v 67.122650 27.318834 -9.901757
v 68.354384 27.318834 -10.054451
v 65.920544 28.156426 -9.510065
v 65.943521 28.566826 -9.324714
v 65.971915 28.962444 -9.095669
v 66.005487 29.336342 -8.824852
v 66.043823 29.681981 -8.515610
v 66.086346 29.993589 -8.172597
v 66.132344 30.266480 -7.801539
v 66.181015 30.497278 -7.408927
v 66.231505 30.684047 -7.001645
v 66.334550 30.924874 -6.170415
v 70.029753 30.924874 -6.628498
v 69.926708 30.684047 -7.459728
v 69.876218 30.497278 -7.867010
v 69.827547 30.266480 -8.259622
v 69.781548 29.993589 -8.630680
v 69.739026 29.681981 -8.973693
v 69.700690 29.336342 -9.282935
v 69.667118 28.962444 -9.553752
v 69.638724 28.566826 -9.782797
v 69.615746 28.156426 -9.968148
v 69.586119 27.318834 -10.207145
v 68.999879 28.156426 -9.891801
v 69.022857 28.566826 -9.706450
v 69.051251 28.962444 -9.477405
v 69.084823 29.336342 -9.206588
v 69.123159 29.681981 -8.897346
v 69.165681 29.993589 -8.554333
v 69.211680 30.266480 -8.183275
v 69.260351 30.497278 -7.790662
v 69.310841 30.684047 -7.383380
v 69.413886 30.924874 -6.552151
v 70.542575 30.684047 -7.536075
v 70.492085 30.497278 -7.943357
v 70.443414 30.266480 -8.335970
v 70.397415 29.993589 -8.707027
v 70.354893 29.681981 -9.050040
v 70.316557 29.336342 -9.359282
v 70.282985 28.962444 -9.630099
v 70.254591 28.566826 -9.859144
v 70.231614 28.156426 -10.044495
v 70.201986 27.318834 -10.283492
v 71.059281 30.266480 -8.412317
v 71.013283 29.993589 -8.783374
v 70.970760 29.681981 -9.126387
v 70.932424 29.336342 -9.435629
v 70.847481 28.156426 -10.120842
v 71.513417 28.962444 -9.782632
v 68.694973 30.684047 -7.307033
v 68.644484 30.497278 -7.714315
v 68.595813 30.266480 -8.106928
v 68.549814 29.993589 -8.477986
v 68.507292 29.681981 -8.820999
v 68.468956 29.336342 -9.130241
v 68.435384 28.962444 -9.401058
v 68.406990 28.566826 -9.630103
v 68.384012 28.156426 -9.815454
v 73.831416 30.742727 -3.515971
v 76.269059 30.862305 0.183149
v 76.556664 30.638088 -0.521031
v 76.829201 30.308589 -1.188320
v 77.079567 29.876899 -1.801325
v 77.301071 29.346494 -2.343662
v 77.485187 28.727496 -2.794459
v 77.624417 28.031918 -3.135354
v 77.711333 27.280981 -3.348161
v 77.740933 26.500000 -3.420635
v 70.191680 31.000000 -5.682483
v 70.214160 30.999990 -5.669102
v 72.024115 30.936204 -4.591747
v 75.840127 30.684047 -1.242403
v 74.549020 30.684047 -2.865509
v 76.715610 27.318834 -4.588933
v 70.880936 30.924874 -6.131335
v 74.563765 27.318834 -7.294110
v 74.118651 30.684047 -3.406544
v 74.439830 30.497278 -3.662028
v 74.749441 30.266480 -3.908309
v 75.042054 29.993589 -4.141070
v 75.312551 29.681981 -4.356238
v 75.556417 29.336342 -4.550222
v 75.769981 28.962444 -4.720103
v 75.950604 28.566826 -4.863780
v 76.096770 28.156426 -4.980048
v 76.285241 27.318834 -5.129969
v 75.424503 27.318834 -6.212039
v 75.236032 28.156426 -6.062119
v 75.089866 28.566826 -5.945850
v 74.909243 28.962444 -5.802173
v 74.695679 29.336342 -5.632292
v 74.451813 29.681981 -5.438309
v 74.181316 29.993589 -5.223140
v 73.888703 30.266480 -4.990380
v 73.579092 30.497278 -4.744098
v 73.257913 30.684047 -4.488615
v 76.591675 30.497278 -0.956851
v 76.270496 30.684047 -0.701368
v 77.277892 29.336342 -2.386081
v 77.034027 29.681981 -2.192097
v 76.763530 29.993589 -1.976928
v 76.470917 30.266480 -1.744168
v 76.161306 30.497278 -1.497887
v 74.979389 30.684047 -2.324474
v 77.576348 27.318834 -3.506863
v 77.387877 28.156426 -3.356942
v 77.241711 28.566826 -3.240674
v 77.061088 28.962444 -3.096997
v 76.847523 29.336342 -2.927116
v 76.603658 29.681981 -2.733132
v 76.333161 29.993589 -2.517964
v 76.040548 30.266480 -2.285204
v 75.730937 30.497278 -2.038922
v 75.409758 30.684047 -1.783439
v 71.536437 30.684047 -6.652756
v 71.857616 30.497278 -6.908240
v 72.167227 30.266480 -7.154521
v 72.459840 29.993589 -7.387281
v 72.730337 29.681981 -7.602450
v 72.974203 29.336342 -7.796434
v 73.187767 28.962444 -7.966314
v 73.368390 28.566826 -8.109992
v 73.514556 28.156426 -8.226260
v 73.703027 27.318834 -8.376180
v 74.375294 28.156426 -7.144189
v 74.229128 28.566826 -7.027921
v 74.048505 28.962444 -6.884244
v 73.834941 29.336342 -6.714363
v 73.591075 29.681981 -6.520379
v 73.320578 29.993589 -6.305211
v 73.027965 30.266480 -6.072451
v 72.718354 30.497278 -5.826169
v 72.397175 30.684047 -5.570686
v 71.741674 30.924874 -5.049265
v 77.145979 27.318834 -4.047898
v 76.957508 28.156426 -3.897978
v 76.811342 28.566826 -3.781709
v 76.630719 28.962444 -3.638032
v 76.417155 29.336342 -3.468151
v 76.173289 29.681981 -3.274167
v 75.902792 29.993589 -3.058999
v 75.610179 30.266480 -2.826239
v 75.300568 30.497278 -2.579957
v 76.527139 28.156426 -4.439013
v 76.380973 28.566826 -4.322745
v 76.200350 28.962444 -4.179067
v 75.986786 29.336342 -4.009187
v 75.742920 29.681981 -3.815203
v 75.472423 29.993589 -3.600034
v 75.179810 30.266480 -3.367274
v 74.870199 30.497278 -3.120993
v 77.129222 30.965312 0.627737
v 77.991440 30.999990 1.073389
v 78.006057 31.000000 1.080944
v 81.647101 31.000000 0.629575
v 81.546364 30.924874 -0.183039
v 81.443319 30.684047 -1.014268
v 81.392830 30.497278 -1.421550
v 81.344159 30.266480 -1.814163
v 81.298160 29.993589 -2.185221
v 81.255637 29.681981 -2.528234
v 81.217302 29.336342 -2.837476
v 81.183729 28.962444 -3.108293
v 81.155335 28.566826 -3.337338
v 81.132358 28.156426 -3.522689
v 81.102730 27.318834 -3.761686
v 81.093488 26.500000 -3.836241
v 80.235829 30.924874 -0.020576
v 78.481660 27.318834 -3.436760
v 77.614759 30.924874 0.304350
v 77.511714 30.684047 -0.526879
v 77.461225 30.497278 -0.934161
v 77.412554 30.266480 -1.326774
v 77.366555 29.993589 -1.697832
v 77.324033 29.681981 -2.040845
v 78.270027 30.924874 0.223119
v 78.166982 30.684047 -0.608111
v 78.116492 30.497278 -1.015393
v 78.067821 30.266480 -1.408006
v 78.021823 29.993589 -1.779063
v 77.979300 29.681981 -2.122076
v 77.940964 29.336342 -2.431318
v 77.907392 28.962444 -2.702136
v 77.878998 28.566826 -2.931181
v 77.856021 28.156426 -3.116531
v 77.826393 27.318834 -3.355528
v 80.447463 27.318834 -3.680454
v 80.477091 28.156426 -3.441457
v 80.500068 28.566826 -3.256107
v 80.528462 28.962444 -3.027062
v 80.562034 29.336342 -2.756244
v 80.600370 29.681981 -2.447002
v 80.642892 29.993589 -2.103989
v 80.688891 30.266480 -1.732932
v 80.737562 30.497278 -1.340319
v 80.788052 30.684047 -0.933037
v 80.891097 30.924874 -0.101807
v 79.792195 27.318834 -3.599223
v 79.821823 28.156426 -3.360226
v 79.844800 28.566826 -3.174875
v 79.873194 28.962444 -2.945830
v 79.906767 29.336342 -2.675013
v 79.945103 29.681981 -2.365771
v 79.987625 29.993589 -2.022758
v 80.033624 30.266480 -1.651700
v 80.082295 30.497278 -1.259087
v 80.132784 30.684047 -0.851805
v 79.580562 30.924874 0.060656
v 79.136928 27.318834 -3.517991
v 79.166556 28.156426 -3.278994
v 79.189533 28.566826 -3.093644
v 79.217927 28.962444 -2.864599
v 79.251499 29.336342 -2.593781
v 79.289835 29.681981 -2.284539
v 79.332357 29.993589 -1.941526
v 79.378356 30.266480 -1.570469
v 79.427027 30.497278 -1.177856
v 79.477517 30.684047 -0.770574
v 78.511288 28.156426 -3.197763
v 78.534266 28.566826 -3.012412
v 78.562660 28.962444 -2.783367
v 78.596232 29.336342 -2.512550
v 78.634568 29.681981 -2.203308
v 78.677090 29.993589 -1.860295
v 78.723089 30.266480 -1.489237
v 78.771760 30.497278 -1.096624
v 78.822249 30.684047 -0.689342
v 78.925294 30.924874 0.141887
v 82.223608 31.064974 0.557634
v 81.681230 27.291671 -3.836067
v 82.119513 30.941944 -0.284743
v 82.014473 30.656881 -1.134743
v 81.963519 30.450778 -1.547117
v 81.914719 30.203137 -1.942106
v 81.868898 29.916222 -2.313071
v 81.826818 29.593584 -2.653852
v 81.790188 29.250754 -2.950635
v 81.758194 28.883827 -3.210024
v 81.709343 28.100756 -3.606688
v 87.205054 21.000000 -4.593873
v 77.740933 21.000000 -3.420635
v 81.115749 31.000000 4.714350
v 81.123205 31.000010 4.711320
v 81.529690 31.030935 4.546161
v 81.927179 31.119972 4.384656
v 82.312402 31.264816 4.228136
v 82.678592 31.460944 4.079349
v 83.020107 31.702188 3.940587
v 83.335420 31.983793 3.812472
v 83.879813 32.646471 3.591279
v 84.302577 33.408438 3.419505
v 84.603086 34.237699 3.297405
v 84.782587 35.109126 3.224471
v 84.842192 36.000000 3.200253
v 81.745695 31.062389 4.144533
v 81.912371 31.062389 2.863211
v 85.011911 34.967386 1.310601
v 82.162551 31.062389 0.939953
v 82.723582 31.261437 1.012932
v 83.274567 31.607863 1.084605
v 83.787855 32.099942 1.151374
v 84.089320 32.492267 1.190589
v 84.356783 32.932440 1.225381
v 84.585202 33.410968 1.255094
v 84.771238 33.917096 1.279294
v 81.704009 31.062389 4.464991
v 82.306726 31.261437 4.217513
v 81.829066 31.062389 3.503617
v 82.348412 31.261437 3.897055
v 82.390098 31.261437 3.576597
v 81.787381 31.062389 3.824075
v 83.454371 32.099942 3.715039
v 82.941082 31.607863 3.648269
v 82.899397 31.607863 3.968727
v 84.520686 33.917096 3.205412
v 84.334694 33.410968 3.180879
v 84.106318 32.932440 3.150834
v 83.838898 32.492267 3.115709
v 83.537476 32.099942 3.076162
v 83.024255 31.607863 3.008883
v 82.473336 31.261437 2.936700
v 84.845169 34.967386 2.592433
v 84.604495 33.917096 2.561126
v 84.418460 33.410968 2.536926
v 84.190041 32.932440 2.507213
v 83.922578 32.492267 2.472421
v 83.621113 32.099942 2.433206
v 83.107825 31.607863 2.366437
v 82.556840 31.261437 2.294764
v 81.995809 31.062389 2.221785
v 81.530439 31.000000 7.635348
v 76.890550 31.000000 16.524151
v 72.250662 31.000000 25.412955
v 63.153283 31.000000 22.582659
v 54.055904 31.000000 19.752363
v 48.853591 31.000000 15.315574
v 46.540859 31.000000 15.846155
v 87.368505 31.000000 9.663752
v 50.052361 26.500000 -0.814652
v 47.772126 26.500000 6.514676
v 47.803601 26.975082 6.498138
v 47.895885 27.438054 6.449650
v 48.045665 27.885186 6.370952
v 48.246156 28.306824 6.265609
v 48.490216 28.698494 6.137374
v 48.771666 29.058944 5.989494
v 49.422654 29.682425 5.647449
v 50.158725 30.177358 5.260700
v 50.950203 30.550047 4.844839
v 51.778028 30.808071 4.409880
v 52.626665 30.956759 3.963986
v 52.747974 28.962444 -7.009909
v 54.248435 30.808263 -3.528574
v 51.976787 27.318834 -6.747413
v 51.264213 27.318834 -4.456998
v 51.549243 27.318834 -5.373164
v 51.779198 28.156426 -5.301623
v 51.957536 28.566826 -5.246140
v 52.177915 28.962444 -5.177578
v 52.438487 29.336342 -5.096511
v 52.736028 29.681981 -5.003942
v 53.283882 30.167037 -4.833499
v 53.892257 30.545345 -4.644227
v 54.533464 30.808263 -4.444740
v 54.177287 30.545345 -5.560393
v 53.568911 30.167037 -5.749665
v 53.021058 29.681981 -5.920108
v 52.723516 29.336342 -6.012677
v 52.462945 28.962444 -6.093743
v 52.242565 28.566826 -6.162306
v 52.064227 28.156426 -6.217789
v 51.834272 27.318834 -6.289330
v 53.163572 29.681981 -6.378191
v 52.866031 29.336342 -6.470760
v 52.605459 28.962444 -6.551826
v 52.385080 28.566826 -6.620389
v 52.206742 28.156426 -6.675872
v 53.711426 30.167037 -6.207748
v 53.008545 29.336342 -6.928843
v 52.527595 28.566826 -7.078472
v 52.349257 28.156426 -7.133955
v 52.119302 27.318834 -7.205496
v 53.306087 29.681981 -6.836274
v 52.671242 28.566826 -7.540195
v 52.492678 28.156426 -7.594950
v 52.262269 27.318834 -7.665035
v 48.983978 27.318834 2.872329
v 49.213933 28.156426 2.943871
v 49.392271 28.566826 2.999354
v 49.612650 28.962444 3.067916
v 49.873222 29.336342 3.148983
v 50.170764 29.681981 3.241551
v 50.718617 30.167037 3.411995
v 51.326993 30.545345 3.601267
v 51.968200 30.808263 3.800754
v 53.108317 30.808263 0.136090
v 52.467110 30.545345 -0.063397
v 51.858735 30.167037 -0.252669
v 51.310881 29.681981 -0.423112
v 51.013339 29.336342 -0.515681
v 50.752768 28.962444 -0.596748
v 50.532389 28.566826 -0.665310
v 50.354051 28.156426 -0.720793
v 50.124096 27.318834 -0.792335
v 51.494169 28.156426 -4.385457
v 51.672507 28.566826 -4.329974
v 51.892886 28.962444 -4.261412
v 52.153457 29.336342 -4.180345
v 52.450999 29.681981 -4.087776
v 52.998853 30.167037 -3.917333
v 53.607228 30.545345 -3.728061
v 50.694155 27.318834 -2.624667
v 50.924110 28.156426 -2.553125
v 51.102448 28.566826 -2.497642
v 51.322827 28.962444 -2.429080
v 51.583398 29.336342 -2.348013
v 51.880940 29.681981 -2.255444
v 52.428794 30.167037 -2.085001
v 53.037169 30.545345 -1.895729
v 53.678376 30.808263 -1.696242
v 72.040345 21.000000 -10.587089
v 52.332597 21.000000 -8.143980
v 57.420927 30.317519 -5.520817
v 57.750987 29.975360 -4.978949
v 58.056726 29.559774 -4.477009
v 58.329878 29.070231 -4.028567
v 58.560502 28.509442 -3.649946
v 58.737825 27.882855 -3.358828
v 58.850176 27.205698 -3.174379
v 58.888768 26.500000 -3.111021
v 71.877471 26.500000 -0.814652
v 71.914782 27.215804 -0.866234
v 72.024775 27.908719 -1.018300
v 72.203202 28.561886 -1.264974
v 72.441811 29.154800 -1.594850
v 72.733416 29.678253 -1.997991
v 73.067757 30.120601 -2.460216
v 73.436477 30.476684 -2.969969
v 58.083767 30.497278 -5.724252
v 59.198389 30.684047 -5.943954
v 61.285001 30.684047 -5.575046
v 61.846283 27.318834 -2.664431
v 67.062591 27.318834 -1.742201
v 69.149114 27.318834 -1.373309
v 69.191042 28.156426 -1.610458
v 69.223558 28.566826 -1.794375
v 69.263739 28.962444 -2.021649
v 69.311249 29.336342 -2.290372
v 69.365499 29.681981 -2.597222
v 69.425674 29.993589 -2.937582
v 69.490768 30.266480 -3.305770
v 69.559645 30.497278 -3.695347
v 69.631094 30.684047 -4.099479
v 69.776917 30.924874 -4.924280
v 67.690394 30.924874 -5.293172
v 67.544571 30.684047 -4.468370
v 67.473121 30.497278 -4.064238
v 67.404245 30.266480 -3.674662
v 67.339151 29.993589 -3.306474
v 67.278976 29.681981 -2.966114
v 67.224725 29.336342 -2.659264
v 67.177216 28.962444 -2.390541
v 67.137035 28.566826 -2.163267
v 67.104519 28.156426 -1.979350
v 64.976068 27.318834 -2.111093
v 65.603870 30.924874 -5.662063
v 65.458048 30.684047 -4.837262
v 65.386598 30.497278 -4.433130
v 65.317722 30.266480 -4.043554
v 65.252627 29.993589 -3.675366
v 65.192453 29.681981 -3.335006
v 65.138202 29.336342 -3.028156
v 65.090693 28.962444 -2.759433
v 65.050511 28.566826 -2.532159
v 65.017995 28.156426 -2.348242
v 62.889545 27.318834 -2.479985
v 59.759760 27.318834 -3.033323
v 62.931472 28.156426 -2.717134
v 62.963988 28.566826 -2.901051
v 63.004169 28.962444 -3.128324
v 63.051679 29.336342 -3.397047
v 63.105929 29.681981 -3.703897
v 63.166104 29.993589 -4.044258
v 63.231199 30.266480 -4.412446
v 63.300075 30.497278 -4.802022
v 63.371524 30.684047 -5.206154
v 62.328263 30.684047 -5.390600
v 62.256813 30.497278 -4.986468
v 62.187937 30.266480 -4.596892
v 62.122842 29.993589 -4.228704
v 62.062668 29.681981 -3.888343
v 62.008417 29.336342 -3.581493
v 61.960908 28.962444 -3.312770
v 61.920726 28.566826 -3.085497
v 61.888210 28.156426 -2.901580
v 59.801687 28.156426 -3.270472
v 59.834203 28.566826 -3.454389
v 59.874385 28.962444 -3.681662
v 59.921894 29.336342 -3.950385
v 59.976144 29.681981 -4.257235
v 60.036319 29.993589 -4.597596
v 60.101414 30.266480 -4.965783
v 60.170290 30.497278 -5.355360
v 60.241739 30.684047 -5.759492
v 59.720109 30.684047 -5.851715
v 59.648659 30.497278 -5.447583
v 59.579783 30.266480 -5.058006
v 59.514688 29.993589 -4.689819
v 59.454514 29.681981 -4.349458
v 59.400263 29.336342 -4.042608
v 59.352754 28.962444 -3.773885
v 59.312572 28.566826 -3.546612
v 59.280056 28.156426 -3.362695
v 59.238129 27.318834 -3.125546
v 57.949796 29.993589 -4.966488
v 58.014891 30.266480 -5.334675
v 57.562136 30.497278 -5.816475
v 57.493260 30.266480 -5.426898
v 58.363763 29.336342 -4.225859
v 58.416670 29.681981 -4.532946
v 58.475501 29.993589 -4.873544
v 58.539252 30.266480 -5.241970
v 58.606785 30.497278 -5.631784
v 58.676891 30.684047 -6.036153
v 58.755182 28.156426 -3.455491
v 58.788092 28.566826 -3.639338
v 58.828668 28.962444 -3.866542
v 58.876572 29.336342 -4.135195
v 58.931217 29.681981 -4.441976
v 58.991786 29.993589 -4.782267
v 59.057275 30.266480 -5.150384
v 59.126545 30.497278 -5.539891
v 60.803021 27.318834 -2.848877
v 60.844949 28.156426 -3.086026
v 60.877465 28.566826 -3.269943
v 60.917646 28.962444 -3.497216
v 60.965156 29.336342 -3.765939
v 61.019406 29.681981 -4.072789
v 61.079581 29.993589 -4.413150
v 61.144675 30.266480 -4.781338
v 61.213552 30.497278 -5.170914
v 46.524017 30.999990 15.840363
v 45.049468 30.922176 15.333222
v 43.590974 30.687185 14.831603
v 42.886898 30.510047 14.589450
v 42.218383 30.296738 14.359528
v 41.589955 30.048986 14.143393
v 41.005970 29.768484 13.942543
v 40.471468 29.457386 13.758713
v 39.994660 29.120685 13.594724
v 39.578620 28.761125 13.451636
v 39.225025 28.380369 13.330024
v 38.926312 27.963931 13.227288
v 38.691895 27.505475 13.146665
v 38.540834 27.013154 13.094711
v 38.488311 26.500000 13.076646
v 42.641597 26.500000 18.183670
v 39.916659 28.566826 14.036213
v 39.584917 27.318834 14.306002
v 41.142399 27.318834 16.221136
v 47.574196 30.924874 18.414575
v 44.776524 27.318834 20.689781
v 46.924367 30.684047 18.943048
v 46.605967 30.497278 19.201987
v 46.299035 30.266480 19.451600
v 46.008954 29.993589 19.687508
v 45.740798 29.681981 19.905586
v 45.499042 29.336342 20.102193
v 45.287326 28.962444 20.274372
v 45.108266 28.566826 20.419992
v 44.963365 28.156426 20.537833
v 43.738203 27.318834 19.413025
v 43.925043 28.156426 19.261077
v 44.069944 28.566826 19.143237
v 44.249004 28.962444 18.997616
v 44.460721 29.336342 18.825438
v 44.702476 29.681981 18.628830
v 44.970633 29.993589 18.410752
v 45.260714 30.266480 18.174844
v 45.567646 30.497278 17.925231
v 45.886046 30.684047 17.666293
v 46.535874 30.924874 17.137819
v 45.497553 30.924874 15.861064
v 44.847724 30.684047 16.389537
v 44.529324 30.497278 16.648475
v 44.222392 30.266480 16.898088
v 43.932311 29.993589 17.133996
v 43.664155 29.681981 17.352074
v 43.422399 29.336342 17.548682
v 43.210683 28.962444 17.720860
v 43.031623 28.566826 17.866481
v 42.886722 28.156426 17.984322
v 42.699881 27.318834 18.136269
v 43.809403 30.684047 15.112781
v 43.491003 30.497278 15.371720
v 43.184071 30.266480 15.621332
v 42.893990 29.993589 15.857240
v 42.625833 29.681981 16.075319
v 42.384078 29.336342 16.271926
v 42.172362 28.962444 16.444104
v 41.993302 28.566826 16.589725
v 41.848400 28.156426 16.707566
v 41.661560 27.318834 16.859514
v 42.971842 30.497278 14.733342
v 42.664910 30.266480 14.982954
v 42.374829 29.993589 15.218862
v 42.106672 29.681981 15.436941
v 41.864917 29.336342 15.633548
v 41.653201 28.962444 15.805726
v 41.474141 28.566826 15.951347
v 41.329240 28.156426 16.069188
v 40.623239 27.318834 15.582758
v 42.145749 30.266480 14.344576
v 41.855669 29.993589 14.580484
v 41.587512 29.681981 14.798563
v 41.345757 29.336342 14.995170
v 41.134040 28.962444 15.167349
v 40.954980 28.566826 15.312969
v 40.810079 28.156426 15.430810
v 41.068351 29.681981 14.160185
v 40.826596 29.336342 14.356792
v 40.614879 28.962444 14.528971
v 40.435819 28.566826 14.674591
v 40.290918 28.156426 14.792432
v 40.104078 27.318834 14.944380
v 40.095719 28.962444 13.890593
v 39.771758 28.156426 14.154054
v 40.307435 29.336342 13.718414
v 39.248890 28.156426 13.511118
v 39.063903 27.318834 13.665345
v 48.856122 30.999990 15.305245
v 49.078628 30.919999 14.397244
v 49.294727 30.684234 13.515393
v 49.497693 30.295263 12.687134
v 49.679997 29.759828 11.943188
v 49.761269 29.439460 11.611538
v 49.834398 29.087355 11.313110
v 49.898342 28.706665 11.052170
v 49.952333 28.299579 10.831844
v 49.995538 27.869037 10.655535
v 50.026886 27.422812 10.527612
v 50.045937 26.965302 10.449866
v 50.052361 26.500000 10.423651
v 44.270336 26.500000 11.750149
v 48.623654 27.318834 10.828499
v 46.455394 27.318834 11.325935
v 41.396122 27.318834 12.486621
v 46.538982 30.924874 15.006480
v 46.351690 30.684047 14.190096
v 46.259921 30.497278 13.790088
v 46.171457 30.266480 13.404487
v 46.087851 29.993589 13.040057
v 46.010563 29.681981 12.703170
v 45.940884 29.336342 12.399451
v 45.879864 28.962444 12.133471
v 45.828255 28.566826 11.908517
v 45.786492 28.156426 11.726476
v 45.732641 27.318834 11.491748
v 44.287135 27.318834 11.823372
v 44.340986 28.156426 12.058101
v 44.382749 28.566826 12.240141
v 44.434357 28.962444 12.465095
v 44.495378 29.336342 12.731076
v 44.565056 29.681981 13.034795
v 44.642344 29.993589 13.371682
v 44.725951 30.266480 13.736112
v 44.814414 30.497278 14.121713
v 44.906183 30.684047 14.521720
v 45.093476 30.924874 15.338104
v 47.178148 27.318834 11.160123
v 47.231998 28.156426 11.394852
v 47.273762 28.566826 11.576892
v 47.325370 28.962444 11.801846
v 47.386391 29.336342 12.067827
v 47.456069 29.681981 12.371546
v 47.533357 29.993589 12.708433
v 47.616964 30.266480 13.072863
v 47.705427 30.497278 13.458464
v 47.797196 30.684047 13.858471
v 47.984489 30.924874 14.674855
v 48.707242 30.924874 14.509043
v 48.519949 30.684047 13.692659
v 48.428180 30.497278 13.292651
v 48.339717 30.266480 12.907051
v 48.256110 29.993589 12.542620
v 48.178822 29.681981 12.205733
v 48.109144 29.336342 11.902015
v 48.048123 28.962444 11.636034
v 47.996515 28.566826 11.411080
v 47.954752 28.156426 11.229040
v 47.900901 27.318834 10.994311
v 49.242702 30.684047 13.526847
v 49.150933 30.497278 13.126839
v 49.062470 30.266480 12.741238
v 48.978863 29.993589 12.376808
v 48.901575 29.681981 12.039921
v 48.831897 29.336342 11.736203
v 48.770876 28.962444 11.470222
v 48.719268 28.566826 11.245268
v 48.677505 28.156426 11.063228
v 49.554650 29.336342 11.570390
v 49.493630 28.962444 11.304410
v 49.442021 28.566826 11.079455
v 49.400258 28.156426 10.897415
v 49.346407 27.318834 10.662687
v 49.624329 29.681981 11.874109
v 42.841629 27.318834 12.154997
v 42.895480 28.156426 12.389725
v 42.937243 28.566826 12.571766
v 42.988851 28.962444 12.796720
v 43.049872 29.336342 13.062700
v 43.119550 29.681981 13.366419
v 43.196838 29.993589 13.703306
v 43.280445 30.266480 14.067736
v 43.368908 30.497278 14.453337
v 41.751332 29.993589 14.034930
v 41.674044 29.681981 13.698043
v 41.604365 29.336342 13.394325
v 41.543345 28.962444 13.128344
v 41.491736 28.566826 12.903390
v 41.449973 28.156426 12.721350
v 46.509245 28.156426 11.560664
v 46.551008 28.566826 11.742704
v 46.602617 28.962444 11.967659
v 46.663638 29.336342 12.233639
v 46.733316 29.681981 12.537358
v 46.810604 29.993589 12.874245
v 46.894210 30.266480 13.238675
v 46.982674 30.497278 13.624276
v 47.074443 30.684047 14.024284
v 47.261735 30.924874 14.840668
v 54.060675 30.999990 19.743711
v 54.488805 30.913452 18.967204
v 54.901083 30.660469 18.219449
v 55.282627 30.249050 17.527437
v 55.618525 29.693510 16.918214
v 55.895682 29.013308 16.415531
v 56.102593 28.233909 16.040253
v 56.230559 27.384744 15.808158
v 56.273850 26.500000 15.729642
v 53.163105 26.500000 13.076646
v 51.990893 30.924874 16.915037
v 55.629053 27.318834 15.278465
v 54.330875 27.318834 14.171314
v 51.734517 27.318834 11.957013
v 49.394535 30.924874 14.700735
v 49.938054 30.684047 14.063438
v 50.204365 30.497278 13.751177
v 50.461084 30.266480 13.450164
v 50.703708 29.993589 13.165677
v 50.927996 29.681981 12.902691
v 51.130201 29.336342 12.665598
v 51.307281 28.962444 12.457964
v 51.457047 28.566826 12.282357
v 51.578243 28.156426 12.140250
v 55.221073 30.266480 17.509717
v 54.964354 30.497278 17.810731
v 54.698043 30.684047 18.122991
v 53.289072 30.924874 18.022188
v 54.154524 30.924874 18.760288
v 56.061780 27.318834 15.647516
v 55.905506 28.156426 15.830753
v 55.784310 28.566826 15.972860
v 55.634544 28.962444 16.148467
v 55.457463 29.336342 16.356101
v 55.255258 29.681981 16.593194
v 55.030971 29.993589 16.856180
v 54.788347 30.266480 17.140667
v 54.531628 30.497278 17.441680
v 54.265317 30.684047 17.753940
v 52.856346 30.924874 17.653137
v 53.721798 30.924874 18.391238
v 52.599969 27.318834 12.695113
v 52.443696 28.156426 12.878351
v 52.322500 28.566826 13.020458
v 52.172733 28.962444 13.196065
v 51.995653 29.336342 13.403699
v 51.793448 29.681981 13.640792
v 51.569161 29.993589 13.903778
v 51.326537 30.266480 14.188265
v 51.069817 30.497278 14.489278
v 50.803507 30.684047 14.801538
v 50.259988 30.924874 15.438836
v 51.125440 30.924874 16.176936
v 51.668959 30.684047 15.539639
v 51.935270 30.497278 15.227379
v 52.191989 30.266480 14.926365
v 52.434614 29.993589 14.641878
v 52.658901 29.681981 14.378892
v 52.861106 29.336342 14.141799
v 53.038186 28.962444 13.934165
v 53.187952 28.566826 13.758558
v 53.309148 28.156426 13.616451
v 53.465422 27.318834 13.433214
v 55.472779 28.156426 15.461703
v 55.351584 28.566826 15.603810
v 55.201817 28.962444 15.779417
v 55.024737 29.336342 15.987050
v 54.822532 29.681981 16.224144
v 54.598245 29.993589 16.487130
v 54.355620 30.266480 16.771617
v 54.098901 30.497278 17.072630
v 53.832591 30.684047 17.384890
v 55.196327 27.318834 14.909415
v 55.040053 28.156426 15.092652
v 54.918857 28.566826 15.234759
v 54.769091 28.962444 15.410366
v 54.592011 29.336342 15.618000
v 54.389806 29.681981 15.855094
v 54.165519 29.993589 16.118079
v 53.922894 30.266480 16.402566
v 53.666175 30.497278 16.703580
v 53.399864 30.684047 17.015840
v 54.763601 27.318834 14.540365
v 54.607327 28.156426 14.723602
v 54.486131 28.566826 14.865709
v 54.336365 28.962444 15.041316
v 54.159285 29.336342 15.248950
v 53.957080 29.681981 15.486043
v 53.732792 29.993589 15.749029
v 53.490168 30.266480 16.033516
v 53.233449 30.497278 16.334529
v 52.967138 30.684047 16.646789
v 52.423619 30.924874 17.284087
v 54.174601 28.156426 14.354552
v 54.053405 28.566826 14.496659
v 53.903639 28.962444 14.672266
v 53.726558 29.336342 14.879900
v 53.524353 29.681981 15.116993
v 53.300066 29.993589 15.379979
v 53.057442 30.266480 15.664466
v 52.800723 30.497278 15.965479
v 52.534412 30.684047 16.277739
v 72.245931 30.999990 25.401576
v 71.853262 30.929298 24.457187
v 71.468233 30.719323 23.531174
v 71.099082 30.366340 22.643346
v 70.756769 29.865819 21.820068
v 70.600013 29.559121 21.443062
v 70.455665 29.214687 21.095896
v 70.326239 28.833490 20.784621
v 70.214677 28.418081 20.516309
v 70.123520 27.970287 20.297073
v 70.055752 27.495406 20.134086
v 70.014147 27.003829 20.034025
v 70.000000 26.500000 20.000000
v 69.082393 30.924874 23.569725
v 67.879283 27.318834 19.418899
v 58.847842 30.924874 20.385642
v 62.193421 27.318834 17.649964
v 59.096663 30.684047 19.585861
v 59.218579 30.497278 19.193989
v 59.336104 30.266480 18.816230
v 59.447176 29.993589 18.459211
v 59.549854 29.681981 18.129176
v 59.642422 29.336342 17.831634
v 59.723489 28.962444 17.571062
v 59.792052 28.566826 17.350683
v 59.847534 28.156426 17.172345
v 59.919076 27.318834 16.942390
v 65.670876 30.924874 22.508364
v 65.919697 30.684047 21.708583
v 66.041613 30.497278 21.316710
v 66.159138 30.266480 20.938952
v 66.270210 29.993589 20.581933
v 66.372888 29.681981 20.251897
v 66.465457 29.336342 19.954356
v 66.546523 28.962444 19.693784
v 66.615086 28.566826 19.473405
v 66.670569 28.156426 19.295067
v 66.742110 27.318834 19.065112
v 64.467765 27.318834 18.357538
v 64.396224 28.156426 18.587493
v 64.340741 28.566826 18.765831
v 64.272179 28.962444 18.986210
v 64.191112 29.336342 19.246782
v 64.098543 29.681981 19.544323
v 63.995866 29.993589 19.874359
v 63.884793 30.266480 20.231378
v 63.767268 30.497278 20.609137
v 63.645352 30.684047 21.001009
v 63.396531 30.924874 21.800790
v 70.219566 30.924874 23.923512
v 71.356738 30.924874 24.277299
v 71.158888 30.497278 22.908752
v 71.036973 30.684047 23.300624
v 70.788152 30.924874 24.100405
v 70.818900 29.993589 21.997081
v 70.707827 30.266480 22.354100
v 70.590302 30.497278 22.731858
v 70.468386 30.684047 23.123731
v 67.945221 30.924874 23.215938
v 70.352991 29.681981 21.490152
v 69.784405 29.681981 21.313258
v 70.250314 29.993589 21.820187
v 70.139241 30.266480 22.177206
v 70.021716 30.497278 22.554965
v 69.899800 30.684047 22.946838
v 69.650979 30.924874 23.746618
v 70.026603 28.566826 20.534766
v 68.889430 28.566826 20.180979
v 69.958040 28.962444 20.755145
v 69.876974 29.336342 21.015716
v 69.681727 29.993589 21.643294
v 69.570655 30.266480 22.000313
v 69.453130 30.497278 22.378071
v 69.331214 30.684047 22.769944
v 70.445560 29.336342 21.192610
v 70.082086 28.156426 20.356428
v 69.016455 27.318834 19.772686
v 68.944913 28.156426 20.002641
v 68.820868 28.962444 20.401358
v 68.739801 29.336342 20.661929
v 68.647233 29.681981 20.959471
v 68.544555 29.993589 21.289507
v 68.433483 30.266480 21.646526
v 68.315958 30.497278 22.024284
v 68.194042 30.684047 22.416157
v 67.807741 28.156426 19.648854
v 67.752258 28.566826 19.827192
v 67.683696 28.962444 20.047571
v 67.602629 29.336342 20.308142
v 67.510060 29.681981 20.605684
v 67.407383 29.993589 20.935720
v 67.296310 30.266480 21.292739
v 67.178785 30.497278 21.670497
v 67.056869 30.684047 22.062370
v 66.808049 30.924874 22.862151
v 62.121879 28.156426 17.879919
v 62.066396 28.566826 18.058257
v 61.997834 28.962444 18.278636
v 61.916767 29.336342 18.539208
v 61.824199 29.681981 18.836749
v 61.721521 29.993589 19.166785
v 61.610448 30.266480 19.523804
v 61.492923 30.497278 19.901563
v 61.371007 30.684047 20.293435
v 61.122187 30.924874 21.093216
v 81.519690 30.999990 7.635414
v 80.578919 30.920751 7.641187
v 79.664450 30.687026 7.646799
v 78.804027 30.300763 7.652080
v 78.029267 29.767788 7.656834
v 77.683224 29.448339 7.658958
v 77.371183 29.096526 7.660873
v 77.097963 28.715645 7.662550
v 76.866965 28.307852 7.663967
v 76.681826 27.875914 7.665104
v 76.547328 27.427703 7.665929
v 76.465537 26.967887 7.666431
v 76.437942 26.500000 7.666600
v 79.064590 30.924874 10.589740
v 74.707890 27.318834 11.143273
v 73.844716 30.924874 20.589644
v 71.807960 27.318834 16.698775
v 73.102197 30.684047 20.202054
v 72.738380 30.497278 20.012145
v 72.387668 30.266480 19.829076
v 72.056210 29.993589 19.656057
v 71.749804 29.681981 19.496115
v 71.473565 29.336342 19.351921
v 71.231649 28.962444 19.225643
v 71.027048 28.566826 19.118843
v 70.861479 28.156426 19.032416
v 70.647988 27.318834 18.920976
v 77.324632 30.924874 13.923041
v 76.582113 30.684047 13.535452
v 76.218297 30.497278 13.345542
v 75.867584 30.266480 13.162473
v 75.536126 29.993589 12.989455
v 75.229720 29.681981 12.829513
v 74.953481 29.336342 12.685318
v 74.711566 28.962444 12.559040
v 74.506965 28.566826 12.452240
v 74.341395 28.156426 12.365814
v 75.867862 27.318834 8.921072
v 74.127904 27.318834 12.254373
v 72.967932 27.318834 14.476574
v 73.181423 28.156426 14.588015
v 73.346993 28.566826 14.674441
v 73.551594 28.962444 14.781241
v 73.793509 29.336342 14.907519
v 74.069748 29.681981 15.051714
v 74.376154 29.993589 15.211655
v 74.707612 30.266480 15.384674
v 75.058325 30.497278 15.567743
v 75.422141 30.684047 15.757652
v 76.164660 30.924874 16.145242
v 79.934570 30.924874 8.923089
v 79.118227 30.497278 7.790040
v 79.482043 30.684047 7.979950
v 79.644577 30.924874 9.478640
v 80.224563 30.924874 8.367539
v 80.514556 30.924874 7.811989
v 77.549664 29.681981 8.385111
v 78.146063 29.993589 7.989503
v 77.856070 29.993589 8.545053
v 78.477521 30.266480 8.162521
v 78.828234 30.497278 8.345590
v 79.192050 30.684047 8.535500
v 77.839657 29.681981 7.829561
v 76.371346 28.156426 8.476962
v 76.826909 28.566826 8.007838
v 76.536916 28.566826 8.563389
v 77.031510 28.962444 8.114638
v 77.273425 29.336342 8.240916
v 78.187528 30.266480 8.718071
v 78.538241 30.497278 8.901141
v 78.902057 30.684047 9.091050
v 78.484604 30.924874 11.700840
v 77.563418 29.336342 7.685366
v 76.661339 28.156426 7.921412
v 76.447848 27.318834 7.809971
v 76.157855 27.318834 8.365522
v 76.741517 28.962444 8.670189
v 76.983432 29.336342 8.796467
v 77.259671 29.681981 8.940661
v 77.566077 29.993589 9.100603
v 77.897535 30.266480 9.273622
v 78.248248 30.497278 9.456691
v 78.612064 30.684047 9.646600
v 79.354583 30.924874 10.034190
v 76.081353 28.156426 9.032513
v 76.246923 28.566826 9.118939
v 76.451524 28.962444 9.225739
v 76.693439 29.336342 9.352017
v 76.969678 29.681981 9.496212
v 77.276084 29.993589 9.656153
v 77.607542 30.266480 9.829172
v 77.958255 30.497278 10.012241
v 78.322071 30.684047 10.202150
v 75.287876 27.318834 10.032172
v 75.501367 28.156426 10.143613
v 75.666937 28.566826 10.230039
v 75.871538 28.962444 10.336839
v 76.113453 29.336342 10.463117
v 76.389692 29.681981 10.607312
v 76.696098 29.993589 10.767254
v 77.027556 30.266480 10.940272
v 77.378269 30.497278 11.123342
v 77.742085 30.684047 11.313251
v 74.921381 28.156426 11.254713
v 75.086951 28.566826 11.341140
v 75.291552 28.962444 11.447940
v 75.533467 29.336342 11.574218
v 75.809706 29.681981 11.718412
v 76.116112 29.993589 11.878354
v 76.447570 30.266480 12.051373
v 76.798283 30.497278 12.234442
v 77.162099 30.684047 12.424351
v 77.904618 30.924874 12.811941
v 72.021451 28.156426 16.810216
v 72.187021 28.566826 16.896642
v 72.391621 28.962444 17.003442
v 72.633537 29.336342 17.129720
v 72.909776 29.681981 17.273915
v 73.216182 29.993589 17.433856
v 73.547640 30.266480 17.606875
v 73.898352 30.497278 17.789944
v 74.262169 30.684047 17.979853
v 75.004688 30.924874 18.367443
v 74.490695 30.684047 -1.959077
v 78.417460 30.924874 3.575043
v 73.248291 27.318834 1.576074
v 75.241452 27.318834 5.282820
v 73.646923 27.318834 2.317424
v 72.451026 27.318834 0.093376
v 73.859031 28.156426 2.203371
v 74.023527 28.566826 2.114919
v 74.226802 28.962444 2.005616
v 74.467149 29.336342 1.876378
v 74.741598 29.681981 1.728804
v 75.046018 29.993589 1.565114
v 75.375327 30.266480 1.388040
v 75.723766 30.497278 1.200680
v 76.085224 30.684047 1.006320
v 76.822931 30.924874 0.609646
v 75.686592 30.684047 0.264971
v 75.325134 30.497278 0.459331
v 74.976695 30.266480 0.646691
v 74.647386 29.993589 0.823765
v 74.342965 29.681981 0.987455
v 74.068517 29.336342 1.135029
v 73.828169 28.962444 1.264267
v 73.624895 28.566826 1.373570
v 73.460398 28.156426 1.462022
v 72.748436 29.681981 -1.977942
v 73.052856 29.993589 -2.141632
v 73.382165 30.266480 -2.318705
v 73.780798 30.266480 -1.577356
v 73.730605 30.497278 -2.506065
v 74.092063 30.684047 -2.700426
v 72.264501 28.156426 -0.762026
v 72.663134 28.156426 -0.020677
v 72.428998 28.566826 -0.850477
v 72.632273 28.962444 -0.959781
v 72.872620 29.336342 -1.089018
v 73.147068 29.681981 -1.236592
v 73.451489 29.993589 -1.400283
v 74.129237 30.497278 -1.764716
v 75.287960 30.684047 -0.476378
v 72.052394 27.318834 -0.647973
v 79.214725 30.924874 5.057741
v 78.477018 30.684047 5.454415
v 78.115560 30.497278 5.648775
v 77.767121 30.266480 5.836135
v 77.437812 29.993589 6.013209
v 77.133391 29.681981 6.176899
v 76.858943 29.336342 6.324473
v 76.618596 28.962444 6.453711
v 76.415321 28.566826 6.563014
v 76.250824 28.156426 6.651466
v 76.038717 27.318834 6.765518
v 74.444188 27.318834 3.800122
v 74.656295 28.156426 3.686069
v 74.820792 28.566826 3.597617
v 75.024066 28.962444 3.488314
v 75.264414 29.336342 3.359077
v 75.538862 29.681981 3.211502
v 75.843282 29.993589 3.047812
v 76.172591 30.266480 2.870739
v 76.521031 30.497278 2.683379
v 76.882489 30.684047 2.489018
v 77.620195 30.924874 2.092345
v 72.827630 28.566826 -0.109128
v 73.030905 28.962444 -0.218431
v 73.271252 29.336342 -0.347669
v 73.545701 29.681981 -0.495243
v 73.850121 29.993589 -0.658934
v 74.179430 30.266480 -0.836007
v 74.527869 30.497278 -1.023367
v 74.889327 30.684047 -1.217727
v 72.849659 27.318834 0.834725
v 73.061766 28.156426 0.720673
v 73.226262 28.566826 0.632221
v 73.429537 28.962444 0.522918
v 73.669885 29.336342 0.393680
v 73.944333 29.681981 0.246106
v 74.248753 29.993589 0.082415
v 74.578062 30.266480 -0.094658
v 74.926502 30.497278 -0.282018
v 75.453560 28.156426 5.168767
v 75.618056 28.566826 5.080316
v 75.821331 28.962444 4.971012
v 76.061678 29.336342 4.841775
v 76.336127 29.681981 4.694201
v 76.640547 29.993589 4.530510
v 76.969856 30.266480 4.353437
v 77.318295 30.497278 4.166077
v 77.679753 30.684047 3.971717
v 53.072558 30.808071 4.812623
v 53.507517 30.550047 5.640448
v 53.923378 30.177358 6.431925
v 54.310128 29.682424 7.167997
v 54.652172 29.058943 7.818985
v 54.800053 28.698493 8.100435
v 54.928288 28.306824 8.344495
v 55.033630 27.885186 8.544986
v 55.112328 27.438053 8.694766
v 55.160817 26.975082 8.787050
v 55.177354 26.500000 8.818525
v 54.468432 29.681981 6.660422
v 54.319787 30.808263 0.801532
v 55.930016 27.318834 6.146363
v 57.304009 27.318834 1.729957
v 55.418982 30.808263 -2.731593
v 56.060189 30.545345 -2.532106
v 56.668564 30.167037 -2.342834
v 57.216418 29.681981 -2.172390
v 57.513960 29.336342 -2.079822
v 57.774531 28.962444 -1.998755
v 57.994910 28.566826 -1.930193
v 58.173248 28.156426 -1.874710
v 58.403203 27.318834 -1.803168
v 56.754412 27.318834 3.496519
v 56.524456 28.156426 3.424978
v 56.346118 28.566826 3.369495
v 56.125739 28.962444 3.300933
v 55.865168 29.336342 3.219866
v 55.567626 29.681981 3.127297
v 55.019772 30.167037 2.956854
v 54.411397 30.545345 2.767582
v 53.770190 30.808263 2.568095
v 53.220593 30.808263 4.334658
v 53.861800 30.545345 4.534144
v 54.470175 30.167037 4.723417
v 55.018029 29.681981 4.893860
v 55.315571 29.336342 4.986428
v 55.576142 28.962444 5.067495
v 55.796521 28.566826 5.136058
v 55.974859 28.156426 5.191540
v 55.517818 27.318834 7.471285
v 56.204814 27.318834 5.263082
v 53.587001 30.545345 5.417426
v 54.195377 30.167037 5.606698
v 54.743230 29.681981 5.777141
v 55.040772 29.336342 5.869710
v 55.301343 28.962444 5.950776
v 55.521723 28.566826 6.019339
v 55.700061 28.156426 6.074822
v 54.765973 29.336342 6.752991
v 55.026545 28.962444 6.834058
v 55.246924 28.566826 6.902620
v 55.425262 28.156426 6.958103
v 55.655217 27.318834 7.029645
v 55.287863 28.156426 7.399744
v 55.109525 28.566826 7.344261
v 54.889145 28.962444 7.275698
v 54.628574 29.336342 7.194632
v 54.331032 29.681981 7.102063
v 54.751746 28.962444 7.717339
v 54.972125 28.566826 7.785901
v 55.150463 28.156426 7.841384
v 55.380418 27.318834 7.912926
v 55.013064 28.156426 8.283025
v 55.243019 27.318834 8.354567
v 57.074054 28.156426 1.658415
v 56.895716 28.566826 1.602932
v 56.675336 28.962444 1.534370
v 56.414765 29.336342 1.453303
v 56.117223 29.681981 1.360735
v 55.569370 30.167037 1.190291
v 54.960994 30.545345 1.001019
v 51.474740 26.500000 7.666600
v 49.645750 27.318834 7.018904
v 51.497058 27.318834 7.594866
v 51.568599 28.156426 7.364911
v 51.624082 28.566826 7.186573
v 51.692644 28.962444 6.966193
v 51.773711 29.336342 6.705622
v 51.866280 29.681981 6.408080
v 52.036723 30.167037 5.860227
v 52.225995 30.545345 5.251851
v 52.425482 30.808263 4.610644
v 51.300342 30.545345 4.963870
v 51.111069 30.167037 5.572246
v 50.940626 29.681981 6.120099
v 50.848058 29.336342 6.417641
v 50.766991 28.962444 6.678212
v 50.698429 28.566826 6.898592
v 50.642946 28.156426 7.076930
v 50.571404 27.318834 7.306885
v 50.185416 30.167037 5.284265
v 50.014973 29.681981 5.832118
v 49.922404 29.336342 6.129660
v 49.841337 28.962444 6.390231
v 49.772775 28.566826 6.610611
v 49.717292 28.156426 6.788949
v 49.182924 27.318834 6.874913
v 49.552146 29.681981 5.688128
v 49.459577 29.336342 5.985669
v 49.378511 28.962444 6.246241
v 49.309948 28.566826 6.466620
v 49.254465 28.156426 6.644958
v 48.915684 28.962444 6.102250
v 48.847121 28.566826 6.322629
v 48.791639 28.156426 6.500967
v 48.720097 27.318834 6.730923
v 48.328812 28.156426 6.356977
v 48.257270 27.318834 6.586932
v 53.348365 27.318834 8.170828
v 53.419906 28.156426 7.940873
v 53.475389 28.566826 7.762535
v 53.543951 28.962444 7.542156
v 53.625018 29.336342 7.281584
v 53.717587 29.681981 6.984043
v 53.888030 30.167037 6.436189
v 82.181280 31.567867 31.227128
v 81.894167 31.353327 31.052715
v 91.439335 36.000000 8.422256
v 91.371259 35.089320 8.443018
v 91.167062 34.202077 8.505292
v 90.827022 33.362719 8.608996
v 90.353758 32.600559 8.753329
v 89.751793 31.946470 8.936912
v 89.407434 31.672338 9.041933
v 89.037124 31.439316 9.154867
v 88.642801 31.251285 9.275125
v 88.231196 31.113561 9.400654
v 87.808027 31.029222 9.529709
v 87.376645 31.000010 9.661269
v 81.590673 31.062389 29.562209
v 82.998610 31.062389 25.154755
v 85.266402 34.967386 27.498259
v 87.612962 34.967386 20.152504
v 83.861930 33.917096 31.097284
v 84.096586 33.917096 30.362708
v 83.683224 33.410968 31.040197
v 83.463804 32.932440 30.970105
v 83.206878 32.492267 30.888031
v 82.917290 32.099942 30.795524
v 82.424223 31.607863 30.638017
v 82.129602 31.261437 29.734366
v 81.894946 31.261437 30.468942
v 84.093121 34.967386 31.171137
v 86.753107 31.062389 13.401547
v 87.292035 31.261437 13.573705
v 87.821313 31.607863 13.742780
v 88.314379 32.099942 13.900287
v 88.603967 32.492267 13.992794
v 88.860893 32.932440 14.074868
v 89.080313 33.410968 14.144961
v 89.259019 33.917096 14.202047
v 89.490211 34.967386 14.275900
v 84.875858 31.062389 19.278151
v 85.414787 31.261437 19.450309
v 85.944064 31.607863 19.619384
v 86.437131 32.099942 19.776891
v 86.726719 32.492267 19.869399
v 86.983644 32.932440 19.951472
v 87.203065 33.410968 20.021565
v 87.381771 33.917096 20.078651
v 86.674338 34.967386 23.090806
v 83.937234 31.062389 22.216453
v 84.476162 31.261437 22.388611
v 85.005440 31.607863 22.557686
v 85.498506 32.099942 22.715193
v 85.788094 32.492267 22.807701
v 86.045020 32.932440 22.889774
v 86.264440 33.410968 22.959867
v 86.443147 33.917096 23.016953
v 83.537538 31.261437 25.326913
v 84.066816 31.607863 25.495988
v 84.559882 32.099942 25.653495
v 84.849470 32.492267 25.746003
v 85.106396 32.932440 25.828076
v 85.325816 33.410968 25.898169
v 85.504522 33.917096 25.955255
v 84.562434 34.967386 29.701986
v 85.735714 34.967386 26.029108
v 82.529297 31.062389 26.623907
v 83.068226 31.261437 26.796064
v 83.597504 31.607863 26.965139
v 84.090570 32.099942 27.122646
v 84.380158 32.492267 27.215154
v 84.637084 32.932440 27.297227
v 84.856504 33.410968 27.367320
v 85.035210 33.917096 27.424406
v 82.059985 31.062389 28.093058
v 82.598914 31.261437 28.265215
v 83.128192 31.607863 28.434290
v 83.621258 32.099942 28.591797
v 83.910846 32.492267 28.684305
v 84.167772 32.932440 28.766378
v 84.387192 33.410968 28.836471
v 84.565898 33.917096 28.893557
v 84.797090 34.967386 28.967410
v 81.825329 31.062389 28.827633
v 82.364258 31.261437 28.999791
v 82.893535 31.607863 29.168866
v 83.386602 32.099942 29.326373
v 83.676190 32.492267 29.418880
v 83.933116 32.932440 29.500954
v 84.152536 33.410968 29.571046
v 84.331242 33.917096 29.628133
v 82.658879 31.607863 29.903441
v 83.151946 32.099942 30.060948
v 83.441534 32.492267 30.153456
v 83.698460 32.932440 30.235529
v 83.917880 33.410968 30.305622
v 84.327777 34.967386 30.436561
v 81.356017 31.062389 30.296784
v 120.000000 51.000000 -15.000000
v 90.076901 41.000010 21.413083
v 90.445049 41.030934 21.525588
v 90.804821 41.119817 21.635534
v 91.148710 41.261973 21.740626
v 91.470999 41.450600 21.839117
v 92.042340 41.941535 22.013718
v 92.522680 42.563113 22.160509
v 92.915500 43.307744 22.280554
v 93.207634 44.151721 22.369830
v 93.386283 45.057490 22.424425
v 95.786584 46.000000 8.310018
v 90.833281 41.062389 20.175183
v 91.720377 41.062389 14.816886
v 93.815910 44.967386 19.751447
v 94.555157 44.967386 15.286200
v 94.085967 41.062389 0.528095
v 96.920747 44.967386 0.997409
v 94.644128 41.261437 0.620501
v 95.192293 41.607863 0.711253
v 95.702955 42.099942 0.795796
v 96.002877 42.492267 0.845450
v 96.268972 42.932440 0.889503
v 96.496222 43.410968 0.927126
v 96.681306 43.917096 0.957768
v 92.903172 41.062389 7.672490
v 93.461333 41.261437 7.764897
v 94.009498 41.607863 7.855649
v 94.520160 42.099942 7.940192
v 94.820082 42.492267 7.989846
v 95.086177 42.932440 8.033899
v 95.313427 43.410968 8.071522
v 95.498510 43.917096 8.102163
v 95.737952 44.967386 8.141804
v 93.280769 43.917096 21.497905
v 93.428619 43.917096 20.604856
v 93.095686 43.410968 21.467263
v 92.868436 42.932440 21.429641
v 92.602341 42.492267 21.385587
v 92.302419 42.099942 21.335934
v 91.939607 41.607863 20.358341
v 91.391441 41.261437 20.267589
v 91.243592 41.261437 21.160639
v 91.791757 41.607863 21.251391
v 93.520211 44.967386 21.537546
v 92.311775 41.062389 11.244688
v 92.869935 41.261437 11.337095
v 93.418101 41.607863 11.427847
v 93.928762 42.099942 11.512390
v 94.228685 42.492267 11.562043
v 94.494779 42.932440 11.606097
v 94.722029 43.410968 11.643719
v 94.907113 43.917096 11.674361
v 95.146555 44.967386 11.714002
v 93.668061 44.967386 20.644497
v 93.243535 43.410968 20.574214
v 93.016285 42.932440 20.536591
v 92.750191 42.492267 20.492538
v 92.450268 42.099942 20.442884
v 91.128980 41.062389 18.389084
v 90.685431 41.062389 21.068232
v 93.576468 43.917096 19.711806
v 93.391385 43.410968 19.681164
v 93.164134 42.932440 19.643542
v 92.898040 42.492267 19.599488
v 92.598118 42.099942 19.549835
v 92.087456 41.607863 19.465292
v 91.539291 41.261437 19.374540
v 90.981130 41.062389 19.282133
v 93.963759 44.967386 18.858398
v 93.724318 43.917096 18.818757
v 93.539234 43.410968 18.788115
v 93.311984 42.932440 18.750492
v 93.045889 42.492267 18.706439
v 92.745967 42.099942 18.656785
v 92.235305 41.607863 18.572242
v 91.687140 41.261437 18.481490
v 94.259458 44.967386 17.072299
v 94.020016 43.917096 17.032658
v 93.834933 43.410968 17.002016
v 93.607683 42.932440 16.964394
v 93.341588 42.492267 16.920340
v 93.041666 42.099942 16.870686
v 92.531004 41.607863 16.786143
v 91.982839 41.261437 16.695391
v 91.424678 41.062389 16.602985
v 94.315715 43.917096 15.246559
v 94.130632 43.410968 15.215917
v 93.903381 42.932440 15.178295
v 93.637287 42.492267 15.134241
v 93.337365 42.099942 15.084587
v 92.826703 41.607863 15.000044
v 92.278538 41.261437 14.909293
v 86.125011 41.062389 31.358024
v 92.140772 44.967386 25.116053
v 87.567540 41.261437 29.565015
v 88.290491 41.062389 26.625102
v 87.053074 41.062389 29.329629
v 90.063950 43.917096 29.071867
v 90.682658 43.917096 27.719603
v 89.893355 43.410968 28.993814
v 89.683895 42.932440 28.897978
v 90.302603 42.932440 27.545715
v 89.438631 42.492267 28.785761
v 89.162187 42.099942 28.659279
v 88.691502 41.607863 28.443923
v 88.186248 41.261437 28.212752
v 87.671782 41.062389 27.977366
v 90.284647 44.967386 29.172844
v 89.527907 41.062389 23.920575
v 90.042373 41.261437 24.155962
v 90.547627 41.607863 24.387133
v 91.018313 42.099942 24.602488
v 91.294756 42.492267 24.728971
v 91.540020 42.932440 24.841188
v 91.749480 43.410968 24.937023
v 91.920075 43.917096 25.015077
v 85.970334 41.062389 31.696090
v 90.903356 44.967386 27.820580
v 90.512063 43.410968 27.641550
v 90.057339 42.492267 27.433498
v 89.780896 42.099942 27.307015
v 89.310210 41.607863 27.091660
v 88.804957 41.261437 26.860489
v 86.434365 41.062389 30.681892
v 86.279688 41.062389 31.019958
v 86.552409 31.062389 8.314811
v 89.864133 34.967386 7.271628
v 87.316848 34.967386 5.255311
v 83.495667 31.062389 5.895230
v 83.846804 31.261437 5.451625
v 84.191653 31.607863 5.015965
v 84.512909 32.099942 4.610111
v 84.701590 32.492267 4.371744
v 84.868989 32.932440 4.160263
v 85.011951 33.410968 3.979653
v 85.128387 33.917096 3.832556
v 85.279019 34.967386 3.642257
v 89.354676 34.967386 6.868365
v 90.628319 34.967386 7.876523
v 89.204044 33.917096 7.058664
v 89.087608 33.410968 7.205761
v 88.944646 32.932440 7.386371
v 88.777247 32.492267 7.597852
v 88.588566 32.099942 7.836219
v 88.267310 31.607863 8.242073
v 87.922461 31.261437 8.677733
v 87.571324 31.062389 9.121338
v 88.431918 31.261437 9.080997
v 88.776767 31.607863 8.645336
v 89.098023 32.099942 8.239482
v 89.286704 32.492267 8.001116
v 89.454103 32.932440 7.789634
v 89.597066 33.410968 7.609024
v 89.713501 33.917096 7.461927
v 89.607481 32.099942 8.642746
v 89.796161 32.492267 8.404379
v 89.963560 32.932440 8.192898
v 90.106523 33.410968 8.012288
v 90.222958 33.917096 7.865191
v 90.373590 34.967386 7.674892
v 89.286225 31.607863 9.048600
v 89.862209 32.099942 8.844377
v 90.050889 32.492267 8.606011
v 90.218289 32.932440 8.394529
v 90.361251 33.410968 8.213920
v 90.477687 33.917096 8.066822
v 90.883986 34.967386 8.078898
v 90.734292 33.917096 8.269940
v 90.618326 33.410968 8.417409
v 90.475833 32.932440 8.598390
v 90.987144 33.917096 8.470086
v 91.137776 34.967386 8.279787
v 88.335762 34.967386 6.061838
v 88.185130 33.917096 6.252137
v 88.068694 33.410968 6.399234
v 87.925732 32.932440 6.579844
v 87.758332 32.492267 6.791325
v 87.569652 32.099942 7.029692
v 87.248396 31.607863 7.435546
v 86.903547 31.261437 7.871206
v 85.533495 31.062389 7.508284
v 87.166215 33.917096 5.445610
v 87.049780 33.410968 5.592707
v 86.906817 32.932440 5.773317
v 86.739418 32.492267 5.984798
v 86.550738 32.099942 6.223165
v 86.229482 31.607863 6.629019
v 85.884632 31.261437 7.064679
v 122.181428 51.000000 -28.088568
v 120.000000 51.000000 -40.000000
v 120.000000 51.000000 1.940961
v 97.754836 51.000000 38.155151
v 98.867404 51.000000 39.250546
v 96.085523 51.000000 37.977737
v 47.772126 21.000000 6.514676
v 38.488311 21.000000 13.076646
v 50.052361 21.000000 10.423651
v 56.273850 21.000000 15.729642
v 70.000000 21.000000 20.000000
v 76.437942 21.000000 7.666600
v 71.877471 21.000000 -0.814652
v 58.888768 21.000000 -3.111021
v 55.177354 21.000000 8.818525
vt -0.170977 -0.224240 0.000000
vt -0.118388 -0.201037 0.000000
vt -0.174995 -0.225803 0.000000
vt -0.174995 -0.177413 0.000000
vt -0.070912 -0.173963 0.000000
vt -0.029354 -0.141631 0.000000
vt -0.174995 -0.129023 0.000000
vt 0.006382 -0.101197 0.000000
vt -0.174995 -0.080633 0.000000
vt 0.037262 -0.044048 0.000000
vt -0.174995 -0.032243 0.000000
vt -0.174995 0.016147 0.000000
vt 0.057926 0.033911 0.000000
vt -0.174995 0.064537 0.000000
vt 0.063380 0.120961 0.000000
vt -0.174995 0.112927 0.000000
vt -0.174995 0.161317 0.000000
vt 0.054500 0.201737 0.000000
vt -0.174995 0.209707 0.000000
vt 0.036641 0.261856 0.000000
vt -0.174995 0.258097 0.000000
vt 0.015699 0.303442 0.000000
vt -0.174995 0.306487 0.000000
vt -0.174995 0.354877 0.000000
vt -0.038134 0.366714 0.000000
vt -0.174995 0.403267 0.000000
vt -0.103575 0.413614 0.000000
vt -0.174995 0.451657 0.000000
vt 0.350000 0.611516 0.000000
vt 0.350000 0.684895 0.000000
vt -0.350000 0.652485 0.000000
vt 0.150000 0.705958 0.000000
vt -0.350000 0.724983 0.000000
vt 0.150000 0.775598 0.000000
vt -0.350000 0.797481 0.000000
vt 0.150000 0.845238 0.000000
vt -0.350000 0.869980 0.000000
vt 0.150000 0.914877 0.000000
vt -0.350000 0.942478 0.000000
vt -0.350000 -0.942478 0.000000
vt 0.150000 -0.970078 0.000000
vt 0.150000 -0.900438 0.000000
vt -0.350000 -0.869980 0.000000
vt 0.150000 -0.830799 0.000000
vt -0.350000 -0.797481 0.000000
vt 0.150000 -0.761159 0.000000
vt -0.350000 -0.724983 0.000000
vt 0.150000 -0.691519 0.000000
vt -0.350000 -0.652485 0.000000
vt 0.150000 -0.621879 0.000000
vt -0.350000 -0.579986 0.000000
vt 0.150000 -0.552240 0.000000
vt -0.350000 -0.507488 0.000000
vt 0.150000 -0.482600 0.000000
vt -0.350000 -0.434990 0.000000
vt 0.150000 -0.412960 0.000000
vt -0.350000 -0.362491 0.000000
vt 0.251897 -0.377685 0.000000
vt 0.350000 -0.342409 0.000000
vt -0.350000 -0.289993 0.000000
vt 0.350000 -0.269030 0.000000
vt -0.350000 -0.217495 0.000000
vt 0.350000 -0.195651 0.000000
vt -0.350000 -0.144997 0.000000
vt 0.350000 -0.122273 0.000000
vt -0.350000 -0.072498 0.000000
vt 0.350000 -0.048894 0.000000
vt -0.350000 0.000000 0.000000
vt 0.350000 0.024485 0.000000
vt -0.350000 0.072498 0.000000
vt 0.350000 0.097864 0.000000
vt -0.350000 0.144997 0.000000
vt 0.350000 0.171243 0.000000
vt -0.350000 0.217495 0.000000
vt 0.350000 0.244622 0.000000
vt -0.350000 0.289993 0.000000
vt 0.350000 0.318001 0.000000
vt -0.350000 0.362491 0.000000
vt 0.350000 0.391379 0.000000
vt -0.350000 0.434990 0.000000
vt 0.350000 0.464758 0.000000
vt -0.350000 0.507488 0.000000
vt 0.350000 0.538137 0.000000
vt -0.350000 0.579986 0.000000
vt 0.859324 0.500000 0.000000
vt 0.861506 0.504115 0.000000
vt 0.000000 0.500000 0.000000
vt 0.000000 0.650000 0.000000
vt 0.964966 0.516885 0.000000
vt -0.001609 0.667174 0.000000
vt 1.072428 0.525712 0.000000
vt -0.006434 0.684306 0.000000
vt -0.014462 0.701356 0.000000
vt -0.025674 0.718282 0.000000
vt 1.072428 1.000000 0.000000
vt -0.057535 0.751600 0.000000
vt -0.101710 0.783939 0.000000
vt -0.157773 0.814989 0.000000
vt -0.225185 0.844450 0.000000
vt -0.303296 0.872038 0.000000
vt -0.391354 0.897487 0.000000
vt -0.488512 0.920554 0.000000
vt -0.593833 0.941014 0.000000
vt -0.706303 0.958672 0.000000
vt -0.824838 0.973358 0.000000
vt -0.948299 0.984929 0.000000
vt -1.075494 0.993275 0.000000
vt -1.336168 1.000000 0.000000
vt 0.036999 0.000000 0.000000
vt 0.000000 0.005780 0.000000
vt -0.000000 0.000000 0.000000
vt 1.776980 0.000000 0.000000
vt 1.776980 0.005780 0.000000
vt -0.000000 0.000000 0.000000
vt 0.831471 0.390318 0.000000
vt 0.000000 0.500000 0.000000
vt 0.769870 0.500000 0.000000
vt 0.344745 -0.139123 0.000000
vt 0.414016 -0.133695 0.000000
vt 0.344745 0.335165 0.000000
vt 0.482678 -0.144349 0.000000
vt 0.547047 -0.170513 0.000000
vt 0.603671 -0.210784 0.000000
vt 0.637859 1.178943 0.000000
vt -0.388085 1.149936 0.000000
vt -0.437512 1.190591 0.000000
vt -0.961397 2.334899 0.000000
vt -0.494919 1.227127 0.000000
vt -0.559617 1.259114 0.000000
vt -0.630647 1.286037 0.000000
vt -0.706280 1.307285 0.000000
vt -0.785516 1.322665 0.000000
vt -0.867433 1.332013 0.000000
vt -0.951108 1.335165 0.000000
vt -1.313797 1.335165 0.000000
vt -1.768164 1.833705 0.000000
vt -1.313797 1.212215 0.000000
vt 0.649511 -0.263000 0.000000
vt 0.682110 -0.324363 0.000000
vt 0.844630 -0.664835 0.000000
vt 0.699717 -0.391578 0.000000
vt 0.701389 -0.461042 0.000000
vt 0.687036 -0.529026 0.000000
vt 0.713858 -0.664835 0.000000
vt 0.657427 -0.591886 0.000000
vt 0.663169 -0.660098 0.000000
vt 0.614152 -0.646248 0.000000
vt 0.844630 -1.164835 0.000000
vt 1.424988 -1.702805 0.000000
vt 1.525024 -1.722664 0.000000
vt 1.624650 -1.747750 0.000000
vt 0.853719 -1.276893 0.000000
vt 0.864934 -1.330976 0.000000
vt 0.880467 -1.383070 0.000000
vt 0.900189 -1.432592 0.000000
vt 0.923689 -1.478500 0.000000
vt 0.950664 -1.520294 0.000000
vt 0.980868 -1.557621 0.000000
vt 1.011451 -1.588067 0.000000
vt 1.045122 -1.615027 0.000000
vt 1.081631 -1.637763 0.000000
vt 1.120739 -1.655641 0.000000
vt 1.171200 -1.670273 0.000000
vt 1.222951 -1.676226 0.000000
vt -0.388085 0.335165 0.000000
vt 1.034612 0.000000 0.000000
vt 1.858179 -0.000000 0.000000
vt 1.828341 0.342544 0.000000
vt 1.858179 0.348672 0.000000
vt 0.000000 0.000000 0.000000
vt 0.949773 0.000000 0.000000
vt -0.000000 0.500000 0.000000
vt 0.949773 0.500000 0.000000
vt 0.000000 0.000000 0.000000
vt 1.973285 -0.000000 0.000000
vt -0.000000 0.500000 0.000000
vt 1.973285 0.500000 0.000000
vt 0.000000 0.348672 0.000000
vt 0.000000 0.000000 0.000000
vt 0.061798 0.344601 0.000000
vt 0.094020 0.343538 0.000000
vt 0.144695 0.342923 0.000000
vt 0.195143 0.348141 0.000000
vt 3.537760 0.000000 0.000000
vt 0.244463 0.359315 0.000000
vt 3.537760 0.500000 0.000000
vt 0.292016 0.376484 0.000000
vt 0.337046 0.399547 0.000000
vt 0.378542 0.428048 0.000000
vt 0.416100 0.461692 0.000000
vt 0.449186 0.500000 0.000000
vt 0.546058 0.000000 0.000000
vt 0.442584 0.500000 0.000000
vt 0.000000 0.000000 0.000000
vt 0.000000 0.500000 0.000000
vt 1.092489 -0.000000 0.000000
vt 2.807202 -0.000000 0.000000
vt 1.092489 0.500000 0.000000
vt 2.807202 0.500000 0.000000
vt -0.219320 -0.664835 0.000000
vt -0.471732 -0.664835 0.000000
vt -0.219320 -1.664835 0.000000
vt -0.082983 -2.334899 0.000000
vt 0.357925 -1.664835 0.000000
vt 0.357925 -2.296431 0.000000
vt -0.542758 4.477110 0.000000
vt -0.493757 4.482318 0.000000
vt -0.264570 4.604391 0.000000
vt -0.440915 3.985118 0.000000
vt -0.062991 0.869737 0.000000
vt -0.691913 3.958442 0.000000
vt 0.848690 1.179336 0.000000
vt -0.062991 -0.672094 0.000000
vt 0.348690 -1.820664 0.000000
vt -0.877829 -3.526079 0.000000
vt 0.348690 -4.604391 0.000000
vt 1.348690 -1.820664 0.000000
vt -0.877829 -4.604391 0.000000
vt 0.502264 0.000000 0.000000
vt 3.654349 0.000000 0.000000
vt 0.502264 1.000000 0.000000
vt 3.654349 1.000000 0.000000
vt 0.514586 3.343893 0.000000
vt 1.588894 -0.019157 0.000000
vt 1.088600 3.404899 0.000000
vt 1.717521 0.316194 0.000000
vt 1.717521 -2.033246 0.000000
vt 0.372670 -1.547155 0.000000
vt -0.178233 -3.556565 0.000000
vt -1.247633 -2.665164 0.000000
vt -1.247633 -3.897064 0.000000
vt -1.717521 -3.216067 0.000000
vt 0.391967 -0.322871 0.000000
vt 0.296061 -0.283287 0.000000
vt 0.201279 -0.229587 0.000000
vt 0.708141 1.000000 0.000000
vt 0.708141 0.368404 0.000000
vt 4.238614 1.000000 0.000000
vt 4.238614 0.000000 0.000000
vt 0.000000 0.000000 0.000000
vt 0.197625 0.377397 0.000000
vt 0.000000 1.000000 0.000000
vt 0.197625 1.000000 0.000000
vt 0.497163 0.133263 0.000000
vt 0.517432 -0.759287 0.000000
vt 0.565510 0.144471 0.000000
vt 0.611607 -0.759287 0.000000
vt 0.627434 0.093682 0.000000
vt 0.700528 0.048095 0.000000
vt 0.705781 -0.759287 0.000000
vt 0.742065 0.029131 0.000000
vt 0.799956 -0.759287 0.000000
vt 0.788297 0.013787 0.000000
vt 0.839259 0.003601 0.000000
vt 0.894131 0.000000 0.000000
vt 0.894131 -1.735280 0.000000
vt 0.799956 -1.211166 0.000000
vt 0.799956 -1.663044 0.000000
vt 0.705781 -1.211166 0.000000
vt 0.705781 -1.663044 0.000000
vt 0.611607 -1.211166 0.000000
vt 0.611607 -1.663044 0.000000
vt 0.517432 -1.211166 0.000000
vt 0.517432 -1.663044 0.000000
vt 0.452753 -1.211166 0.000000
vt 0.452753 -1.663044 0.000000
vt 0.388074 -1.211166 0.000000
vt 0.388074 -1.663044 0.000000
vt 0.323395 -1.211166 0.000000
vt 0.323395 -1.663044 0.000000
vt 0.258716 -1.211166 0.000000
vt 0.258716 -1.663044 0.000000
vt 0.194037 -1.211166 0.000000
vt 0.194037 -1.663044 0.000000
vt 0.129358 -1.211166 0.000000
vt 0.129358 -1.663044 0.000000
vt 0.064679 -1.211166 0.000000
vt 0.064679 -1.663044 0.000000
vt 0.000000 -1.656730 0.000000
vt 0.001442 -3.330588 0.000000
vt 0.000000 -3.330268 0.000000
vt 0.452753 -0.759287 0.000000
vt 0.429373 0.120247 0.000000
vt 0.388074 -0.759287 0.000000
vt 0.361331 0.105576 0.000000
vt 0.323395 -0.759287 0.000000
vt 0.292465 0.089470 0.000000
vt 0.258716 -0.759287 0.000000
vt 0.222777 0.072321 0.000000
vt 0.194037 -0.759287 0.000000
vt 0.151458 0.054355 0.000000
vt 0.129358 -0.759287 0.000000
vt 0.077562 0.035780 0.000000
vt 0.064679 -0.759287 0.000000
vt 0.000000 0.016807 0.000000
vt 0.106460 -3.354559 0.000000
vt 0.064679 -3.244620 0.000000
vt 0.064679 -3.131650 0.000000
vt 0.064679 -3.018680 0.000000
vt 0.129358 -3.131650 0.000000
vt 0.129358 -3.018680 0.000000
vt 0.194037 -3.131650 0.000000
vt 0.194037 -3.018680 0.000000
vt 0.258716 -3.131650 0.000000
vt 0.258716 -3.018680 0.000000
vt 0.323395 -3.131650 0.000000
vt 0.323395 -3.018680 0.000000
vt 0.388074 -3.131650 0.000000
vt 0.388074 -3.018680 0.000000
vt 0.452753 -3.131650 0.000000
vt 0.452753 -3.018680 0.000000
vt 0.517432 -3.131650 0.000000
vt 0.517432 -3.018680 0.000000
vt 0.611607 -3.131650 0.000000
vt 0.611607 -3.018680 0.000000
vt 0.705781 -3.131650 0.000000
vt 0.705781 -3.018680 0.000000
vt 0.799956 -3.131650 0.000000
vt 0.799956 -3.018680 0.000000
vt 0.894131 -3.470559 0.000000
vt 0.799956 -2.905711 0.000000
vt 0.799956 -2.792741 0.000000
vt 0.705781 -2.792741 0.000000
vt 0.705781 -2.566802 0.000000
vt 0.611607 -2.566802 0.000000
vt 0.611607 -2.340862 0.000000
vt 0.517432 -2.340862 0.000000
vt 0.517432 -2.114923 0.000000
vt 0.452753 -2.114923 0.000000
vt 0.207738 -3.378239 0.000000
vt 0.194037 -3.359717 0.000000
vt 0.129358 -3.244620 0.000000
vt 0.309218 -3.401352 0.000000
vt 0.258716 -3.359520 0.000000
vt 0.258716 -3.244620 0.000000
vt 0.194037 -3.244620 0.000000
vt 0.414393 -3.423287 0.000000
vt 0.388074 -3.359127 0.000000
vt 0.323395 -3.359323 0.000000
vt 0.323395 -3.244620 0.000000
vt 0.388074 -3.244620 0.000000
vt 0.452753 -3.358930 0.000000
vt 0.468129 -3.433264 0.000000
vt 0.517432 -3.358734 0.000000
vt 0.521812 -3.442197 0.000000
vt 0.575880 -3.450029 0.000000
vt 0.631307 -3.456760 0.000000
vt 0.611607 -3.358448 0.000000
vt 0.611607 -3.244620 0.000000
vt 0.517432 -3.244620 0.000000
vt 0.705781 -3.358162 0.000000
vt 0.690433 -3.462442 0.000000
vt 0.754049 -3.466827 0.000000
vt 0.821880 -3.469601 0.000000
vt 0.799956 -3.357876 0.000000
vt 0.799956 -3.244620 0.000000
vt 0.705781 -3.244620 0.000000
vt 0.799956 -2.566802 0.000000
vt 0.799956 -2.340862 0.000000
vt 0.799956 -2.114923 0.000000
vt 0.705781 -2.114923 0.000000
vt 0.064679 -2.905711 0.000000
vt 0.064679 -2.792741 0.000000
vt 0.129358 -2.905711 0.000000
vt 0.129358 -2.792741 0.000000
vt 0.194037 -2.905711 0.000000
vt 0.194037 -2.792741 0.000000
vt 0.258716 -2.905711 0.000000
vt 0.258716 -2.792741 0.000000
vt 0.323395 -2.905711 0.000000
vt 0.323395 -2.792741 0.000000
vt 0.388074 -2.905711 0.000000
vt 0.388074 -2.792741 0.000000
vt 0.452753 -2.905711 0.000000
vt 0.452753 -2.792741 0.000000
vt 0.517432 -2.905711 0.000000
vt 0.517432 -2.792741 0.000000
vt 0.611607 -2.905711 0.000000
vt 0.611607 -2.792741 0.000000
vt 0.705781 -2.905711 0.000000
vt 0.064679 -2.566802 0.000000
vt 0.129358 -2.566802 0.000000
vt 0.194037 -2.566802 0.000000
vt 0.258716 -2.566802 0.000000
vt 0.323395 -2.566802 0.000000
vt 0.388074 -2.566802 0.000000
vt 0.452753 -2.566802 0.000000
vt 0.517432 -2.566802 0.000000
vt 0.064679 -2.114923 0.000000
vt 0.129358 -2.114923 0.000000
vt 0.194037 -2.114923 0.000000
vt 0.258716 -2.114923 0.000000
vt 0.323395 -2.114923 0.000000
vt 0.388074 -2.114923 0.000000
vt 0.611607 -2.114923 0.000000
vt 0.452753 -3.244620 0.000000
vt 0.129358 -2.340862 0.000000
vt 0.064679 -2.340862 0.000000
vt 0.194037 -2.340862 0.000000
vt 0.258716 -2.340862 0.000000
vt 0.323395 -2.340862 0.000000
vt 0.388074 -2.340862 0.000000
vt 0.452753 -2.340862 0.000000
vt 0.705781 -2.340862 0.000000
vt 0.861732 1.000000 0.000000
vt 0.861732 0.419860 0.000000
vt 1.348656 1.000000 0.000000
vt 1.348656 0.000000 0.000000
vt 0.000000 0.000000 0.000000
vt 0.000000 0.488848 0.000000
vt 0.176643 0.814771 0.000000
vt -0.003558 0.445994 0.000000
vt 0.176643 0.000000 0.000000
vt -0.014065 0.393098 0.000000
vt -0.031271 0.341746 0.000000
vt -0.000000 0.500000 0.000000
vt 0.114545 0.775508 0.000000
vt 0.058805 0.727376 0.000000
vt 0.000000 0.600000 0.000000
vt 0.035619 0.699654 0.000000
vt 0.016857 0.668845 0.000000
vt 0.004403 0.635282 0.000000
vt -0.054690 0.292787 0.000000
vt -0.083613 0.246999 0.000000
vt -0.117507 0.204598 0.000000
vt -0.155807 0.165825 0.000000
vt -0.197760 0.131028 0.000000
vt -0.242833 0.100286 0.000000
vt -0.290546 0.073630 0.000000
vt -0.392003 0.032666 0.000000
vt -0.498857 0.008152 0.000000
vt -0.608266 0.000000 0.000000
vt 3.976278 -0.524093 0.000000
vt 3.221608 -0.739862 0.000000
vt 3.898829 -1.252819 0.000000
vt 1.708598 -0.250711 0.000000
vt 0.342078 0.261329 0.000000
vt 0.185392 0.001465 0.000000
vt -1.875704 0.740222 0.000000
vt -0.132914 0.712570 0.000000
vt -1.788204 0.988452 0.000000
vt -4.254391 0.102523 0.000000
vt -3.638868 -0.527829 0.000000
vt -4.254391 -0.527829 0.000000
vt 2.956687 0.488848 0.000000
vt 2.926336 0.491441 0.000000
vt 2.956687 0.000000 0.000000
vt 1.473248 0.550000 0.000000
vt 0.000000 0.000000 0.000000
vt 0.000000 0.550000 0.000000
vt 2.946496 0.550000 0.000000
vt 0.745584 1.473248 0.000000
vt 0.745584 2.946496 0.000000
vt 0.652386 2.252312 0.000000
vt 0.710267 2.956793 0.000000
vt 0.616877 2.958195 0.000000
vt 0.559188 2.252312 0.000000
vt 0.527991 2.961183 0.000000
vt 0.512589 2.252312 0.000000
vt 0.465990 2.252312 0.000000
vt 0.512589 1.876927 0.000000
vt 0.465990 1.876927 0.000000
vt 0.512589 1.501541 0.000000
vt 0.465990 1.501541 0.000000
vt 0.512589 1.126156 0.000000
vt 0.465990 1.126156 0.000000
vt 0.512589 0.938463 0.000000
vt 0.465990 0.938463 0.000000
vt 0.512589 0.750771 0.000000
vt 0.465990 0.750771 0.000000
vt 0.512589 0.563078 0.000000
vt 0.465990 0.563078 0.000000
vt 0.512589 0.469232 0.000000
vt 0.465990 0.469232 0.000000
vt 0.512589 0.375385 0.000000
vt 0.465990 0.375385 0.000000
vt 0.512589 0.281539 0.000000
vt 0.465990 0.281539 0.000000
vt 0.512589 0.187693 0.000000
vt 0.465990 0.187693 0.000000
vt 0.512589 0.093846 0.000000
vt 0.465990 0.093846 0.000000
vt 0.457688 0.023201 0.000000
vt 0.419391 0.093846 0.000000
vt 0.368863 0.040078 0.000000
vt 0.372792 0.093846 0.000000
vt 0.326193 0.093846 0.000000
vt 0.326193 0.187693 0.000000
vt 0.279594 0.187693 0.000000
vt 0.279594 0.281539 0.000000
vt 0.232995 0.281539 0.000000
vt 0.232995 0.375385 0.000000
vt 0.186396 0.375385 0.000000
vt 0.186396 0.469232 0.000000
vt 0.093198 0.469232 0.000000
vt 0.093198 0.563078 0.000000
vt 0.001124 0.133713 0.000000
vt 0.093198 0.750771 0.000000
vt 0.093198 0.938463 0.000000
vt 0.186396 0.750771 0.000000
vt 0.186396 0.938463 0.000000
vt 0.232995 0.750771 0.000000
vt 0.232995 0.938463 0.000000
vt 0.279594 0.750771 0.000000
vt 0.279594 0.938463 0.000000
vt 0.326193 0.750771 0.000000
vt 0.326193 0.938463 0.000000
vt 0.372792 0.750771 0.000000
vt 0.372792 0.938463 0.000000
vt 0.419391 0.750771 0.000000
vt 0.419391 0.938463 0.000000
vt 0.442183 2.965634 0.000000
vt 0.419391 2.252312 0.000000
vt 0.419391 1.876927 0.000000
vt 0.419391 1.501541 0.000000
vt 0.419391 1.126156 0.000000
vt 0.357544 2.971406 0.000000
vt 0.372792 2.252312 0.000000
vt 0.372792 1.876927 0.000000
vt 0.372792 1.501541 0.000000
vt 0.372792 1.126156 0.000000
vt 0.326193 2.252312 0.000000
vt 0.272799 2.978277 0.000000
vt 0.279594 2.252312 0.000000
vt 0.232995 2.252312 0.000000
vt 0.279594 1.876927 0.000000
vt 0.232995 1.876927 0.000000
vt 0.279594 1.501541 0.000000
vt 0.232995 1.501541 0.000000
vt 0.279594 1.126156 0.000000
vt 0.232995 1.126156 0.000000
vt 0.186252 2.986018 0.000000
vt 0.186396 2.252312 0.000000
vt 0.186396 1.876927 0.000000
vt 0.186396 1.501541 0.000000
vt 0.186396 1.126156 0.000000
vt 0.093198 2.252312 0.000000
vt 0.096403 2.994344 0.000000
vt 0.001213 3.002976 0.000000
vt 0.000000 3.003083 0.000000
vt 0.000000 1.568541 0.000000
vt 0.000000 0.133999 0.000000
vt 0.093198 1.501541 0.000000
vt 0.093198 1.876927 0.000000
vt 0.098902 0.108092 0.000000
vt 0.093198 0.187693 0.000000
vt 0.093198 0.281539 0.000000
vt 0.093198 0.375385 0.000000
vt 0.186396 0.281539 0.000000
vt 0.191298 0.083375 0.000000
vt 0.186396 0.093846 0.000000
vt 0.186396 0.187693 0.000000
vt 0.280705 0.060400 0.000000
vt 0.232995 0.093846 0.000000
vt 0.232995 0.187693 0.000000
vt 0.279594 0.093846 0.000000
vt 0.548755 0.010538 0.000000
vt 0.559188 0.093846 0.000000
vt 0.559188 0.187693 0.000000
vt 0.559188 0.281539 0.000000
vt 0.559188 0.375385 0.000000
vt 0.559188 0.469232 0.000000
vt 0.559188 0.563078 0.000000
vt 0.559188 0.750771 0.000000
vt 0.559188 0.938463 0.000000
vt 0.559188 1.126156 0.000000
vt 0.559188 1.501541 0.000000
vt 0.559188 1.876927 0.000000
vt 0.595846 0.005966 0.000000
vt 0.644068 0.002668 0.000000
vt 0.652386 0.093846 0.000000
vt 0.652386 0.187693 0.000000
vt 0.693825 0.000671 0.000000
vt 0.745584 0.000000 0.000000
vt 0.652386 0.281539 0.000000
vt 0.652386 0.750771 0.000000
vt 0.652386 0.563078 0.000000
vt 0.652386 0.469232 0.000000
vt 0.093198 1.126156 0.000000
vt 0.652386 0.938463 0.000000
vt 0.652386 1.126156 0.000000
vt 0.652386 1.501541 0.000000
vt 0.326193 1.876927 0.000000
vt 0.326193 1.501541 0.000000
vt 0.326193 1.126156 0.000000
vt 0.652386 1.876927 0.000000
vt 0.419391 0.187693 0.000000
vt 0.419391 0.281539 0.000000
vt 0.419391 0.375385 0.000000
vt 0.419391 0.469232 0.000000
vt 0.419391 0.563078 0.000000
vt 0.372792 0.187693 0.000000
vt 0.372792 0.281539 0.000000
vt 0.372792 0.375385 0.000000
vt 0.372792 0.469232 0.000000
vt 0.372792 0.563078 0.000000
vt 0.326193 0.281539 0.000000
vt 0.279594 0.375385 0.000000
vt 0.232995 0.469232 0.000000
vt 0.186396 0.563078 0.000000
vt 0.232995 0.563078 0.000000
vt 0.279594 0.563078 0.000000
vt 0.326193 0.563078 0.000000
vt 0.652386 0.375385 0.000000
vt 0.279594 0.469232 0.000000
vt 0.326193 0.469232 0.000000
vt 0.326193 0.375385 0.000000
vt 0.709995 -0.000107 0.000000
vt 0.655851 0.014994 0.000000
vt 0.616641 -0.001509 0.000000
vt 0.625659 0.010706 0.000000
vt 0.602743 0.027709 0.000000
vt 0.541322 0.010706 0.000000
vt 0.550608 0.037727 0.000000
vt 0.499102 0.044843 0.000000
vt 0.448016 0.048877 0.000000
vt 0.456986 0.010706 0.000000
vt 0.527788 -0.004496 0.000000
vt 0.397506 0.049713 0.000000
vt 0.442013 -0.008948 0.000000
vt 0.372649 0.010706 0.000000
vt 0.347117 0.047350 0.000000
vt 0.326068 0.010706 0.000000
vt 0.296622 0.041823 0.000000
vt 0.279487 0.010706 0.000000
vt 0.279487 0.067808 0.000000
vt 0.232906 0.067808 0.000000
vt 0.249152 0.133239 0.000000
vt 0.232906 0.124910 0.000000
vt 0.203519 0.225033 0.000000
vt 0.186325 0.124910 0.000000
vt 0.186325 0.182013 0.000000
vt 0.093162 0.182013 0.000000
vt 0.093162 0.239115 0.000000
vt 0.000000 0.410421 0.000000
vt 0.093162 0.296217 0.000000
vt 0.056995 0.410421 0.000000
vt 0.113990 0.410421 0.000000
vt 0.186325 0.239115 0.000000
vt 0.000000 -0.046396 0.000000
vt 0.093162 0.124910 0.000000
vt 0.186325 0.067808 0.000000
vt 0.232906 0.010706 0.000000
vt 0.272694 -0.021590 0.000000
vt 0.357407 -0.014719 0.000000
vt 0.093162 0.067808 0.000000
vt 0.001213 -0.046290 0.000000
vt 0.093162 0.010706 0.000000
vt 0.096366 -0.037658 0.000000
vt 0.186180 -0.029331 0.000000
vt 0.186325 0.010706 0.000000
vt 0.051647 0.437728 0.000000
vt 0.103293 0.414702 0.000000
vt 0.081382 0.462683 0.000000
vt 0.051647 0.460755 0.000000
vt 0.051647 0.485112 0.000000
vt 0.000000 0.462086 0.000000
vt 0.000000 0.509470 0.000000
vt 0.060059 0.509470 0.000000
vt 0.000000 0.414702 0.000000
vt 0.051647 0.414702 0.000000
vt 0.125394 0.558222 0.000000
vt 0.245056 0.585590 0.000000
vt 0.203843 0.642975 0.000000
vt 0.894131 -0.930370 0.000000
vt 0.799956 -1.416175 0.000000
vt 0.894131 -1.860739 0.000000
vt 0.799956 -1.544918 0.000000
vt 0.799956 -1.673661 0.000000
vt 0.705781 -1.544918 0.000000
vt 0.705781 -1.673661 0.000000
vt 0.611607 -1.544918 0.000000
vt 0.611607 -1.673661 0.000000
vt 0.517432 -1.544918 0.000000
vt 0.517432 -1.673661 0.000000
vt 0.452753 -1.544918 0.000000
vt 0.452753 -1.673661 0.000000
vt 0.388074 -1.544918 0.000000
vt 0.388074 -1.673661 0.000000
vt 0.323395 -1.544918 0.000000
vt 0.323395 -1.673661 0.000000
vt 0.258716 -1.544918 0.000000
vt 0.258716 -1.673661 0.000000
vt 0.194037 -1.544918 0.000000
vt 0.194037 -1.673661 0.000000
vt 0.129358 -1.544918 0.000000
vt 0.129358 -1.673661 0.000000
vt 0.064679 -1.544918 0.000000
vt 0.064679 -1.673661 0.000000
vt 0.000000 -2.059891 0.000000
vt 0.064679 -1.738033 0.000000
vt 0.064679 -1.802405 0.000000
vt 0.129358 -1.802405 0.000000
vt 0.129358 -1.931148 0.000000
vt 0.194037 -1.931148 0.000000
vt 0.206719 -1.992130 0.000000
vt 0.258716 -1.931148 0.000000
vt 0.307772 -1.959436 0.000000
vt 0.258716 -1.802405 0.000000
vt 0.323395 -1.931148 0.000000
vt 0.323395 -1.802405 0.000000
vt 0.388074 -1.931148 0.000000
vt 0.388074 -1.802405 0.000000
vt 0.412757 -1.928297 0.000000
vt 0.452753 -1.802405 0.000000
vt 0.466782 -1.914020 0.000000
vt 0.517432 -1.802405 0.000000
vt 0.520701 -1.901247 0.000000
vt 0.574941 -1.890061 0.000000
vt 0.894131 0.000000 0.000000
vt 0.799956 -0.514973 0.000000
vt 0.799956 -0.772459 0.000000
vt 0.799956 -1.029946 0.000000
vt 0.705781 -0.772459 0.000000
vt 0.705781 -1.029946 0.000000
vt 0.611607 -0.772459 0.000000
vt 0.611607 -1.029946 0.000000
vt 0.517432 -0.772459 0.000000
vt 0.517432 -1.029946 0.000000
vt 0.452753 -0.772459 0.000000
vt 0.452753 -1.029946 0.000000
vt 0.388074 -0.772459 0.000000
vt 0.388074 -1.029946 0.000000
vt 0.323395 -0.772459 0.000000
vt 0.323395 -1.029946 0.000000
vt 0.258716 -0.772459 0.000000
vt 0.258716 -1.029946 0.000000
vt 0.194037 -0.772459 0.000000
vt 0.194037 -1.029946 0.000000
vt 0.129358 -0.772459 0.000000
vt 0.129358 -1.029946 0.000000
vt 0.064679 -0.772459 0.000000
vt 0.064679 -1.029946 0.000000
vt 0.000000 -1.100091 0.000000
vt 0.064679 -1.287432 0.000000
vt 0.064679 -1.416175 0.000000
vt 0.129358 -1.416175 0.000000
vt 0.821880 -0.000958 0.000000
vt 0.754049 -0.003732 0.000000
vt 0.705781 -0.514973 0.000000
vt 0.690433 -0.008117 0.000000
vt 0.631307 -0.013799 0.000000
vt 0.611607 -0.514973 0.000000
vt 0.575880 -0.020530 0.000000
vt 0.517432 -0.514973 0.000000
vt 0.521812 -0.028362 0.000000
vt 0.468129 -0.037295 0.000000
vt 0.452753 -0.514973 0.000000
vt 0.414393 -0.047272 0.000000
vt 0.388074 -0.514973 0.000000
vt 0.309218 -0.069207 0.000000
vt 0.323395 -0.514973 0.000000
vt 0.258716 -0.514973 0.000000
vt 0.207738 -0.092320 0.000000
vt 0.194037 -0.514973 0.000000
vt 0.106460 -0.116000 0.000000
vt 0.129358 -0.514973 0.000000
vt 0.064679 -0.514973 0.000000
vt 0.001442 -0.139971 0.000000
vt 0.000000 -0.140291 0.000000
vt 0.001429 -2.059441 0.000000
vt 0.064679 -1.931148 0.000000
vt 0.105898 -2.025594 0.000000
vt 0.611607 -1.802405 0.000000
vt 0.630334 -1.880479 0.000000
vt 0.689431 -1.872380 0.000000
vt 0.705781 -1.802405 0.000000
vt 0.753181 -1.866106 0.000000
vt 0.705781 -1.738033 0.000000
vt 0.799956 -1.738033 0.000000
vt 0.799956 -1.802405 0.000000
vt 0.821384 -1.862118 0.000000
vt 0.799956 -1.287432 0.000000
vt 0.705781 -1.287432 0.000000
vt 0.611607 -1.287432 0.000000
vt 0.517432 -1.287432 0.000000
vt 0.452753 -1.287432 0.000000
vt 0.388074 -1.287432 0.000000
vt 0.323395 -1.287432 0.000000
vt 0.258716 -1.287432 0.000000
vt 0.194037 -1.287432 0.000000
vt 0.129358 -1.287432 0.000000
vt 0.611607 -1.738033 0.000000
vt 0.517432 -1.738033 0.000000
vt 0.452753 -1.738033 0.000000
vt 0.388074 -1.738033 0.000000
vt 0.323395 -1.738033 0.000000
vt 0.194037 -1.802405 0.000000
vt 0.194037 -1.738033 0.000000
vt 0.258716 -1.738033 0.000000
vt 0.129358 -1.738033 0.000000
vt 0.705781 -1.416175 0.000000
vt 0.611607 -1.416175 0.000000
vt 0.517432 -1.416175 0.000000
vt 0.452753 -1.416175 0.000000
vt 0.388074 -1.416175 0.000000
vt 0.323395 -1.416175 0.000000
vt 0.258716 -1.416175 0.000000
vt 0.194037 -1.416175 0.000000
vt 0.894131 -0.663455 0.000000
vt 0.799956 -1.030654 0.000000
vt 0.894131 -1.326911 0.000000
vt 0.799956 -1.133138 0.000000
vt 0.799956 -1.184380 0.000000
vt 0.705781 -1.133138 0.000000
vt 0.705781 -1.184380 0.000000
vt 0.611607 -1.133138 0.000000
vt 0.611607 -1.184380 0.000000
vt 0.517432 -1.133138 0.000000
vt 0.517432 -1.184380 0.000000
vt 0.452753 -1.133138 0.000000
vt 0.452753 -1.184380 0.000000
vt 0.388074 -1.133138 0.000000
vt 0.388074 -1.184380 0.000000
vt 0.323395 -1.133138 0.000000
vt 0.323395 -1.184380 0.000000
vt 0.258716 -1.133138 0.000000
vt 0.258716 -1.184380 0.000000
vt 0.194037 -1.133138 0.000000
vt 0.194037 -1.184380 0.000000
vt 0.129358 -1.133138 0.000000
vt 0.129358 -1.184380 0.000000
vt 0.064679 -1.133138 0.000000
vt 0.064679 -1.184380 0.000000
vt 0.000000 -1.440590 0.000000
vt 0.064679 -1.235622 0.000000
vt 0.064679 -1.338101 0.000000
vt 0.129358 -1.338096 0.000000
vt 0.106676 -1.420865 0.000000
vt 0.208118 -1.401647 0.000000
vt 0.894131 -0.000000 0.000000
vt 0.799956 -0.415751 0.000000
vt 0.799956 -0.620719 0.000000
vt 0.799956 -0.825687 0.000000
vt 0.705781 -0.620719 0.000000
vt 0.705781 -0.825687 0.000000
vt 0.611607 -0.620719 0.000000
vt 0.611607 -0.825687 0.000000
vt 0.517432 -0.620719 0.000000
vt 0.517432 -0.825687 0.000000
vt 0.452753 -0.620719 0.000000
vt 0.452753 -0.825687 0.000000
vt 0.388074 -0.620719 0.000000
vt 0.388074 -0.825687 0.000000
vt 0.323395 -0.620719 0.000000
vt 0.323395 -0.825687 0.000000
vt 0.258716 -0.620719 0.000000
vt 0.258716 -0.825687 0.000000
vt 0.194037 -0.620719 0.000000
vt 0.194037 -0.825687 0.000000
vt 0.129358 -0.620719 0.000000
vt 0.129358 -0.825687 0.000000
vt 0.064679 -0.620719 0.000000
vt 0.064679 -0.825687 0.000000
vt 0.000000 -0.620719 0.000000
vt 0.064679 -0.928170 0.000000
vt 0.064679 -1.030654 0.000000
vt 0.129358 -1.030654 0.000000
vt 0.799956 -0.210784 0.000000
vt 0.821384 0.001378 0.000000
vt 0.753181 0.005366 0.000000
vt 0.705781 -0.210784 0.000000
vt 0.689431 0.011641 0.000000
vt 0.611607 -0.210784 0.000000
vt 0.630334 0.019740 0.000000
vt 0.574941 0.029322 0.000000
vt 0.517432 -0.210784 0.000000
vt 0.520701 0.040508 0.000000
vt 0.466782 0.053280 0.000000
vt 0.452753 -0.210784 0.000000
vt 0.412757 0.067558 0.000000
vt 0.388074 -0.210784 0.000000
vt 0.307772 0.098696 0.000000
vt 0.323395 -0.210784 0.000000
vt 0.258716 -0.210784 0.000000
vt 0.323395 -0.415751 0.000000
vt 0.258716 -0.415751 0.000000
vt 0.206719 0.131391 0.000000
vt 0.194037 -0.210784 0.000000
vt 0.194037 -0.415751 0.000000
vt 0.129358 -0.210784 0.000000
vt 0.105898 0.164854 0.000000
vt 0.064679 -0.210784 0.000000
vt 0.001429 0.198702 0.000000
vt 0.000000 0.199152 0.000000
vt 0.001463 -1.440327 0.000000
vt 0.309747 -1.382895 0.000000
vt 0.258716 -1.338087 0.000000
vt 0.194037 -1.338092 0.000000
vt 0.129358 -1.235622 0.000000
vt 0.414983 -1.365123 0.000000
vt 0.388074 -1.338077 0.000000
vt 0.323395 -1.338082 0.000000
vt 0.258716 -1.235622 0.000000
vt 0.194037 -1.235622 0.000000
vt 0.468619 -1.357061 0.000000
vt 0.452753 -1.338073 0.000000
vt 0.388074 -1.235622 0.000000
vt 0.323395 -1.235622 0.000000
vt 0.522226 -1.349841 0.000000
vt 0.517432 -1.338068 0.000000
vt 0.452753 -1.235622 0.000000
vt 0.576235 -1.343508 0.000000
vt 0.517432 -1.235622 0.000000
vt 0.631677 -1.338060 0.000000
vt 0.611607 -1.338061 0.000000
vt 0.611607 -1.235622 0.000000
vt 0.690805 -1.333463 0.000000
vt 0.705781 -1.235622 0.000000
vt 0.754365 -1.329921 0.000000
vt 0.799956 -1.235622 0.000000
vt 0.822059 -1.327683 0.000000
vt 0.799956 -0.928170 0.000000
vt 0.705781 -0.928170 0.000000
vt 0.611607 -0.928170 0.000000
vt 0.517432 -0.928170 0.000000
vt 0.452753 -0.928170 0.000000
vt 0.388074 -0.928170 0.000000
vt 0.323395 -0.928170 0.000000
vt 0.258716 -0.928170 0.000000
vt 0.194037 -0.928170 0.000000
vt 0.129358 -0.928170 0.000000
vt 0.064679 -0.415751 0.000000
vt 0.129358 -0.415751 0.000000
vt 0.705781 -0.415751 0.000000
vt 0.611607 -0.415751 0.000000
vt 0.517432 -0.415751 0.000000
vt 0.452753 -0.415751 0.000000
vt 0.388074 -0.415751 0.000000
vt 0.705781 -1.030654 0.000000
vt 0.611607 -1.030654 0.000000
vt 0.517432 -1.030654 0.000000
vt 0.452753 -1.030654 0.000000
vt 0.388074 -1.030654 0.000000
vt 0.323395 -1.030654 0.000000
vt 0.258716 -1.030654 0.000000
vt 0.194037 -1.030654 0.000000
vt 0.894131 -0.605477 0.000000
vt 0.799956 -0.879795 0.000000
vt 0.894131 -1.210953 0.000000
vt 0.799956 -0.962585 0.000000
vt 0.799956 -1.003980 0.000000
vt 0.705781 -0.962585 0.000000
vt 0.705781 -1.003980 0.000000
vt 0.611607 -0.962585 0.000000
vt 0.611607 -1.003980 0.000000
vt 0.517432 -0.962585 0.000000
vt 0.517432 -1.003980 0.000000
vt 0.452753 -0.962585 0.000000
vt 0.452753 -1.003980 0.000000
vt 0.401313 -0.980035 0.000000
vt 0.449832 -1.022930 0.000000
vt 0.894131 -0.000000 0.000000
vt 0.799956 -0.383058 0.000000
vt 0.799956 -0.548637 0.000000
vt 0.799956 -0.714216 0.000000
vt 0.705781 -0.548637 0.000000
vt 0.705781 -0.714216 0.000000
vt 0.611607 -0.548637 0.000000
vt 0.611607 -0.714216 0.000000
vt 0.517432 -0.548637 0.000000
vt 0.517432 -0.714216 0.000000
vt 0.452753 -0.548637 0.000000
vt 0.452753 -0.714216 0.000000
vt 0.388074 -0.548637 0.000000
vt 0.388074 -0.714216 0.000000
vt 0.323395 -0.548637 0.000000
vt 0.323395 -0.714216 0.000000
vt 0.258716 -0.548637 0.000000
vt 0.258716 -0.714216 0.000000
vt 0.194037 -0.548637 0.000000
vt 0.194037 -0.714216 0.000000
vt 0.129358 -0.548637 0.000000
vt 0.203632 -0.778784 0.000000
vt 0.103762 -0.670593 0.000000
vt 0.064679 -0.548637 0.000000
vt 0.001408 -0.562402 0.000000
vt 0.064679 -0.383058 0.000000
vt 0.064679 -0.217479 0.000000
vt 0.129358 -0.383058 0.000000
vt 0.129358 -0.217479 0.000000
vt 0.194037 -0.383058 0.000000
vt 0.194037 -0.217479 0.000000
vt 0.258716 -0.383058 0.000000
vt 0.258716 -0.217479 0.000000
vt 0.323395 -0.383058 0.000000
vt 0.323395 -0.217479 0.000000
vt 0.388074 -0.383058 0.000000
vt 0.388074 -0.217479 0.000000
vt 0.452753 -0.383058 0.000000
vt 0.452753 -0.217479 0.000000
vt 0.517432 -0.383058 0.000000
vt 0.517432 -0.217479 0.000000
vt 0.611607 -0.383058 0.000000
vt 0.611607 -0.217479 0.000000
vt 0.705781 -0.383058 0.000000
vt 0.705781 -0.217479 0.000000
vt 0.799956 -0.217479 0.000000
vt 0.822059 0.000772 0.000000
vt 0.754365 0.003010 0.000000
vt 0.690805 0.006553 0.000000
vt 0.631677 0.011149 0.000000
vt 0.576235 0.016597 0.000000
vt 0.522226 0.022930 0.000000
vt 0.468619 0.030150 0.000000
vt 0.414983 0.038212 0.000000
vt 0.309747 0.055984 0.000000
vt 0.208118 0.074736 0.000000
vt 0.106676 0.093954 0.000000
vt 0.001463 0.113416 0.000000
vt 0.000000 -0.560953 0.000000
vt 0.000000 0.113679 0.000000
vt 0.303172 -0.884108 0.000000
vt 0.258716 -0.797006 0.000000
vt 0.352540 -0.933686 0.000000
vt 0.323395 -0.879795 0.000000
vt 0.323395 -0.797006 0.000000
vt 0.388074 -0.962585 0.000000
vt 0.388074 -0.879795 0.000000
vt 0.498433 -1.062147 0.000000
vt 0.517432 -1.045374 0.000000
vt 0.548021 -1.097838 0.000000
vt 0.611607 -1.045374 0.000000
vt 0.602547 -1.131617 0.000000
vt 0.611607 -1.128164 0.000000
vt 0.662942 -1.162001 0.000000
vt 0.705781 -1.128164 0.000000
vt 0.705781 -1.045374 0.000000
vt 0.799956 -1.128164 0.000000
vt 0.799956 -1.045374 0.000000
vt 0.850019 -1.209327 0.000000
vt 0.730695 -1.187154 0.000000
vt 0.808067 -1.204608 0.000000
vt 0.799956 -0.797006 0.000000
vt 0.705781 -0.797006 0.000000
vt 0.611607 -0.797006 0.000000
vt 0.517432 -0.797006 0.000000
vt 0.452753 -0.797006 0.000000
vt 0.388074 -0.797006 0.000000
vt 0.705781 -0.879795 0.000000
vt 0.611607 -0.879795 0.000000
vt 0.517432 -0.879795 0.000000
vt 0.452753 -0.879795 0.000000
vt 0.000000 -0.901308 0.000000
vt 0.064679 -0.788644 0.000000
vt 0.000000 -0.650000 0.000000
vt 0.064679 -0.675981 0.000000
vt 0.001408 -0.648551 0.000000
vt 0.064679 -0.619649 0.000000
vt 0.103762 -0.540361 0.000000
vt 0.129358 -0.563317 0.000000
vt 0.194037 -0.450654 0.000000
vt 0.194037 -0.563317 0.000000
vt 0.258716 -0.563317 0.000000
vt 0.258716 -0.619649 0.000000
vt 0.323395 -0.619649 0.000000
vt 0.323395 -0.675981 0.000000
vt 0.388074 -0.675981 0.000000
vt 0.388074 -0.788644 0.000000
vt 0.452753 -0.788644 0.000000
vt 0.428673 -0.901308 0.000000
vt 0.479404 -0.901308 0.000000
vt 0.114694 -0.901308 0.000000
vt 0.129358 -0.788644 0.000000
vt 0.129358 -0.675981 0.000000
vt 0.129358 -0.619649 0.000000
vt 0.194037 -0.619649 0.000000
vt 0.194037 -0.788644 0.000000
vt 0.222420 -0.901308 0.000000
vt 0.258716 -0.788644 0.000000
vt 0.326483 -0.901308 0.000000
vt 0.323395 -0.788644 0.000000
vt 0.517432 -0.788644 0.000000
vt 0.530341 -0.901308 0.000000
vt 0.582053 -0.901308 0.000000
vt 0.611607 -0.788644 0.000000
vt 0.636580 -0.901308 0.000000
vt 0.705781 -0.788644 0.000000
vt 0.694689 -0.901308 0.000000
vt 0.756965 -0.901308 0.000000
vt 0.799956 -0.788644 0.000000
vt 0.823537 -0.901308 0.000000
vt 0.894131 -0.901308 0.000000
vt 0.799956 -0.675981 0.000000
vt 0.894131 -0.450654 0.000000
vt 0.799956 -0.619649 0.000000
vt 0.799956 -0.563317 0.000000
vt 0.705781 -0.563317 0.000000
vt 0.705781 -0.450654 0.000000
vt 0.611607 -0.450654 0.000000
vt 0.611607 -0.337990 0.000000
vt 0.517432 -0.337990 0.000000
vt 0.517432 -0.225327 0.000000
vt 0.452753 -0.225327 0.000000
vt 0.449832 -0.188023 0.000000
vt 0.401313 -0.230919 0.000000
vt 0.894131 0.000000 0.000000
vt 0.799956 -0.225327 0.000000
vt 0.799956 -0.337990 0.000000
vt 0.799956 -0.450654 0.000000
vt 0.705781 -0.337990 0.000000
vt 0.850019 -0.001627 0.000000
vt 0.808067 -0.006346 0.000000
vt 0.730695 -0.023799 0.000000
vt 0.705781 -0.225327 0.000000
vt 0.662942 -0.048953 0.000000
vt 0.611607 -0.225327 0.000000
vt 0.602547 -0.079337 0.000000
vt 0.548021 -0.113116 0.000000
vt 0.498433 -0.148806 0.000000
vt 0.352540 -0.277268 0.000000
vt 0.388074 -0.337990 0.000000
vt 0.452753 -0.337990 0.000000
vt 0.323395 -0.337990 0.000000
vt 0.303172 -0.326846 0.000000
vt 0.323395 -0.450654 0.000000
vt 0.258716 -0.450654 0.000000
vt 0.323395 -0.563317 0.000000
vt 0.203632 -0.432170 0.000000
vt 0.194037 -0.675981 0.000000
vt 0.258716 -0.675981 0.000000
vt 0.452753 -0.675981 0.000000
vt 0.388074 -0.619649 0.000000
vt 0.452753 -0.619649 0.000000
vt 0.388074 -0.563317 0.000000
vt 0.452753 -0.563317 0.000000
vt 0.388074 -0.450654 0.000000
vt 0.452753 -0.450654 0.000000
vt 0.517432 -0.675981 0.000000
vt 0.517432 -0.619649 0.000000
vt 0.517432 -0.563317 0.000000
vt 0.517432 -0.450654 0.000000
vt 0.611607 -0.675981 0.000000
vt 0.705781 -0.675981 0.000000
vt 0.611607 -0.619649 0.000000
vt 0.611607 -0.563317 0.000000
vt 0.705781 -0.619649 0.000000
vt 2.182947 0.645571 0.000000
vt 1.537179 1.000000 0.000000
vt 2.187179 0.600000 0.000000
vt -0.000000 0.000000 0.000000
vt 2.187179 0.000000 0.000000
vt 2.170622 0.689706 0.000000
vt 2.151186 0.731262 0.000000
vt 2.125887 0.769569 0.000000
vt 2.095838 0.804471 0.000000
vt 2.061863 0.836107 0.000000
vt 2.023491 0.865401 0.000000
vt 1.980871 0.892315 0.000000
vt 1.884033 0.938289 0.000000
vt 1.775246 0.972212 0.000000
vt 1.658618 0.992963 0.000000
vt -0.000000 1.000000 0.000000
vt 3.496138 -1.242524 0.000000
vt 3.534468 -0.881867 0.000000
vt 1.915422 -0.692921 0.000000
vt 0.333790 0.570389 0.000000
vt 0.334705 -0.143317 0.000000
vt -0.361150 0.517743 0.000000
vt -1.057005 1.178804 0.000000
vt -1.871271 1.850953 0.000000
vt -1.865720 1.313590 0.000000
vt -2.674436 1.448376 0.000000
vt -3.383303 1.574044 0.000000
vt -3.338032 1.326847 0.000000
vt 0.114631 0.993071 0.000000
vt 0.000000 0.981061 0.000000
vt 0.114631 0.028007 0.000000
vt 0.000000 0.000000 0.000000
vt 0.145987 0.000000 0.000000
vt 0.124817 0.064043 0.000000
vt 0.802507 0.000000 0.000000
vt 0.802507 0.827321 0.000000
vt -0.076323 0.196350 0.000000
vt -0.075531 0.274889 0.000000
vt -1.508058 0.196350 0.000000
vt -2.940585 0.274889 0.000000
vt -2.939032 0.257709 0.000000
vt -2.934376 0.240528 0.000000
vt -2.926628 0.223348 0.000000
vt -2.915808 0.206167 0.000000
vt -2.885059 0.171806 0.000000
vt -1.508058 0.117810 0.000000
vt -0.078660 0.117810 0.000000
vt -0.082425 0.039270 0.000000
vt -1.508058 0.039270 0.000000
vt -0.087429 -0.039270 0.000000
vt -1.508058 -0.039270 0.000000
vt -0.093421 -0.117810 0.000000
vt -1.508058 -0.117810 0.000000
vt -0.100101 -0.196350 0.000000
vt -1.508058 -0.196350 0.000000
vt -0.107133 -0.274889 0.000000
vt -1.902644 -0.206167 0.000000
vt -1.651072 -0.274889 0.000000
vt -2.842427 0.137445 0.000000
vt -2.788321 0.103084 0.000000
vt -2.723263 0.068722 0.000000
vt -2.647879 0.034361 0.000000
vt -2.562896 -0.000000 0.000000
vt -2.469131 -0.034361 0.000000
vt -2.367487 -0.068722 0.000000
vt -2.258945 -0.103084 0.000000
vt -2.144548 -0.137445 0.000000
vt -2.025398 -0.171806 0.000000
vt -1.096832 -0.196350 0.000000
vt -1.089800 -0.274889 0.000000
vt -0.010855 -0.196350 0.000000
vt 1.099693 -0.274889 0.000000
vt 1.063812 -0.206167 0.000000
vt 1.029310 -0.137445 0.000000
vt -0.010855 -0.117810 0.000000
vt -1.103512 -0.117810 0.000000
vt -0.010855 -0.039270 0.000000
vt -1.109504 -0.039270 0.000000
vt -0.010855 0.039270 0.000000
vt -1.114508 0.039270 0.000000
vt -0.010855 0.117810 0.000000
vt -1.118273 0.117810 0.000000
vt -0.010855 0.196350 0.000000
vt -1.120610 0.196350 0.000000
vt -1.121402 0.274889 0.000000
vt 0.919308 0.206167 0.000000
vt 0.915774 0.274889 0.000000
vt 0.997513 -0.068722 0.000000
vt 0.969643 -0.000000 0.000000
vt 0.946770 0.068722 0.000000
vt 0.929774 0.137445 0.000000
vt -0.596998 -0.274889 0.000000
vt 1.574798 -0.274889 0.000000
vt -0.561117 -0.206167 0.000000
vt 0.545294 -0.196350 0.000000
vt -0.526615 -0.137445 0.000000
vt 0.545294 -0.117810 0.000000
vt -0.494818 -0.068722 0.000000
vt 0.545294 -0.039270 0.000000
vt -0.466947 -0.000000 0.000000
vt 0.545294 0.039270 0.000000
vt -0.444075 0.068722 0.000000
vt 0.545294 0.117810 0.000000
vt -0.427079 0.137445 0.000000
vt 0.545294 0.196350 0.000000
vt -0.416612 0.206167 0.000000
vt -0.413078 0.274889 0.000000
vt 1.687586 0.274889 0.000000
vt 1.684758 0.196350 0.000000
vt 1.676417 0.117810 0.000000
vt 1.662979 0.039270 0.000000
vt 1.645120 -0.039270 0.000000
vt 1.623735 -0.117810 0.000000
vt 1.599896 -0.196350 0.000000
vt 2.302196 0.274889 0.000000
vt 1.223884 0.274889 0.000000
vt 2.300510 0.240528 0.000000
vt 1.226712 0.196350 0.000000
vt 2.295470 0.206167 0.000000
vt 2.287125 0.171806 0.000000
vt 1.235053 0.117810 0.000000
vt 2.275553 0.137445 0.000000
vt 2.243210 0.068722 0.000000
vt 1.248491 0.039270 0.000000
vt 2.199683 -0.000000 0.000000
vt 1.266350 -0.039270 0.000000
vt 2.146645 -0.068722 0.000000
vt 1.287735 -0.117810 0.000000
vt 2.086135 -0.137445 0.000000
vt 1.311574 -0.196350 0.000000
vt 2.020477 -0.206167 0.000000
vt 1.336672 -0.274889 0.000000
vt 1.952196 -0.274889 0.000000
vt -1.052174 0.274889 0.000000
vt -1.050489 0.240528 0.000000
vt 0.174345 0.274889 0.000000
vt 0.169615 0.206167 0.000000
vt -1.045449 0.206167 0.000000
vt -1.037103 0.171806 0.000000
vt 0.155607 0.137445 0.000000
vt -1.025532 0.137445 0.000000
vt -0.993189 0.068722 0.000000
vt 0.132858 0.068722 0.000000
vt -0.949662 0.000000 0.000000
vt 0.102244 0.000000 0.000000
vt -0.896624 -0.068722 0.000000
vt 0.064941 -0.068722 0.000000
vt -0.836113 -0.137445 0.000000
vt 0.022382 -0.137445 0.000000
vt -0.770456 -0.206167 0.000000
vt -0.023798 -0.206167 0.000000
vt -0.702174 -0.274889 0.000000
vt -0.071822 -0.274889 0.000000
vt -0.631036 0.196350 0.000000
vt -0.628748 0.274889 0.000000
vt -2.107695 0.196350 0.000000
vt -3.586642 0.274889 0.000000
vt -3.581912 0.206167 0.000000
vt -3.567904 0.137445 0.000000
vt -2.107695 0.117810 0.000000
vt -0.637784 0.117810 0.000000
vt -0.648654 0.039270 0.000000
vt -2.107695 0.039270 0.000000
vt -0.663101 -0.039270 0.000000
vt -2.107695 -0.039270 0.000000
vt -0.680401 -0.117810 0.000000
vt -2.107695 -0.117810 0.000000
vt -0.699686 -0.196350 0.000000
vt -2.107695 -0.196350 0.000000
vt -0.719989 -0.274889 0.000000
vt -3.388500 -0.206167 0.000000
vt -3.340475 -0.274889 0.000000
vt -3.545156 0.068722 0.000000
vt -3.514542 0.000000 0.000000
vt -3.477238 -0.068722 0.000000
vt -3.434679 -0.137445 0.000000
vt -0.281928 0.156475 0.000000
vt -0.348914 0.337997 0.000000
vt -0.384769 0.305444 0.000000
vt -0.383641 0.337997 0.000000
vt -0.418367 0.337997 0.000000
vt -0.418367 0.450663 0.000000
vt -0.453300 0.450663 0.000000
vt -0.418367 0.563146 0.000000
vt -0.453300 0.563169 0.000000
vt -0.498446 0.675994 0.000000
vt -0.488233 0.563191 0.000000
vt -0.523165 0.563214 0.000000
vt -0.523165 0.450663 0.000000
vt -0.558098 0.450663 0.000000
vt -0.523165 0.337997 0.000000
vt -0.558098 0.337997 0.000000
vt -0.523165 0.225331 0.000000
vt -0.558098 0.225331 0.000000
vt -0.523165 0.141922 0.000000
vt -0.558098 0.141922 0.000000
vt -0.523165 0.058788 0.000000
vt -0.558098 0.058733 0.000000
vt -0.523165 -0.024897 0.000000
vt -0.558098 -0.024897 0.000000
vt -0.520312 -0.078243 0.000000
vt -0.558098 -0.108307 0.000000
vt -0.558098 -0.168575 0.000000
vt -0.593031 -0.108307 0.000000
vt -0.587027 -0.129165 0.000000
vt -0.621071 -0.054210 0.000000
vt -0.593031 -0.024897 0.000000
vt -0.627963 -0.024897 0.000000
vt -0.627963 0.058623 0.000000
vt -0.656785 0.003895 0.000000
vt -0.662896 0.058567 0.000000
vt -0.676179 0.026832 0.000000
vt -0.686606 0.036479 0.000000
vt -0.662896 0.141922 0.000000
vt -0.697825 0.044595 0.000000
vt -0.697827 0.202441 0.000000
vt -0.662896 0.225331 0.000000
vt -0.662896 0.337997 0.000000
vt -0.627963 0.225331 0.000000
vt -0.627963 0.337997 0.000000
vt -0.593031 0.225331 0.000000
vt -0.593031 0.337997 0.000000
vt -0.186618 0.013405 0.000000
vt -0.222879 0.141922 0.000000
vt -0.285896 0.225331 0.000000
vt -0.285896 0.337997 0.000000
vt -0.348914 0.450663 0.000000
vt -0.285896 0.450663 0.000000
vt -0.285896 0.563060 0.000000
vt -0.222879 0.563018 0.000000
vt -0.299067 0.675994 0.000000
vt -0.199383 0.675994 0.000000
vt -0.159861 0.562977 0.000000
vt -0.099685 0.675994 0.000000
vt -0.096843 0.562936 0.000000
vt -0.048421 0.562905 0.000000
vt -0.096843 0.450663 0.000000
vt -0.048421 0.450663 0.000000
vt -0.048421 0.337997 0.000000
vt -0.000000 0.449752 0.000000
vt -0.000000 0.336632 0.000000
vt -0.048421 0.225331 0.000000
vt -0.000000 0.223511 0.000000
vt -0.048421 0.141922 0.000000
vt -0.000000 0.110390 0.000000
vt -0.048421 0.058512 0.000000
vt -0.000000 -0.002730 0.000000
vt -0.048421 -0.025094 0.000000
vt -0.000016 -0.115783 0.000000
vt -0.048421 -0.108307 0.000000
vt -0.048421 -0.168575 0.000000
vt -0.096843 -0.108307 0.000000
vt -0.094604 -0.116856 0.000000
vt -0.140737 -0.053383 0.000000
vt -0.096843 -0.025290 0.000000
vt -0.159861 0.058512 0.000000
vt -0.096843 0.058512 0.000000
vt -0.159861 0.141922 0.000000
vt -0.096843 0.141922 0.000000
vt -0.159861 0.225331 0.000000
vt -0.096843 0.225331 0.000000
vt -0.159861 0.337997 0.000000
vt -0.096843 0.337997 0.000000
vt -0.159861 0.450663 0.000000
vt -0.047812 -0.175773 0.000000
vt -0.000028 -0.172300 0.000000
vt -0.000026 -0.228842 0.000000
vt -0.000000 0.562873 0.000000
vt -0.000000 0.675994 0.000000
vt -0.348914 0.563101 0.000000
vt -0.398762 0.675994 0.000000
vt -0.383641 0.563123 0.000000
vt -0.598144 0.675994 0.000000
vt -0.558098 0.563237 0.000000
vt -0.593031 0.450663 0.000000
vt -0.593031 0.563260 0.000000
vt -0.697829 0.675994 0.000000
vt -0.627963 0.563283 0.000000
vt -0.662896 0.563305 0.000000
vt -0.662896 0.450663 0.000000
vt -0.697829 0.518140 0.000000
vt -0.697829 0.360286 0.000000
vt -0.555446 -0.220032 0.000000
vt -0.488233 0.058843 0.000000
vt -0.481943 0.058853 0.000000
vt -0.488233 0.141922 0.000000
vt -0.437521 0.188286 0.000000
vt -0.453300 0.225331 0.000000
vt -0.222879 0.337997 0.000000
vt -0.222879 0.225331 0.000000
vt -0.222879 0.450663 0.000000
vt -0.383641 0.450663 0.000000
vt -0.453300 0.337997 0.000000
vt -0.488233 0.337997 0.000000
vt -0.488233 0.225331 0.000000
vt -0.488233 0.450663 0.000000
vt -0.627963 0.450663 0.000000
vt -0.627963 0.141922 0.000000
vt -0.593031 0.141922 0.000000
vt -0.593031 0.058678 0.000000
vt -0.760134 -0.274889 0.000000
vt -0.760134 -0.196350 0.000000
vt -2.438258 -0.274889 0.000000
vt -2.458560 -0.196350 0.000000
vt -0.760134 -0.117810 0.000000
vt -2.477845 -0.117810 0.000000
vt -0.760134 -0.039270 0.000000
vt -2.495145 -0.039270 0.000000
vt -0.760134 0.039270 0.000000
vt -2.509592 0.039270 0.000000
vt -0.760134 0.117810 0.000000
vt -2.520462 0.117810 0.000000
vt -0.760134 0.196350 0.000000
vt -2.527210 0.196350 0.000000
vt -0.760134 0.274889 0.000000
vt -2.529498 0.274889 0.000000
vt 2.100665 0.650000 0.000000
vt 0.000000 0.650000 0.000000
vt 2.100665 0.000000 0.000000
vt 0.000000 0.000000 0.000000
vt 1.078312 0.650000 0.000000
vt 0.000000 0.650000 0.000000
vt 1.078312 0.000000 0.000000
vt 0.000000 0.000000 0.000000
vt 1.226519 0.650000 0.000000
vt -0.000000 0.650000 0.000000
vt 1.226519 0.000000 0.000000
vt -0.000000 0.000000 0.000000
vt 2.957894 0.650000 0.000000
vt -0.000000 0.650000 0.000000
vt 2.957894 0.000000 0.000000
vt -0.000000 0.000000 0.000000
vt 3.041381 0.650000 0.000000
vt 1.272017 0.650000 0.000000
vt 3.041381 0.000000 0.000000
vt 0.000000 0.000000 0.000000
vt 1.134696 0.654957 0.000000
vt 0.998131 0.670014 0.000000
vt 0.863127 0.695453 0.000000
vt 0.730528 0.731657 0.000000
vt 0.601694 0.779370 0.000000
vt 0.478204 0.839406 0.000000
vt 0.000000 1.000000 0.000000
vt 0.361946 0.912695 0.000000
vt 0.307497 0.954559 0.000000
vt 0.256080 1.000000 0.000000
vt 0.715064 -1.891692 0.000000
vt 0.715064 -0.156412 0.000000
vt 0.613878 -0.967396 0.000000
vt 0.642419 -0.164841 0.000000
vt 0.575372 -0.188905 0.000000
vt 0.512692 -0.967396 0.000000
vt 0.514252 -0.225558 0.000000
vt 0.458097 -0.271806 0.000000
vt 0.403067 -0.222199 0.000000
vt 0.411505 -0.967396 0.000000
vt 0.462098 -0.967396 0.000000
vt 0.512692 -1.853921 0.000000
vt 0.613878 -1.853921 0.000000
vt 0.613878 -2.297183 0.000000
vt 0.613878 -2.740446 0.000000
vt 0.715064 -3.626971 0.000000
vt 0.613878 -2.962077 0.000000
vt 0.613878 -3.183708 0.000000
vt 0.512692 -2.962077 0.000000
vt 0.512692 -3.183708 0.000000
vt 0.462098 -2.962077 0.000000
vt 0.462098 -3.183708 0.000000
vt 0.411505 -2.962077 0.000000
vt 0.411505 -3.183708 0.000000
vt 0.360912 -2.962077 0.000000
vt 0.360912 -3.183708 0.000000
vt 0.310319 -2.962077 0.000000
vt 0.310319 -3.183708 0.000000
vt 0.232739 -2.962077 0.000000
vt 0.232739 -3.183708 0.000000
vt 0.155160 -2.962077 0.000000
vt 0.155160 -3.183708 0.000000
vt 0.088375 -3.218972 0.000000
vt 0.172694 -3.306364 0.000000
vt 0.360912 -0.967396 0.000000
vt 0.352984 -0.177016 0.000000
vt 0.310319 -0.967396 0.000000
vt 0.306494 -0.141362 0.000000
vt 0.282882 -0.128396 0.000000
vt 0.232739 -0.967396 0.000000
vt 0.270515 -0.123684 0.000000
vt 0.257408 -0.120640 0.000000
vt 0.199539 -0.111903 0.000000
vt 0.155160 -0.967396 0.000000
vt 0.232739 -1.853921 0.000000
vt 0.155160 -1.853921 0.000000
vt 0.232739 -2.297183 0.000000
vt 0.155160 -2.297183 0.000000
vt 0.232739 -2.740446 0.000000
vt 0.155160 -2.740446 0.000000
vt 0.137784 -0.102241 0.000000
vt 0.077580 -0.967396 0.000000
vt 0.077580 -1.853921 0.000000
vt 0.077580 -2.297183 0.000000
vt 0.077580 -2.740446 0.000000
vt 0.077580 -2.962077 0.000000
vt 0.077580 -3.183708 0.000000
vt 0.000000 -3.129490 0.000000
vt 0.071644 -0.091840 0.000000
vt 0.001018 -0.081023 0.000000
vt 0.000000 -0.080871 0.000000
vt 0.255287 -3.389343 0.000000
vt 0.232739 -3.294524 0.000000
vt 0.296607 -3.428366 0.000000
vt 0.310319 -3.294524 0.000000
vt 0.310319 -3.405340 0.000000
vt 0.338275 -3.465230 0.000000
vt 0.360912 -3.405340 0.000000
vt 0.360912 -3.294524 0.000000
vt 0.411505 -3.405340 0.000000
vt 0.411505 -3.294524 0.000000
vt 0.462098 -3.405340 0.000000
vt 0.462098 -3.294524 0.000000
vt 0.512692 -3.405340 0.000000
vt 0.512692 -3.294524 0.000000
vt 0.613878 -3.405340 0.000000
vt 0.613878 -3.294524 0.000000
vt 0.661491 -3.624061 0.000000
vt 0.380588 -3.499541 0.000000
vt 0.411505 -3.516155 0.000000
vt 0.423842 -3.530866 0.000000
vt 0.462098 -3.516155 0.000000
vt 0.468122 -3.558586 0.000000
vt 0.512692 -3.516155 0.000000
vt 0.513748 -3.582242 0.000000
vt 0.561161 -3.601395 0.000000
vt 0.610384 -3.615468 0.000000
vt 0.613878 -3.516155 0.000000
vt 0.310319 -1.853921 0.000000
vt 0.310319 -2.297183 0.000000
vt 0.310319 -2.740446 0.000000
vt 0.360912 -1.853921 0.000000
vt 0.360912 -2.297183 0.000000
vt 0.360912 -2.740446 0.000000
vt 0.411505 -1.853921 0.000000
vt 0.411505 -2.297183 0.000000
vt 0.411505 -2.740446 0.000000
vt 0.462098 -1.853921 0.000000
vt 0.462098 -2.297183 0.000000
vt 0.462098 -2.740446 0.000000
vt 0.512692 -2.740446 0.000000
vt 0.512692 -2.297183 0.000000
vt 0.148258 -0.815691 0.000000
vt 0.151500 -0.838358 0.000000
vt 0.202000 -0.962379 0.000000
vt 0.151500 -0.879306 0.000000
vt 0.151500 -0.920254 0.000000
vt 0.101000 -0.879306 0.000000
vt 0.101000 -0.920254 0.000000
vt 0.050500 -0.879306 0.000000
vt 0.050500 -0.920254 0.000000
vt 0.000000 -1.002149 0.000000
vt 0.000799 -1.001997 0.000000
vt 0.097962 -0.662454 0.000000
vt 0.101000 -0.674568 0.000000
vt 0.101000 -0.756463 0.000000
vt 0.101000 -0.838358 0.000000
vt 0.050500 -0.756463 0.000000
vt 0.050500 -0.838358 0.000000
vt 0.050500 -0.674568 0.000000
vt 0.049213 -0.505587 0.000000
vt 0.000000 -0.346988 0.000000
vt 0.050500 -0.961201 0.000000
vt 0.056223 -0.991180 0.000000
vt 0.101000 -0.961201 0.000000
vt 0.108125 -0.980778 0.000000
vt 0.151500 -0.961201 0.000000
vt 0.156587 -0.971116 0.000000
vt 0.662742 -0.420689 0.000000
vt 0.579899 -0.631033 0.000000
vt 0.662742 -0.841378 0.000000
vt 0.579899 -0.683619 0.000000
vt 0.579899 -0.736074 0.000000
vt 0.497056 -0.735943 0.000000
vt 0.497056 -0.788791 0.000000
vt 0.414214 -0.788791 0.000000
vt 0.480748 -0.822039 0.000000
vt 0.398287 -0.799413 0.000000
vt 0.414214 -0.735812 0.000000
vt 0.331371 -0.735680 0.000000
vt 0.414214 -0.683619 0.000000
vt 0.331371 -0.683619 0.000000
vt 0.331371 -0.631033 0.000000
vt 0.248528 -0.631033 0.000000
vt 0.248528 -0.578447 0.000000
vt 0.165685 -0.578447 0.000000
vt 0.165685 -0.525861 0.000000
vt 0.082843 -0.525861 0.000000
vt 0.082843 -0.420689 0.000000
vt 0.000000 -0.614847 0.000000
vt 0.000000 -0.150731 0.000000
vt 0.082843 -0.315517 0.000000
vt 0.082843 -0.210344 0.000000
vt 0.165685 -0.315517 0.000000
vt 0.165685 -0.210344 0.000000
vt 0.248528 -0.315517 0.000000
vt 0.248528 -0.210344 0.000000
vt 0.331371 -0.315517 0.000000
vt 0.331371 -0.210344 0.000000
vt 0.414214 -0.315517 0.000000
vt 0.414214 -0.210344 0.000000
vt 0.497056 -0.315517 0.000000
vt 0.497056 -0.210344 0.000000
vt 0.579899 -0.315517 0.000000
vt 0.579899 -0.210344 0.000000
vt 0.662742 0.000000 0.000000
vt 0.571404 -0.003077 0.000000
vt 0.485823 -0.012132 0.000000
vt 0.404397 -0.026612 0.000000
vt 0.325213 -0.045801 0.000000
vt 0.246980 -0.068733 0.000000
vt 0.167846 -0.094522 0.000000
vt 0.086237 -0.122156 0.000000
vt 0.082843 -0.578447 0.000000
vt 0.001048 -0.615354 0.000000
vt 0.082843 -0.631033 0.000000
vt 0.084534 -0.656926 0.000000
vt 0.165685 -0.631033 0.000000
vt 0.165685 -0.683619 0.000000
vt 0.248528 -0.683619 0.000000
vt 0.241590 -0.735538 0.000000
vt 0.248528 -0.735549 0.000000
vt 0.319033 -0.770014 0.000000
vt 0.164004 -0.697383 0.000000
vt 0.523935 -0.830373 0.000000
vt 0.579899 -0.788791 0.000000
vt 0.568447 -0.836439 0.000000
vt 0.614553 -0.840131 0.000000
vt 0.579899 -0.578447 0.000000
vt 0.579899 -0.525861 0.000000
vt 0.579899 -0.420689 0.000000
vt 0.497056 -0.420689 0.000000
vt 0.414214 -0.420689 0.000000
vt 0.331371 -0.420689 0.000000
vt 0.414214 -0.525861 0.000000
vt 0.331371 -0.525861 0.000000
vt 0.414214 -0.578447 0.000000
vt 0.331371 -0.578447 0.000000
vt 0.414214 -0.631033 0.000000
vt 0.248528 -0.420689 0.000000
vt 0.248528 -0.525861 0.000000
vt 0.165685 -0.420689 0.000000
vt 0.497056 -0.525861 0.000000
vt 0.497056 -0.578447 0.000000
vt 0.497056 -0.631033 0.000000
vt 0.497056 -0.683619 0.000000
vt 0.000000 -1.240241 0.000000
vt 0.082843 -0.845232 0.000000
vt 0.000000 -0.226530 0.000000
vt 0.082843 -0.563488 0.000000
vt 0.001048 -0.226023 0.000000
vt 0.084534 -0.184451 0.000000
vt 0.165685 -0.563488 0.000000
vt 0.164004 -0.143995 0.000000
vt 0.248528 -0.563488 0.000000
vt 0.241590 -0.105839 0.000000
vt 0.331371 -0.563488 0.000000
vt 0.319033 -0.071364 0.000000
vt 0.414214 -0.563488 0.000000
vt 0.398287 -0.041964 0.000000
vt 0.480748 -0.019339 0.000000
vt 0.497056 -0.563488 0.000000
vt 0.523935 -0.011004 0.000000
vt 0.579899 -0.563488 0.000000
vt 0.568447 -0.004939 0.000000
vt 0.614553 -0.001247 0.000000
vt 0.662742 -0.000000 0.000000
vt 0.662742 -1.004882 0.000000
vt 0.579899 -0.845232 0.000000
vt 0.579899 -1.126976 0.000000
vt 0.497056 -0.845232 0.000000
vt 0.497056 -1.126976 0.000000
vt 0.414214 -0.845232 0.000000
vt 0.414214 -1.126976 0.000000
vt 0.331371 -0.845232 0.000000
vt 0.331371 -1.126976 0.000000
vt 0.248528 -0.845232 0.000000
vt 0.248528 -1.126976 0.000000
vt 0.165685 -0.845232 0.000000
vt 0.165685 -1.126976 0.000000
vt 0.082843 -1.126976 0.000000
vt 0.082843 -1.408720 0.000000
vt 0.082843 -1.549592 0.000000
vt 0.165685 -1.549592 0.000000
vt 0.165685 -1.690465 0.000000
vt 0.248528 -1.690465 0.000000
vt 0.248528 -1.831337 0.000000
vt 0.331371 -1.831337 0.000000
vt 0.331371 -1.901773 0.000000
vt 0.414214 -1.901773 0.000000
vt 0.414214 -1.972209 0.000000
vt 0.497056 -1.972209 0.000000
vt 0.479266 -2.030965 0.000000
vt 0.522710 -2.021845 0.000000
vt 0.082843 -1.690465 0.000000
vt 0.000000 -2.253953 0.000000
vt 0.082843 -1.831337 0.000000
vt 0.082843 -1.901773 0.000000
vt 0.165685 -1.901773 0.000000
vt 0.165685 -1.972209 0.000000
vt 0.248528 -1.972209 0.000000
vt 0.248528 -2.042645 0.000000
vt 0.331371 -2.042645 0.000000
vt 0.317248 -2.087486 0.000000
vt 0.396513 -2.055625 0.000000
vt 0.001048 -2.253407 0.000000
vt 0.082843 -2.042645 0.000000
vt 0.082843 -1.972209 0.000000
vt 0.083874 -2.208955 0.000000
vt 0.082843 -2.183517 0.000000
vt 0.082843 -2.113081 0.000000
vt 0.165685 -2.113081 0.000000
vt 0.165685 -2.042645 0.000000
vt 0.239999 -2.124666 0.000000
vt 0.248528 -2.113081 0.000000
vt 0.162805 -2.165637 0.000000
vt 0.414214 -2.042645 0.000000
vt 0.331371 -1.972209 0.000000
vt 0.248528 -1.901773 0.000000
vt 0.165685 -1.831337 0.000000
vt 0.579899 -1.972209 0.000000
vt 0.567574 -2.015190 0.000000
vt 0.614083 -2.011134 0.000000
vt 0.579899 -1.901773 0.000000
vt 0.662742 -2.009764 0.000000
vt 0.579899 -1.831337 0.000000
vt 0.579899 -1.690465 0.000000
vt 0.497056 -1.690465 0.000000
vt 0.497056 -1.549592 0.000000
vt 0.414214 -1.549592 0.000000
vt 0.414214 -1.408720 0.000000
vt 0.331371 -1.408720 0.000000
vt 0.579899 -1.549592 0.000000
vt 0.579899 -1.408720 0.000000
vt 0.165685 -1.408720 0.000000
vt 0.248528 -1.408720 0.000000
vt 0.248528 -1.549592 0.000000
vt 0.331371 -1.549592 0.000000
vt 0.414214 -1.690465 0.000000
vt 0.497056 -1.831337 0.000000
vt 0.497056 -1.408720 0.000000
vt 0.497056 -1.901773 0.000000
vt 0.414214 -1.831337 0.000000
vt 0.331371 -1.690465 0.000000
vt 0.000000 0.244189 0.000000
vt 0.000000 -0.835988 0.000000
vt 0.001048 0.243643 0.000000
vt 0.082843 -0.309005 0.000000
vt 0.083874 0.199191 0.000000
vt 0.162805 0.155873 0.000000
vt 0.165685 -0.309005 0.000000
vt 0.239999 0.114903 0.000000
vt 0.248528 -0.309005 0.000000
vt 0.317248 0.077722 0.000000
vt 0.331371 -0.309005 0.000000
vt 0.396513 0.045861 0.000000
vt 0.414214 -0.309005 0.000000
vt 0.479266 0.021201 0.000000
vt 0.497056 -0.309005 0.000000
vt 0.522710 0.012081 0.000000
vt 0.579899 -0.309005 0.000000
vt 0.567574 0.005426 0.000000
vt 0.614083 0.001371 0.000000
vt 0.662742 0.000000 0.000000
vt 0.579899 -0.585601 0.000000
vt 0.662742 -0.984292 0.000000
vt 0.579899 -0.862198 0.000000
vt 0.579899 -1.138795 0.000000
vt 0.497056 -0.862198 0.000000
vt 0.497056 -1.138795 0.000000
vt 0.414214 -0.862198 0.000000
vt 0.414214 -1.138795 0.000000
vt 0.331371 -0.862198 0.000000
vt 0.331371 -1.138795 0.000000
vt 0.248528 -0.862198 0.000000
vt 0.248528 -1.138795 0.000000
vt 0.165685 -0.862198 0.000000
vt 0.165685 -1.138795 0.000000
vt 0.082843 -0.862198 0.000000
vt 0.082843 -1.138795 0.000000
vt 0.001083 -1.916286 0.000000
vt 0.082843 -1.277093 0.000000
vt 0.082843 -1.415391 0.000000
vt 0.165685 -1.415391 0.000000
vt 0.165685 -1.553690 0.000000
vt 0.248528 -1.553690 0.000000
vt 0.248528 -1.622839 0.000000
vt 0.331371 -1.622839 0.000000
vt 0.331371 -1.691988 0.000000
vt 0.414214 -1.691988 0.000000
vt 0.414214 -1.761137 0.000000
vt 0.497056 -1.761137 0.000000
vt 0.497056 -1.830287 0.000000
vt 0.579899 -1.830287 0.000000
vt 0.579899 -1.899436 0.000000
vt 0.662742 -1.968585 0.000000
vt 0.573850 -1.967573 0.000000
vt 0.497056 -1.899436 0.000000
vt 0.490169 -1.964579 0.000000
vt 0.414214 -1.899436 0.000000
vt 0.409797 -1.959724 0.000000
vt 0.331371 -1.899436 0.000000
vt 0.331078 -1.953204 0.000000
vt 0.252445 -1.945274 0.000000
vt 0.248528 -1.899436 0.000000
vt 0.172386 -1.936242 0.000000
vt 0.165685 -1.899436 0.000000
vt 0.089254 -1.926458 0.000000
vt 0.082843 -1.899436 0.000000
vt 0.082843 -1.830287 0.000000
vt 0.082843 -1.761137 0.000000
vt 0.165685 -1.830287 0.000000
vt 0.165685 -1.761137 0.000000
vt 0.248528 -1.830287 0.000000
vt 0.248528 -1.761137 0.000000
vt 0.331371 -1.830287 0.000000
vt 0.331371 -1.761137 0.000000
vt 0.414214 -1.830287 0.000000
vt 0.000000 -1.916165 0.000000
vt 0.082843 -0.585601 0.000000
vt 0.165685 -0.585601 0.000000
vt 0.248528 -0.585601 0.000000
vt 0.331371 -0.585601 0.000000
vt 0.414214 -0.585601 0.000000
vt 0.497056 -0.585601 0.000000
vt 0.579899 -1.415391 0.000000
vt 0.579899 -1.553690 0.000000
vt 0.579899 -1.622839 0.000000
vt 0.497056 -1.553690 0.000000
vt 0.497056 -1.622839 0.000000
vt 0.414214 -1.553690 0.000000
vt 0.414214 -1.622839 0.000000
vt 0.331371 -1.553690 0.000000
vt 0.082843 -1.691988 0.000000
vt 0.082843 -1.622839 0.000000
vt 0.165685 -1.691988 0.000000
vt 0.165685 -1.622839 0.000000
vt 0.248528 -1.691988 0.000000
vt 0.082843 -1.553690 0.000000
vt 0.579899 -1.761137 0.000000
vt 0.579899 -1.691988 0.000000
vt 0.579899 -1.277093 0.000000
vt 0.497056 -1.277093 0.000000
vt 0.414214 -1.277093 0.000000
vt 0.331371 -1.277093 0.000000
vt 0.248528 -1.277093 0.000000
vt 0.165685 -1.277093 0.000000
vt 0.497056 -1.415391 0.000000
vt 0.414214 -1.415391 0.000000
vt 0.331371 -1.415391 0.000000
vt 0.248528 -1.415391 0.000000
vt 0.497056 -1.691988 0.000000
vt 0.000000 -0.416770 0.000000
vt 0.082843 -0.271529 0.000000
vt 0.000000 -0.052420 0.000000
vt 0.082843 -0.181019 0.000000
vt 0.001083 -0.052299 0.000000
vt 0.089254 -0.042127 0.000000
vt 0.165685 -0.181019 0.000000
vt 0.172386 -0.032343 0.000000
vt 0.248528 -0.181019 0.000000
vt 0.252445 -0.023311 0.000000
vt 0.331371 -0.181019 0.000000
vt 0.331078 -0.015381 0.000000
vt 0.414214 -0.181019 0.000000
vt 0.409797 -0.008861 0.000000
vt 0.497056 -0.181019 0.000000
vt 0.490169 -0.004006 0.000000
vt 0.573850 -0.001012 0.000000
vt 0.579899 -0.181019 0.000000
vt 0.662742 0.000000 0.000000
vt 0.662742 -0.362039 0.000000
vt 0.579899 -0.271529 0.000000
vt 0.579899 -0.362039 0.000000
vt 0.497056 -0.271529 0.000000
vt 0.497056 -0.362039 0.000000
vt 0.414214 -0.271529 0.000000
vt 0.414214 -0.362039 0.000000
vt 0.331371 -0.271529 0.000000
vt 0.331371 -0.362039 0.000000
vt 0.248528 -0.271529 0.000000
vt 0.248528 -0.362039 0.000000
vt 0.165685 -0.271529 0.000000
vt 0.165685 -0.362039 0.000000
vt 0.082843 -0.362039 0.000000
vt 0.001047 -0.417457 0.000000
vt 0.082843 -0.452549 0.000000
vt 0.081482 -0.471752 0.000000
vt 0.158416 -0.524902 0.000000
vt 0.165685 -0.497804 0.000000
vt 0.234089 -0.575659 0.000000
vt 0.248528 -0.543058 0.000000
vt 0.310504 -0.622448 0.000000
vt 0.331371 -0.588313 0.000000
vt 0.389659 -0.663272 0.000000
vt 0.414214 -0.633568 0.000000
vt 0.430867 -0.680678 0.000000
vt 0.497056 -0.633568 0.000000
vt 0.497056 -0.678823 0.000000
vt 0.579899 -0.678823 0.000000
vt 0.517818 -0.707749 0.000000
vt 0.564076 -0.716721 0.000000
vt 0.473450 -0.695606 0.000000
vt 0.612194 -0.722214 0.000000
vt 0.662742 -0.724078 0.000000
vt 0.579899 -0.633568 0.000000
vt 0.579899 -0.588313 0.000000
vt 0.497056 -0.588313 0.000000
vt 0.497056 -0.543058 0.000000
vt 0.414214 -0.543058 0.000000
vt 0.414214 -0.497804 0.000000
vt 0.331371 -0.497804 0.000000
vt 0.331371 -0.452549 0.000000
vt 0.248528 -0.452549 0.000000
vt 0.579899 -0.543058 0.000000
vt 0.579899 -0.497804 0.000000
vt 0.579899 -0.452549 0.000000
vt 0.497056 -0.452549 0.000000
vt 0.414214 -0.452549 0.000000
vt 0.165685 -0.452549 0.000000
vt 0.248528 -0.497804 0.000000
vt 0.331371 -0.543058 0.000000
vt 0.414214 -0.588313 0.000000
vt 0.497056 -0.497804 0.000000
vt 0.001047 -0.306621 0.000000
vt 0.000000 -0.307308 0.000000
vt 0.082843 -0.413688 0.000000
vt 0.000000 -0.531090 0.000000
vt 0.082843 -0.517110 0.000000
vt 0.001047 -0.531752 0.000000
vt 0.082843 -0.568821 0.000000
vt 0.081899 -0.584376 0.000000
vt 0.159184 -0.635852 0.000000
vt 0.165685 -0.620532 0.000000
vt 0.235132 -0.684931 0.000000
vt 0.248528 -0.620532 0.000000
vt 0.248528 -0.672243 0.000000
vt 0.331371 -0.672243 0.000000
vt 0.311710 -0.730053 0.000000
vt 0.331371 -0.723954 0.000000
vt 0.390900 -0.769296 0.000000
vt 0.414214 -0.723954 0.000000
vt 0.414214 -0.775665 0.000000
vt 0.497056 -0.775665 0.000000
vt 0.474516 -0.800247 0.000000
vt 0.518724 -0.811837 0.000000
vt 0.432045 -0.785972 0.000000
vt 0.579899 -0.775665 0.000000
vt 0.564726 -0.820379 0.000000
vt 0.612545 -0.825604 0.000000
vt 0.662742 -0.827376 0.000000
vt 0.579899 -0.723954 0.000000
vt 0.497056 -0.723954 0.000000
vt 0.497056 -0.672243 0.000000
vt 0.414214 -0.672243 0.000000
vt 0.414214 -0.620532 0.000000
vt 0.331371 -0.620532 0.000000
vt 0.331371 -0.568821 0.000000
vt 0.248528 -0.568821 0.000000
vt 0.248528 -0.517110 0.000000
vt 0.165685 -0.517110 0.000000
vt 0.165685 -0.413688 0.000000
vt 0.082843 -0.310266 0.000000
vt 0.081482 -0.252326 0.000000
vt 0.165685 -0.310266 0.000000
vt 0.165685 -0.206844 0.000000
vt 0.248528 -0.310266 0.000000
vt 0.248528 -0.206844 0.000000
vt 0.331371 -0.310266 0.000000
vt 0.331371 -0.206844 0.000000
vt 0.414214 -0.310266 0.000000
vt 0.414214 -0.206844 0.000000
vt 0.497056 -0.310266 0.000000
vt 0.497056 -0.206844 0.000000
vt 0.579899 -0.310266 0.000000
vt 0.579899 -0.206844 0.000000
vt 0.662742 -0.413688 0.000000
vt 0.662742 0.000000 0.000000
vt 0.579899 -0.620532 0.000000
vt 0.579899 -0.672243 0.000000
vt 0.612194 -0.001864 0.000000
vt 0.564076 -0.007357 0.000000
vt 0.517818 -0.016329 0.000000
vt 0.473450 -0.028471 0.000000
vt 0.430867 -0.043400 0.000000
vt 0.389659 -0.060806 0.000000
vt 0.310504 -0.101630 0.000000
vt 0.234089 -0.148419 0.000000
vt 0.158416 -0.199176 0.000000
vt 0.579899 -0.568821 0.000000
vt 0.579899 -0.517110 0.000000
vt 0.579899 -0.413688 0.000000
vt 0.497056 -0.413688 0.000000
vt 0.248528 -0.413688 0.000000
vt 0.331371 -0.413688 0.000000
vt 0.414214 -0.413688 0.000000
vt 0.497056 -0.517110 0.000000
vt 0.497056 -0.568821 0.000000
vt 0.497056 -0.620532 0.000000
vt 0.414214 -0.517110 0.000000
vt 0.414214 -0.568821 0.000000
vt 0.331371 -0.517110 0.000000
vt 0.165685 -0.568821 0.000000
vt 0.000000 -1.047724 0.000000
vt 0.082843 -0.701437 0.000000
vt 0.000000 -0.296286 0.000000
vt 0.082843 -0.561150 0.000000
vt 0.082843 -0.420862 0.000000
vt 0.165685 -0.561150 0.000000
vt 0.165685 -0.420862 0.000000
vt 0.248528 -0.561150 0.000000
vt 0.248528 -0.420862 0.000000
vt 0.331371 -0.561150 0.000000
vt 0.331371 -0.420862 0.000000
vt 0.414214 -0.561150 0.000000
vt 0.414214 -0.420862 0.000000
vt 0.497056 -0.561150 0.000000
vt 0.497056 -0.420862 0.000000
vt 0.579899 -0.561150 0.000000
vt 0.579899 -0.420862 0.000000
vt 0.662742 -0.561150 0.000000
vt 0.579899 -0.280575 0.000000
vt 0.662742 0.000000 0.000000
vt 0.612545 -0.001772 0.000000
vt 0.001077 -1.047895 0.000000
vt 0.082843 -0.911868 0.000000
vt 0.082843 -0.841724 0.000000
vt 0.082843 -0.771581 0.000000
vt 0.165685 -0.841724 0.000000
vt 0.165685 -0.771581 0.000000
vt 0.248528 -0.841724 0.000000
vt 0.248528 -0.771581 0.000000
vt 0.331371 -0.841724 0.000000
vt 0.331371 -0.771581 0.000000
vt 0.414214 -0.841724 0.000000
vt 0.414214 -0.771581 0.000000
vt 0.497056 -0.841724 0.000000
vt 0.497056 -0.771581 0.000000
vt 0.579899 -0.841724 0.000000
vt 0.579899 -0.771581 0.000000
vt 0.579899 -0.701437 0.000000
vt 0.088924 -1.062311 0.000000
vt 0.082843 -1.052156 0.000000
vt 0.082843 -0.982012 0.000000
vt 0.165685 -0.982012 0.000000
vt 0.165685 -0.911868 0.000000
vt 0.248528 -0.982012 0.000000
vt 0.248528 -0.911868 0.000000
vt 0.331371 -0.982012 0.000000
vt 0.331371 -0.911868 0.000000
vt 0.414214 -0.982012 0.000000
vt 0.414214 -0.911868 0.000000
vt 0.497056 -0.982012 0.000000
vt 0.497056 -0.911868 0.000000
vt 0.579899 -0.982012 0.000000
vt 0.579899 -0.911868 0.000000
vt 0.662742 -1.122299 0.000000
vt 0.171797 -1.076189 0.000000
vt 0.165685 -1.052156 0.000000
vt 0.248528 -1.052156 0.000000
vt 0.251711 -1.089023 0.000000
vt 0.331371 -1.052156 0.000000
vt 0.330277 -1.100312 0.000000
vt 0.409059 -1.109617 0.000000
vt 0.414214 -1.052156 0.000000
vt 0.489576 -1.116559 0.000000
vt 0.497056 -1.052156 0.000000
vt 0.573517 -1.120849 0.000000
vt 0.579899 -1.052156 0.000000
vt 0.564726 -0.006997 0.000000
vt 0.518724 -0.015540 0.000000
vt 0.497056 -0.280575 0.000000
vt 0.474516 -0.027130 0.000000
vt 0.432045 -0.041404 0.000000
vt 0.414214 -0.280575 0.000000
vt 0.390900 -0.058080 0.000000
vt 0.311710 -0.097323 0.000000
vt 0.331371 -0.280575 0.000000
vt 0.235132 -0.142445 0.000000
vt 0.248528 -0.280575 0.000000
vt 0.159184 -0.191524 0.000000
vt 0.165685 -0.280575 0.000000
vt 0.081899 -0.243000 0.000000
vt 0.082843 -0.280575 0.000000
vt 0.001047 -0.295624 0.000000
vt 0.165685 -0.701437 0.000000
vt 0.248528 -0.701437 0.000000
vt 0.331371 -0.701437 0.000000
vt 0.414214 -0.701437 0.000000
vt 0.497056 -0.701437 0.000000
vt 0.001077 -0.074404 0.000000
vt 0.000000 -0.074576 0.000000
vt 0.082843 -0.587487 0.000000
vt 0.000000 -1.212262 0.000000
vt 0.082843 -0.881231 0.000000
vt 0.082843 -1.174975 0.000000
vt 0.165685 -1.174975 0.000000
vt 0.165685 -1.468718 0.000000
vt 0.248528 -1.468718 0.000000
vt 0.248528 -1.615590 0.000000
vt 0.331371 -1.615590 0.000000
vt 0.331371 -1.762462 0.000000
vt 0.414214 -1.762462 0.000000
vt 0.414214 -1.909334 0.000000
vt 0.497056 -1.909334 0.000000
vt 0.497056 -1.982770 0.000000
vt 0.579899 -1.982770 0.000000
vt 0.579899 -2.056205 0.000000
vt 0.662742 -2.349949 0.000000
vt 0.579899 -2.129641 0.000000
vt 0.579899 -2.203077 0.000000
vt 0.497056 -2.129641 0.000000
vt 0.497056 -2.203077 0.000000
vt 0.414214 -2.129641 0.000000
vt 0.414214 -2.203077 0.000000
vt 0.331371 -2.129641 0.000000
vt 0.331371 -2.203077 0.000000
vt 0.248528 -2.129641 0.000000
vt 0.248528 -2.203077 0.000000
vt 0.165685 -2.129641 0.000000
vt 0.165685 -2.203077 0.000000
vt 0.082843 -2.129641 0.000000
vt 0.082843 -2.203077 0.000000
vt 0.000000 -2.349949 0.000000
vt 0.082843 -2.276513 0.000000
vt 0.082843 -2.349949 0.000000
vt 0.165685 -2.349949 0.000000
vt 0.082843 -1.762462 0.000000
vt 0.082843 -1.615590 0.000000
vt 0.082843 -1.468718 0.000000
vt 0.165685 -1.615590 0.000000
vt 0.165685 -2.276513 0.000000
vt 0.248528 -2.349949 0.000000
vt 0.248528 -2.276513 0.000000
vt 0.331371 -2.349949 0.000000
vt 0.331371 -2.276513 0.000000
vt 0.414214 -2.349949 0.000000
vt 0.414214 -2.276513 0.000000
vt 0.497056 -2.349949 0.000000
vt 0.497056 -2.276513 0.000000
vt 0.579899 -2.349949 0.000000
vt 0.579899 -2.276513 0.000000
vt 0.662742 -1.174975 0.000000
vt 0.579899 -1.762462 0.000000
vt 0.579899 -1.909334 0.000000
vt 0.662742 0.000000 0.000000
vt 0.579899 -0.587487 0.000000
vt 0.579899 -0.881231 0.000000
vt 0.579899 -1.174975 0.000000
vt 0.497056 -0.881231 0.000000
vt 0.497056 -1.174975 0.000000
vt 0.414214 -0.881231 0.000000
vt 0.414214 -1.174975 0.000000
vt 0.331371 -0.881231 0.000000
vt 0.331371 -1.174975 0.000000
vt 0.248528 -0.881231 0.000000
vt 0.248528 -1.174975 0.000000
vt 0.165685 -0.881231 0.000000
vt 0.573517 -0.001451 0.000000
vt 0.497056 -0.587487 0.000000
vt 0.489576 -0.005740 0.000000
vt 0.414214 -0.587487 0.000000
vt 0.409059 -0.012682 0.000000
vt 0.330277 -0.021987 0.000000
vt 0.331371 -0.587487 0.000000
vt 0.251711 -0.033277 0.000000
vt 0.248528 -0.587487 0.000000
vt 0.171797 -0.046110 0.000000
vt 0.165685 -0.587487 0.000000
vt 0.088924 -0.059988 0.000000
vt 0.082843 -2.056205 0.000000
vt 0.082843 -1.982770 0.000000
vt 0.165685 -2.056205 0.000000
vt 0.165685 -1.982770 0.000000
vt 0.248528 -2.056205 0.000000
vt 0.248528 -1.982770 0.000000
vt 0.331371 -2.056205 0.000000
vt 0.331371 -1.982770 0.000000
vt 0.414214 -2.056205 0.000000
vt 0.414214 -1.982770 0.000000
vt 0.497056 -2.056205 0.000000
vt 0.082843 -1.909334 0.000000
vt 0.165685 -1.909334 0.000000
vt 0.248528 -1.909334 0.000000
vt 0.331371 -1.909334 0.000000
vt 0.579899 -1.615590 0.000000
vt 0.579899 -1.468718 0.000000
vt 0.331371 -1.468718 0.000000
vt 0.414214 -1.468718 0.000000
vt 0.414214 -1.615590 0.000000
vt 0.497056 -1.468718 0.000000
vt 0.497056 -1.615590 0.000000
vt 0.497056 -1.762462 0.000000
vt 0.165685 -1.762462 0.000000
vt 0.248528 -1.762462 0.000000
vt 0.662317 -0.922380 0.000000
vt 0.662314 -0.874550 0.000000
vt 0.577594 -0.895708 0.000000
vt 0.579525 -0.874550 0.000000
vt 0.496736 -0.874550 0.000000
vt 0.492872 -0.895708 0.000000
vt 0.413946 -0.874550 0.000000
vt 0.408150 -0.895708 0.000000
vt 0.331157 -0.874550 0.000000
vt 0.323428 -0.895708 0.000000
vt 0.248366 -0.874550 0.000000
vt 0.242571 -0.895708 0.000000
vt 0.165575 -0.874549 0.000000
vt 0.161714 -0.895708 0.000000
vt 0.082784 -0.874549 0.000000
vt 0.080857 -0.895708 0.000000
vt 0.000000 -0.874549 0.000000
vt 0.000000 -0.922380 0.000000
vt 0.082790 -0.922380 0.000000
vt 0.165579 -0.922380 0.000000
vt 0.248369 -0.922380 0.000000
vt 0.331158 -0.922380 0.000000
vt 0.413948 -0.922380 0.000000
vt 0.496738 -0.922380 0.000000
vt 0.579527 -0.922380 0.000000
vt 0.263968 -0.806511 0.000000
vt 0.314683 -0.773686 0.000000
vt 0.336157 -0.750762 0.000000
vt 0.399139 -0.773686 0.000000
vt 0.415244 -0.750762 0.000000
vt 0.483594 -0.773686 0.000000
vt 0.494331 -0.750762 0.000000
vt 0.568050 -0.773686 0.000000
vt 0.573418 -0.750762 0.000000
vt 0.652505 -0.819536 0.000000
vt 0.652505 -0.750762 0.000000
vt 0.184829 -0.849065 0.000000
vt 0.236013 -0.842461 0.000000
vt 0.314683 -0.819536 0.000000
vt 0.399139 -0.819536 0.000000
vt 0.483594 -0.819536 0.000000
vt 0.568050 -0.819536 0.000000
vt 0.142288 -0.864327 0.000000
vt 0.157342 -0.865385 0.000000
vt 0.196677 -0.865385 0.000000
vt 0.236013 -0.865385 0.000000
vt 0.314683 -0.865385 0.000000
vt 0.244690 -0.888310 0.000000
vt 0.326253 -0.888310 0.000000
vt 0.163126 -0.888310 0.000000
vt 0.097479 -0.875742 0.000000
vt 0.081563 -0.888310 0.000000
vt 0.050096 -0.883620 0.000000
vt 0.000000 -0.888310 0.000000
vt 0.399139 -0.865385 0.000000
vt 0.407816 -0.888310 0.000000
vt 0.483594 -0.865385 0.000000
vt 0.489379 -0.888310 0.000000
vt 0.568050 -0.865385 0.000000
vt 0.570942 -0.888310 0.000000
vt 0.652505 -0.888310 0.000000
vt 0.568050 -0.842461 0.000000
vt 0.483594 -0.842461 0.000000
vt 0.399139 -0.842461 0.000000
vt 0.314683 -0.842461 0.000000
vt 0.585858 -0.337886 0.000000
vt 0.549784 -0.366355 0.000000
vt 0.585858 -0.412252 0.000000
vt 0.512633 -0.401191 0.000000
vt 0.514849 -0.425035 0.000000
vt 0.438955 -0.483221 0.000000
vt 0.514849 -0.478200 0.000000
vt 0.514849 -0.517487 0.000000
vt 0.585858 -0.486617 0.000000
vt 0.585858 -0.523800 0.000000
vt 0.514849 -0.556775 0.000000
vt 0.585858 -0.560983 0.000000
vt 0.514849 -0.596062 0.000000
vt 0.585858 -0.598166 0.000000
vt 0.514849 -0.635349 0.000000
vt 0.585858 -0.635349 0.000000
vt 0.443840 -0.517487 0.000000
vt 0.368215 -0.567062 0.000000
vt 0.443840 -0.556775 0.000000
vt 0.443840 -0.596062 0.000000
vt 0.372831 -0.596062 0.000000
vt 0.301822 -0.635349 0.000000
vt 0.372831 -0.635349 0.000000
vt 0.443840 -0.635349 0.000000
vt 0.274600 0.566120 0.000000
vt 0.310319 0.318294 0.000000
vt 0.351188 0.552804 0.000000
vt 0.360912 0.318294 0.000000
vt 0.386109 0.498423 0.000000
vt 0.411505 0.318294 0.000000
vt 0.422107 0.447527 0.000000
vt 0.460986 0.398960 0.000000
vt 0.462098 0.318294 0.000000
vt 0.502964 0.354448 0.000000
vt 0.512692 0.318294 0.000000
vt 0.548596 0.315681 0.000000
vt 0.512692 0.014835 0.000000
vt 0.599070 0.284492 0.000000
vt 0.613878 0.014835 0.000000
vt 0.654758 0.263850 0.000000
vt 0.715064 0.256576 0.000000
vt 0.613878 -0.136894 0.000000
vt 0.715064 -0.560480 0.000000
vt 0.613878 -0.288624 0.000000
vt 0.613878 -0.364488 0.000000
vt 0.512692 -0.288624 0.000000
vt 0.512692 -0.364488 0.000000
vt 0.462098 -0.288624 0.000000
vt 0.462098 -0.364488 0.000000
vt 0.411505 -0.288624 0.000000
vt 0.411505 -0.364488 0.000000
vt 0.360912 -0.288624 0.000000
vt 0.360912 -0.364488 0.000000
vt 0.310319 -0.288624 0.000000
vt 0.310319 -0.364488 0.000000
vt 0.232739 -0.288624 0.000000
vt 0.232739 -0.364488 0.000000
vt 0.155160 -0.288624 0.000000
vt 0.155160 -0.364488 0.000000
vt 0.077580 -0.288624 0.000000
vt 0.077580 -0.364488 0.000000
vt 0.000000 -0.592082 0.000000
vt 0.077580 -0.440353 0.000000
vt 0.001055 -0.592016 0.000000
vt 0.077580 -0.478285 0.000000
vt 0.077580 -0.516218 0.000000
vt 0.155160 -0.516218 0.000000
vt 0.106644 -0.585196 0.000000
vt 0.155160 -0.554150 0.000000
vt 0.155480 -0.581976 0.000000
vt 0.201709 -0.578960 0.000000
vt 0.232739 0.318294 0.000000
vt 0.191214 0.582142 0.000000
vt 0.155160 0.318294 0.000000
vt 0.146447 0.591163 0.000000
vt 0.077580 0.318294 0.000000
vt 0.099545 0.600818 0.000000
vt 0.050547 0.611061 0.000000
vt 0.000000 0.621752 0.000000
vt 0.055151 -0.588567 0.000000
vt 0.077580 -0.554150 0.000000
vt 0.287733 -0.573617 0.000000
vt 0.232739 -0.554150 0.000000
vt 0.232739 -0.516218 0.000000
vt 0.155160 -0.478285 0.000000
vt 0.369497 -0.569125 0.000000
vt 0.310319 -0.554150 0.000000
vt 0.310319 -0.516218 0.000000
vt 0.232739 -0.478285 0.000000
vt 0.155160 -0.440353 0.000000
vt 0.451527 -0.565450 0.000000
vt 0.411505 -0.554150 0.000000
vt 0.411505 -0.516218 0.000000
vt 0.360912 -0.516218 0.000000
vt 0.360912 -0.478285 0.000000
vt 0.310319 -0.478285 0.000000
vt 0.310319 -0.440353 0.000000
vt 0.232739 -0.440353 0.000000
vt 0.535583 -0.562717 0.000000
vt 0.512692 -0.554150 0.000000
vt 0.462098 -0.554150 0.000000
vt 0.462098 -0.516218 0.000000
vt 0.512692 -0.516218 0.000000
vt 0.512692 -0.478285 0.000000
vt 0.613878 -0.478285 0.000000
vt 0.512692 -0.440353 0.000000
vt 0.613878 -0.440353 0.000000
vt 0.622555 -0.561046 0.000000
vt 0.613878 -0.554150 0.000000
vt 0.613878 -0.516218 0.000000
vt 0.077580 0.014835 0.000000
vt 0.155160 0.014835 0.000000
vt 0.232739 0.014835 0.000000
vt 0.310319 0.014835 0.000000
vt 0.360912 0.014835 0.000000
vt 0.411505 0.014835 0.000000
vt 0.462098 0.014835 0.000000
vt 0.411505 -0.478285 0.000000
vt 0.462098 -0.478285 0.000000
vt 0.411505 -0.440353 0.000000
vt 0.462098 -0.440353 0.000000
vt 0.360912 -0.554150 0.000000
vt 0.155160 -0.136894 0.000000
vt 0.077580 -0.136894 0.000000
vt 0.232739 -0.136894 0.000000
vt 0.310319 -0.136894 0.000000
vt 0.360912 -0.136894 0.000000
vt 0.411505 -0.136894 0.000000
vt 0.462098 -0.136894 0.000000
vt 0.512692 -0.136894 0.000000
vt 0.360912 -0.440353 0.000000
vt 3.306276 0.160647 0.000000
vt 2.266890 0.636203 0.000000
vt 3.292456 0.030607 0.000000
vt 0.861025 0.868951 0.000000
vt 0.560832 0.903209 0.000000
vt -0.544840 1.101700 0.000000
vt -0.732464 0.670064 0.000000
vt -1.737706 0.800827 0.000000
vt -1.772802 1.403048 0.000000
vt -2.485424 0.516198 0.000000
vt -1.687492 1.511260 0.000000
vt -1.720760 1.468113 0.000000
vt -1.751716 1.429298 0.000000
vt -2.351165 -0.088245 0.000000
vt -3.198045 -0.370651 0.000000
vt -2.964625 -0.977318 0.000000
vt -3.426026 -1.086670 0.000000
vt -3.241835 -1.213762 0.000000
vt 0.272779 0.539300 0.000000
vt 0.672205 0.430707 0.000000
vt 0.641459 0.404692 0.000000
vt 0.642914 0.383571 0.000000
vt 0.592742 0.461850 0.000000
vt 0.551920 0.426980 0.000000
vt 0.544026 0.461850 0.000000
vt 0.495309 0.461850 0.000000
vt 0.495309 0.497891 0.000000
vt 0.460767 0.482122 0.000000
vt 0.397876 0.533931 0.000000
vt 0.397876 0.497891 0.000000
vt 0.298407 0.533931 0.000000
vt 0.298407 0.497891 0.000000
vt 0.198938 0.533931 0.000000
vt 0.198938 0.497891 0.000000
vt 0.099469 0.533931 0.000000
vt 0.099469 0.497891 0.000000
vt 0.000000 0.505865 0.000000
vt 0.000000 0.404692 0.000000
vt 0.705546 0.470393 0.000000
vt 0.690176 0.461850 0.000000
vt 0.641459 0.461850 0.000000
vt 0.690176 0.497891 0.000000
vt 0.743840 0.502942 0.000000
vt 0.738892 0.533931 0.000000
vt 0.787468 0.528025 0.000000
vt 0.787591 0.563244 0.000000
vt 0.738892 0.569972 0.000000
vt 0.787609 0.598417 0.000000
vt 0.738892 0.606013 0.000000
vt 0.787609 0.633578 0.000000
vt 0.738892 0.656856 0.000000
vt 0.787609 0.668739 0.000000
vt 0.738892 0.682277 0.000000
vt 0.787609 0.703900 0.000000
vt 0.738892 0.707698 0.000000
vt 0.787609 0.739062 0.000000
vt 0.738892 0.733120 0.000000
vt 0.787609 0.774223 0.000000
vt 0.738892 0.758557 0.000000
vt 0.738892 0.783963 0.000000
vt 0.690176 0.758573 0.000000
vt 0.690176 0.783963 0.000000
vt 0.641459 0.758589 0.000000
vt 0.641459 0.783963 0.000000
vt 0.592742 0.758605 0.000000
vt 0.592742 0.783963 0.000000
vt 0.544026 0.758620 0.000000
vt 0.544026 0.783963 0.000000
vt 0.495309 0.758636 0.000000
vt 0.495309 0.783963 0.000000
vt 0.397876 0.758668 0.000000
vt 0.397876 0.783963 0.000000
vt 0.298407 0.758700 0.000000
vt 0.298407 0.783963 0.000000
vt 0.198938 0.758733 0.000000
vt 0.198938 0.783963 0.000000
vt 0.099469 0.758765 0.000000
vt 0.099469 0.783963 0.000000
vt 0.000000 0.758797 0.000000
vt 0.000000 0.809384 0.000000
vt 0.098451 0.809384 0.000000
vt 0.196902 0.809384 0.000000
vt 0.295353 0.809384 0.000000
vt 0.393804 0.809384 0.000000
vt 0.492255 0.809384 0.000000
vt 0.787609 0.809384 0.000000
vt 0.689158 0.809384 0.000000
vt 0.590707 0.809384 0.000000
vt 0.000000 0.708211 0.000000
vt 0.099469 0.733120 0.000000
vt 0.198938 0.733120 0.000000
vt 0.298407 0.733120 0.000000
vt 0.397876 0.733120 0.000000
vt 0.495309 0.733120 0.000000
vt 0.544026 0.733120 0.000000
vt 0.592742 0.733120 0.000000
vt 0.641459 0.733120 0.000000
vt 0.690176 0.733120 0.000000
vt 0.099469 0.707698 0.000000
vt 0.000000 0.607038 0.000000
vt 0.099469 0.682277 0.000000
vt 0.099469 0.656856 0.000000
vt 0.198938 0.656856 0.000000
vt 0.198938 0.606013 0.000000
vt 0.298407 0.606013 0.000000
vt 0.298407 0.569972 0.000000
vt 0.397876 0.569972 0.000000
vt 0.495309 0.533931 0.000000
vt 0.544026 0.497891 0.000000
vt 0.099469 0.606013 0.000000
vt 0.099469 0.569972 0.000000
vt 0.000000 0.303519 0.000000
vt 0.099469 0.347534 0.000000
vt 0.099469 0.404692 0.000000
vt 0.099469 0.461850 0.000000
vt 0.198938 0.404692 0.000000
vt 0.198938 0.461850 0.000000
vt 0.298407 0.404692 0.000000
vt 0.298407 0.461850 0.000000
vt 0.354192 0.399245 0.000000
vt 0.397876 0.461850 0.000000
vt 0.000000 0.202346 0.000000
vt 0.099469 0.260651 0.000000
vt 0.099469 0.304092 0.000000
vt 0.198938 0.304092 0.000000
vt 0.198938 0.347534 0.000000
vt 0.298407 0.347534 0.000000
vt 0.000000 0.101173 0.000000
vt 0.099469 0.173767 0.000000
vt 0.099469 0.217209 0.000000
vt 0.198938 0.260651 0.000000
vt 0.000000 0.000000 0.000000
vt 0.000927 0.001175 0.000000
vt 0.126228 0.157242 0.000000
vt 0.243735 0.291493 0.000000
vt 0.641459 0.497891 0.000000
vt 0.641459 0.533931 0.000000
vt 0.690176 0.533931 0.000000
vt 0.641459 0.569972 0.000000
vt 0.690176 0.569972 0.000000
vt 0.641459 0.606013 0.000000
vt 0.690176 0.606013 0.000000
vt 0.641459 0.656856 0.000000
vt 0.690176 0.656856 0.000000
vt 0.641459 0.682277 0.000000
vt 0.690176 0.682277 0.000000
vt 0.641459 0.707698 0.000000
vt 0.690176 0.707698 0.000000
vt 0.592742 0.497891 0.000000
vt 0.592742 0.533931 0.000000
vt 0.592742 0.569972 0.000000
vt 0.592742 0.606013 0.000000
vt 0.592742 0.656856 0.000000
vt 0.592742 0.682277 0.000000
vt 0.592742 0.707698 0.000000
vt 0.544026 0.533931 0.000000
vt 0.495309 0.569972 0.000000
vt 0.397876 0.606013 0.000000
vt 0.298407 0.656856 0.000000
vt 0.198938 0.682277 0.000000
vt 0.544026 0.569972 0.000000
vt 0.544026 0.606013 0.000000
vt 0.544026 0.656856 0.000000
vt 0.544026 0.682277 0.000000
vt 0.544026 0.707698 0.000000
vt 0.198938 0.569972 0.000000
vt 0.495309 0.606013 0.000000
vt 0.397876 0.656856 0.000000
vt 0.298407 0.682277 0.000000
vt 0.198938 0.707698 0.000000
vt 0.495309 0.656856 0.000000
vt 0.495309 0.682277 0.000000
vt 0.495309 0.707698 0.000000
vt 0.397876 0.682277 0.000000
vt 0.298407 0.707698 0.000000
vt 0.397876 0.707698 0.000000
vt 0.745584 -1.985860 0.000000
vt 0.745584 -0.992930 0.000000
vt 0.691432 -1.984475 0.000000
vt 0.652386 -1.613512 0.000000
vt 0.652386 -1.675570 0.000000
vt 0.559188 -1.613512 0.000000
vt 0.559188 -1.675570 0.000000
vt 0.512589 -1.613512 0.000000
vt 0.512589 -1.675570 0.000000
vt 0.465990 -1.613512 0.000000
vt 0.465990 -1.675570 0.000000
vt 0.419391 -1.613512 0.000000
vt 0.419391 -1.675570 0.000000
vt 0.372792 -1.613512 0.000000
vt 0.372792 -1.675570 0.000000
vt 0.326193 -1.613512 0.000000
vt 0.326193 -1.675570 0.000000
vt 0.279594 -1.613512 0.000000
vt 0.279594 -1.675570 0.000000
vt 0.232995 -1.613512 0.000000
vt 0.232995 -1.675570 0.000000
vt 0.186396 -1.613512 0.000000
vt 0.186396 -1.675570 0.000000
vt 0.093198 -1.613512 0.000000
vt 0.093198 -1.675570 0.000000
vt 0.000896 -1.691467 0.000000
vt 0.093198 -1.737628 0.000000
vt 0.001112 -1.734040 0.000000
vt 0.095137 -1.780402 0.000000
vt 0.745584 0.000000 0.000000
vt 0.652386 -0.496465 0.000000
vt 0.652386 -0.744698 0.000000
vt 0.652386 -0.992930 0.000000
vt 0.559188 -0.744698 0.000000
vt 0.559188 -0.992930 0.000000
vt 0.512589 -0.744698 0.000000
vt 0.512589 -0.992930 0.000000
vt 0.465990 -0.744698 0.000000
vt 0.465990 -0.992930 0.000000
vt 0.419391 -0.744698 0.000000
vt 0.419391 -0.992930 0.000000
vt 0.372792 -0.744698 0.000000
vt 0.372792 -0.992930 0.000000
vt 0.326193 -0.744698 0.000000
vt 0.326193 -0.992930 0.000000
vt 0.279594 -0.744698 0.000000
vt 0.279594 -0.992930 0.000000
vt 0.232995 -0.744698 0.000000
vt 0.232995 -0.992930 0.000000
vt 0.186396 -0.744698 0.000000
vt 0.186396 -0.992930 0.000000
vt 0.159373 -0.755362 0.000000
vt 0.107085 -1.068688 0.000000
vt 0.695471 -0.001361 0.000000
vt 0.647444 -0.005390 0.000000
vt 0.601058 -0.012007 0.000000
vt 0.559188 -0.496465 0.000000
vt 0.556018 -0.021110 0.000000
vt 0.512589 -0.496465 0.000000
vt 0.470232 -0.045848 0.000000
vt 0.465990 -0.496465 0.000000
vt 0.419391 -0.496465 0.000000
vt 0.388351 -0.078052 0.000000
vt 0.372792 -0.496465 0.000000
vt 0.309114 -0.115971 0.000000
vt 0.326193 -0.496465 0.000000
vt 0.279594 -0.496465 0.000000
vt 0.230871 -0.158152 0.000000
vt 0.232995 -0.496465 0.000000
vt 0.211684 -0.445190 0.000000
vt 0.152118 -0.203259 0.000000
vt 0.141830 -0.348456 0.000000
vt 0.071214 -0.250146 0.000000
vt 0.054379 -1.381834 0.000000
vt 0.093198 -1.241163 0.000000
vt 0.186396 -1.241163 0.000000
vt 0.232995 -1.241163 0.000000
vt 0.279594 -1.241163 0.000000
vt 0.326193 -1.241163 0.000000
vt 0.372792 -1.241163 0.000000
vt 0.419391 -1.241163 0.000000
vt 0.465990 -1.241163 0.000000
vt 0.512589 -1.241163 0.000000
vt 0.559188 -1.241163 0.000000
vt 0.652386 -1.241163 0.000000
vt 0.093198 -1.489395 0.000000
vt 0.093198 -1.365279 0.000000
vt 0.186396 -1.365279 0.000000
vt 0.232995 -1.365279 0.000000
vt 0.279594 -1.365279 0.000000
vt 0.326193 -1.365279 0.000000
vt 0.372792 -1.365279 0.000000
vt 0.419391 -1.365279 0.000000
vt 0.465990 -1.365279 0.000000
vt 0.512589 -1.365279 0.000000
vt 0.559188 -1.365279 0.000000
vt 0.652386 -1.365279 0.000000
vt 0.000000 -1.696559 0.000000
vt 0.000000 -1.733507 0.000000
vt 0.184626 -1.825512 0.000000
vt 0.186396 -1.799686 0.000000
vt 0.186396 -1.737628 0.000000
vt 0.232995 -1.799686 0.000000
vt 0.271971 -1.868041 0.000000
vt 0.279594 -1.799686 0.000000
vt 0.279594 -1.861744 0.000000
vt 0.326193 -1.861744 0.000000
vt 0.359129 -1.906450 0.000000
vt 0.372792 -1.861744 0.000000
vt 0.403354 -1.923642 0.000000
vt 0.419391 -1.861744 0.000000
vt 0.419391 -1.923649 0.000000
vt 0.448294 -1.939184 0.000000
vt 0.494063 -1.952815 0.000000
vt 0.465990 -1.923671 0.000000
vt 0.465990 -1.861744 0.000000
vt 0.419391 -1.799686 0.000000
vt 0.372792 -1.799686 0.000000
vt 0.372792 -1.737628 0.000000
vt 0.326193 -1.737628 0.000000
vt 0.541028 -1.964358 0.000000
vt 0.512589 -1.923693 0.000000
vt 0.512589 -1.861744 0.000000
vt 0.559188 -1.923715 0.000000
vt 0.589581 -1.973627 0.000000
vt 0.559188 -1.861744 0.000000
vt 0.652386 -1.861744 0.000000
vt 0.559188 -1.799686 0.000000
vt 0.652386 -1.799686 0.000000
vt 0.559188 -1.737628 0.000000
vt 0.652386 -1.737628 0.000000
vt 0.652386 -1.923758 0.000000
vt 0.639613 -1.980371 0.000000
vt 0.652386 -1.489395 0.000000
vt 0.559188 -1.489395 0.000000
vt 0.512589 -1.489395 0.000000
vt 0.465990 -1.489395 0.000000
vt 0.419391 -1.489395 0.000000
vt 0.372792 -1.489395 0.000000
vt 0.326193 -1.489395 0.000000
vt 0.279594 -1.489395 0.000000
vt 0.232995 -1.489395 0.000000
vt 0.186396 -1.489395 0.000000
vt 0.232995 -1.737628 0.000000
vt 0.279594 -1.737628 0.000000
vt 0.326193 -1.799686 0.000000
vt 0.419391 -1.737628 0.000000
vt 0.465990 -1.737628 0.000000
vt 0.465990 -1.799686 0.000000
vt 0.512589 -1.737628 0.000000
vt 0.512589 -1.799686 0.000000
vt 0.124978 -1.106127 0.000000
vt 0.186396 -0.829596 0.000000
vt 0.168878 -0.664885 0.000000
vt 0.186396 -0.760463 0.000000
vt 0.186396 -0.691330 0.000000
vt 0.232995 -0.760463 0.000000
vt 0.232995 -0.691330 0.000000
vt 0.279594 -0.760463 0.000000
vt 0.279594 -0.691330 0.000000
vt 0.326193 -0.760463 0.000000
vt 0.326193 -0.691330 0.000000
vt 0.372792 -0.760463 0.000000
vt 0.372792 -0.691330 0.000000
vt 0.419391 -0.760463 0.000000
vt 0.419391 -0.691330 0.000000
vt 0.465990 -0.760463 0.000000
vt 0.465990 -0.691330 0.000000
vt 0.512589 -0.760463 0.000000
vt 0.512589 -0.691330 0.000000
vt 0.559188 -0.760463 0.000000
vt 0.559188 -0.691330 0.000000
vt 0.652386 -0.760463 0.000000
vt 0.652386 -0.691330 0.000000
vt 0.745584 -0.915722 0.000000
vt 0.652386 -0.553064 0.000000
vt 0.652386 -0.414798 0.000000
vt 0.559188 -0.414798 0.000000
vt 0.559188 -0.276532 0.000000
vt 0.512589 -0.276532 0.000000
vt 0.541028 -0.021502 0.000000
vt 0.494063 -0.033045 0.000000
vt 0.198958 -1.068922 0.000000
vt 0.186396 -1.036994 0.000000
vt 0.186396 -0.967861 0.000000
vt 0.186396 -0.898728 0.000000
vt 0.232995 -0.967861 0.000000
vt 0.232995 -0.898728 0.000000
vt 0.279594 -0.967861 0.000000
vt 0.279594 -0.898728 0.000000
vt 0.326193 -0.967861 0.000000
vt 0.326193 -0.898728 0.000000
vt 0.372792 -0.967861 0.000000
vt 0.372792 -0.898728 0.000000
vt 0.419391 -0.967861 0.000000
vt 0.419391 -0.898728 0.000000
vt 0.465990 -0.898728 0.000000
vt 0.419391 -0.829596 0.000000
vt 0.465990 -0.829596 0.000000
vt 0.232995 -1.036994 0.000000
vt 0.271705 -1.033666 0.000000
vt 0.344300 -1.001278 0.000000
vt 0.418079 -0.972624 0.000000
vt 0.493921 -0.948806 0.000000
vt 0.512589 -0.898728 0.000000
vt 0.512589 -0.829596 0.000000
vt 0.573118 -0.930795 0.000000
vt 0.559188 -0.898728 0.000000
vt 0.559188 -0.829596 0.000000
vt 0.652386 -0.898728 0.000000
vt 0.656610 -0.919552 0.000000
vt 0.745584 0.000000 0.000000
vt 0.652386 -0.276532 0.000000
vt 0.589581 -0.012234 0.000000
vt 0.691432 -0.001386 0.000000
vt 0.639613 -0.005490 0.000000
vt 0.465990 -0.276532 0.000000
vt 0.448294 -0.046677 0.000000
vt 0.419391 -0.276532 0.000000
vt 0.403354 -0.062219 0.000000
vt 0.372792 -0.276532 0.000000
vt 0.359129 -0.079411 0.000000
vt 0.326193 -0.276532 0.000000
vt 0.271971 -0.117819 0.000000
vt 0.279594 -0.276532 0.000000
vt 0.232995 -0.276532 0.000000
vt 0.279594 -0.414798 0.000000
vt 0.232995 -0.414798 0.000000
vt 0.279594 -0.553064 0.000000
vt 0.232995 -0.553064 0.000000
vt 0.184626 -0.160349 0.000000
vt 0.186396 -0.276532 0.000000
vt 0.186396 -0.414798 0.000000
vt 0.186396 -0.553064 0.000000
vt 0.095137 -0.205459 0.000000
vt 0.093198 -0.276532 0.000000
vt 0.093198 -0.414798 0.000000
vt 0.001112 -0.251821 0.000000
vt 0.001085 -0.271198 0.000000
vt 0.086079 -0.468186 0.000000
vt 0.000000 -0.252353 0.000000
vt 0.000000 -0.268751 0.000000
vt 0.326193 -0.553064 0.000000
vt 0.326193 -0.414798 0.000000
vt 0.372792 -0.553064 0.000000
vt 0.372792 -0.414798 0.000000
vt 0.419391 -0.553064 0.000000
vt 0.419391 -0.414798 0.000000
vt 0.465990 -0.553064 0.000000
vt 0.465990 -0.414798 0.000000
vt 0.512589 -0.553064 0.000000
vt 0.512589 -0.414798 0.000000
vt 0.559188 -0.553064 0.000000
vt 0.652386 -0.829596 0.000000
vt 0.372792 -0.829596 0.000000
vt 0.326193 -0.829596 0.000000
vt 0.279594 -0.829596 0.000000
vt 0.232995 -0.829596 0.000000
vt 0.063937 0.110512 0.000000
vt 0.093198 0.058348 0.000000
vt 0.124978 0.190405 0.000000
vt 0.186396 0.058348 0.000000
vt 0.198958 0.153200 0.000000
vt 0.232995 0.058348 0.000000
vt 0.271705 0.117944 0.000000
vt 0.279594 0.058348 0.000000
vt 0.326193 0.058348 0.000000
vt 0.326193 -0.007680 0.000000
vt 0.372792 -0.007680 0.000000
vt 0.372792 -0.073708 0.000000
vt 0.419391 -0.073708 0.000000
vt 0.419391 -0.139737 0.000000
vt 0.465990 -0.139737 0.000000
vt 0.465990 -0.205765 0.000000
vt 0.512589 -0.205765 0.000000
vt 0.512589 -0.271793 0.000000
vt 0.559188 -0.271793 0.000000
vt 0.559188 -0.337822 0.000000
vt 0.652386 -0.337822 0.000000
vt 0.001089 0.030427 0.000000
vt 0.093198 -0.007680 0.000000
vt 0.186396 -0.007680 0.000000
vt 0.186396 -0.073708 0.000000
vt 0.232995 -0.073708 0.000000
vt 0.232995 -0.139737 0.000000
vt 0.279594 -0.139737 0.000000
vt 0.279594 -0.205765 0.000000
vt 0.326193 -0.205765 0.000000
vt 0.326193 -0.271793 0.000000
vt 0.372792 -0.271793 0.000000
vt 0.372792 -0.337822 0.000000
vt 0.419391 -0.337822 0.000000
vt 0.000000 0.029070 0.000000
vt 0.093198 -0.073708 0.000000
vt 0.186396 -0.139737 0.000000
vt 0.232995 -0.205765 0.000000
vt 0.279594 -0.271793 0.000000
vt 0.326193 -0.337822 0.000000
vt 0.093198 -0.139737 0.000000
vt 0.000000 -0.337822 0.000000
vt 0.093198 -0.205765 0.000000
vt 0.093198 -0.271793 0.000000
vt 0.186396 -0.271793 0.000000
vt 0.186396 -0.337822 0.000000
vt 0.232995 -0.337822 0.000000
vt 0.093198 -0.337822 0.000000
vt 0.232995 -0.271793 0.000000
vt 0.279594 -0.337822 0.000000
vt 0.419391 -0.271793 0.000000
vt 0.465990 -0.337822 0.000000
vt 0.465990 -0.271793 0.000000
vt 0.512589 -0.337822 0.000000
vt 0.652386 -0.271793 0.000000
vt 0.745584 -0.337822 0.000000
vt 0.652386 -0.205765 0.000000
vt 0.652386 -0.139737 0.000000
vt 0.559188 -0.139737 0.000000
vt 0.559188 -0.073708 0.000000
vt 0.512589 -0.073708 0.000000
vt 0.512589 -0.007680 0.000000
vt 0.465990 -0.007680 0.000000
vt 0.493921 0.033084 0.000000
vt 0.418079 0.056902 0.000000
vt 0.745584 0.000000 0.000000
vt 0.652386 -0.073708 0.000000
vt 0.559188 -0.007680 0.000000
vt 0.652386 -0.007680 0.000000
vt 0.656610 0.003829 0.000000
vt 0.573118 0.015073 0.000000
vt 0.344300 0.085556 0.000000
vt 0.372792 0.058348 0.000000
vt 0.419391 -0.007680 0.000000
vt 0.465990 -0.073708 0.000000
vt 0.512589 -0.139737 0.000000
vt 0.559188 -0.205765 0.000000
vt 0.232995 -0.007680 0.000000
vt 0.279594 -0.007680 0.000000
vt 0.279594 -0.073708 0.000000
vt 0.326193 -0.073708 0.000000
vt 0.419391 -0.205765 0.000000
vt 0.372792 -0.205765 0.000000
vt 0.186396 -0.205765 0.000000
vt 0.372792 -0.139737 0.000000
vt 0.326193 -0.139737 0.000000
vt 0.742148 -0.454215 0.000000
vt 0.742148 -0.337969 0.000000
vt 0.650770 -0.396320 0.000000
vt 0.649380 -0.337969 0.000000
vt 0.559391 -0.396288 0.000000
vt 0.556611 -0.337969 0.000000
vt 0.510227 -0.337969 0.000000
vt 0.468013 -0.396256 0.000000
vt 0.463843 -0.337969 0.000000
vt 0.422324 -0.396240 0.000000
vt 0.417459 -0.337969 0.000000
vt 0.371074 -0.337969 0.000000
vt 0.376634 -0.396224 0.000000
vt 0.324690 -0.337969 0.000000
vt 0.329555 -0.396207 0.000000
vt 0.278306 -0.337969 0.000000
vt 0.282476 -0.396191 0.000000
vt 0.231921 -0.337969 0.000000
vt 0.235397 -0.396174 0.000000
vt 0.185537 -0.337969 0.000000
vt 0.188317 -0.396158 0.000000
vt 0.094159 -0.396125 0.000000
vt 0.185537 -0.454215 0.000000
vt 0.092769 -0.454215 0.000000
vt 0.000000 -0.454215 0.000000
vt 0.000000 -0.396092 0.000000
vt 0.092769 -0.337969 0.000000
vt 0.000000 -0.337969 0.000000
vt 0.278306 -0.454215 0.000000
vt 0.371074 -0.454215 0.000000
vt 0.463843 -0.454215 0.000000
vt 0.556611 -0.454215 0.000000
vt 0.649380 -0.454215 0.000000
vt 0.953656 0.550000 0.000000
vt 0.615835 0.550000 0.000000
vt 0.953656 0.000000 0.000000
vt 0.499639 0.550000 0.000000
vt 0.000000 0.000000 0.000000
vt 0.425428 0.553885 0.000000
vt 0.352729 0.565308 0.000000
vt 0.282875 0.583697 0.000000
vt 0.216780 0.608192 0.000000
vt 0.155270 0.637785 0.000000
vt 0.098710 0.671441 0.000000
vt 0.047010 0.708333 0.000000
vt 0.000000 0.747742 0.000000
vt 1.274658 0.804341 0.000000
vt 0.000000 1.000000 0.000000
vt 1.278458 0.747742 0.000000
vt 0.000000 0.000000 0.000000
vt 1.278458 0.000000 0.000000
vt 1.264784 0.865087 0.000000
vt 1.250998 0.929881 0.000000
vt 1.234858 1.000000 0.000000
vt 0.715064 -0.359086 0.000000
vt 0.715064 -0.040247 0.000000
vt 0.613878 -0.169511 0.000000
vt 0.637175 -0.041611 0.000000
vt 0.564276 -0.045597 0.000000
vt 0.512692 -0.169511 0.000000
vt 0.495494 -0.052028 0.000000
vt 0.462098 -0.169511 0.000000
vt 0.430679 -0.060545 0.000000
vt 0.411505 -0.169511 0.000000
vt 0.369121 -0.070780 0.000000
vt 0.360912 -0.169511 0.000000
vt 0.306962 -0.082961 0.000000
vt 0.310319 -0.169511 0.000000
vt 0.238637 -0.097682 0.000000
vt 0.232739 -0.169511 0.000000
vt 0.199774 -0.106207 0.000000
vt 0.155160 -0.169511 0.000000
vt 0.156007 -0.115578 0.000000
vt 0.079129 -0.130811 0.000000
vt 0.077580 -0.169511 0.000000
vt 0.000000 -0.145381 0.000000
vt 0.077580 -0.298774 0.000000
vt 0.077580 -0.363457 0.000000
vt 0.155160 -0.298774 0.000000
vt 0.155160 -0.363508 0.000000
vt 0.232739 -0.298774 0.000000
vt 0.232739 -0.363560 0.000000
vt 0.310319 -0.298774 0.000000
vt 0.310319 -0.363611 0.000000
vt 0.360912 -0.298774 0.000000
vt 0.360912 -0.363645 0.000000
vt 0.411505 -0.298774 0.000000
vt 0.411505 -0.363678 0.000000
vt 0.462098 -0.298774 0.000000
vt 0.462098 -0.363712 0.000000
vt 0.512692 -0.298774 0.000000
vt 0.512692 -0.363745 0.000000
vt 0.543855 -0.371805 0.000000
vt 0.461840 -0.387789 0.000000
vt 0.000000 -0.557300 0.000000
vt 0.077580 -0.428037 0.000000
vt 0.155160 -0.428037 0.000000
vt 0.232739 -0.428037 0.000000
vt 0.310319 -0.428037 0.000000
vt 0.379222 -0.410276 0.000000
vt 0.001011 -0.556904 0.000000
vt 0.055069 -0.535282 0.000000
vt 0.077580 -0.492669 0.000000
vt 0.077580 -0.460353 0.000000
vt 0.155160 -0.492669 0.000000
vt 0.155160 -0.460353 0.000000
vt 0.203749 -0.474171 0.000000
vt 0.077580 -0.524984 0.000000
vt 0.106572 -0.514139 0.000000
vt 0.156120 -0.493649 0.000000
vt 0.232739 -0.460353 0.000000
vt 0.249506 -0.456005 0.000000
vt 0.293837 -0.439233 0.000000
vt 0.613878 -0.298774 0.000000
vt 0.627505 -0.362257 0.000000
vt -1.354018 1.260449 0.000000
vt -1.308881 0.896344 0.000000
vt -0.945540 1.207313 0.000000
vt -0.653440 1.248782 0.000000
vt -0.450600 1.832589 0.000000
vt 0.235440 0.784794 0.000000
vt 1.622130 1.170467 0.000000
vt 1.397259 0.772829 0.000000
vt 1.124320 0.320805 0.000000
vt 0.960734 -0.593683 0.000000
vt 0.841291 -0.588933 0.000000
vt 0.558261 -1.498671 0.000000
vt 0.524209 -1.960196 0.000000
vt 0.114582 -2.018902 0.000000
vt 0.167640 -2.250176 0.000000
vt 0.151880 -1.331909 0.000000
vt 0.146379 -1.247324 0.000000
vt 0.071102 -1.285022 0.000000
vt 0.146379 -1.151376 0.000000
vt 0.146379 -0.959480 0.000000
vt 0.221655 -1.151376 0.000000
vt 0.221655 -0.959480 0.000000
vt 0.296932 -1.151376 0.000000
vt 0.296932 -0.959480 0.000000
vt 0.372208 -1.151376 0.000000
vt 0.372208 -0.959480 0.000000
vt 0.418734 -1.151376 0.000000
vt 0.418734 -0.959480 0.000000
vt 0.465260 -1.151376 0.000000
vt 0.465260 -0.959480 0.000000
vt 0.511787 -1.151376 0.000000
vt 0.511787 -0.959480 0.000000
vt 0.558313 -1.151376 0.000000
vt 0.558313 -0.959480 0.000000
vt 0.651365 -1.151376 0.000000
vt 0.651365 -0.959480 0.000000
vt 0.744417 -0.767584 0.000000
vt 0.651365 -0.767584 0.000000
vt 0.651365 -0.383792 0.000000
vt 0.558313 -0.383792 0.000000
vt 0.588539 -0.021850 0.000000
vt 0.541407 -0.037864 0.000000
vt 0.230510 -1.377016 0.000000
vt 0.221655 -1.343272 0.000000
vt 0.221655 -1.247324 0.000000
vt 0.308630 -1.419197 0.000000
vt 0.296932 -1.391246 0.000000
vt 0.296932 -1.343272 0.000000
vt 0.387743 -1.457116 0.000000
vt 0.372208 -1.439220 0.000000
vt 0.372208 -1.391246 0.000000
vt 0.372208 -1.343272 0.000000
vt 0.418734 -1.391246 0.000000
vt 0.418734 -1.343272 0.000000
vt 0.465260 -1.391246 0.000000
vt 0.465260 -1.343272 0.000000
vt 0.511787 -1.391246 0.000000
vt 0.511787 -1.343272 0.000000
vt 0.558313 -1.391246 0.000000
vt 0.558313 -1.343272 0.000000
vt 0.651365 -1.391246 0.000000
vt 0.651365 -1.343272 0.000000
vt 0.744417 -1.535168 0.000000
vt 0.651365 -1.247324 0.000000
vt 0.469495 -1.489320 0.000000
vt 0.418734 -1.439220 0.000000
vt 0.555148 -1.514058 0.000000
vt 0.511787 -1.487575 0.000000
vt 0.511787 -1.439220 0.000000
vt 0.465260 -1.439220 0.000000
vt 0.558313 -1.487499 0.000000
vt 0.600117 -1.523161 0.000000
vt 0.558313 -1.439220 0.000000
vt 0.651365 -1.439220 0.000000
vt 0.651365 -1.487346 0.000000
vt 0.646430 -1.529778 0.000000
vt 0.694382 -1.533807 0.000000
vt 0.744417 0.000000 0.000000
vt 0.689885 -0.002514 0.000000
vt 0.638111 -0.009886 0.000000
vt 0.511787 -0.383792 0.000000
vt 0.496534 -0.057359 0.000000
vt 0.453540 -0.079840 0.000000
vt 0.372151 -0.131839 0.000000
vt 0.418734 -0.383792 0.000000
vt 0.465260 -0.383792 0.000000
vt 0.511787 -0.767584 0.000000
vt 0.558313 -0.767584 0.000000
vt 0.372208 -0.383792 0.000000
vt 0.295136 -0.190635 0.000000
vt 0.296932 -0.383792 0.000000
vt 0.220554 -0.253856 0.000000
vt 0.221655 -0.383792 0.000000
vt 0.146449 -0.319980 0.000000
vt 0.146379 -0.383792 0.000000
vt 0.071102 -0.387766 0.000000
vt 0.146379 -0.767584 0.000000
vt 0.558313 -1.247324 0.000000
vt 0.511787 -1.247324 0.000000
vt 0.465260 -1.247324 0.000000
vt 0.418734 -1.247324 0.000000
vt 0.372208 -1.247324 0.000000
vt 0.296932 -1.247324 0.000000
vt 0.465260 -0.767584 0.000000
vt 0.418734 -0.767584 0.000000
vt 0.372208 -0.767584 0.000000
vt 0.296932 -0.767584 0.000000
vt 0.221655 -0.767584 0.000000
vt 1.985860 0.550000 0.000000
vt 0.992930 0.550000 0.000000
vt 1.985860 0.000000 0.000000
vt 0.000000 0.000000 0.000000
vt 0.000000 0.550000 0.000000
vt -1.998057 0.104698 0.000000
vt -1.993511 0.068030 0.000000
vt -1.985223 0.114907 0.000000
vt 0.000000 1.068261 0.000000
vt 0.000000 1.020658 0.000000
vt 0.001085 1.070708 0.000000
vt 0.000896 1.015567 0.000000
vt 0.093198 1.040619 0.000000
vt 0.093198 0.828730 0.000000
vt 0.186396 0.828730 0.000000
vt 0.186396 0.616842 0.000000
vt 0.232995 0.616842 0.000000
vt 0.232995 0.404954 0.000000
vt 0.279594 0.404954 0.000000
vt 0.279594 0.299010 0.000000
vt 0.326193 0.299010 0.000000
vt 0.326193 0.193066 0.000000
vt 0.372792 0.193066 0.000000
vt 0.372792 0.087122 0.000000
vt 0.419391 0.087122 0.000000
vt 0.419391 0.034150 0.000000
vt 0.465990 0.034150 0.000000
vt 0.419391 -0.019032 0.000000
vt 0.465990 -0.019072 0.000000
vt 0.452867 -0.071010 0.000000
vt 0.519190 -0.041708 0.000000
vt 0.054379 0.705933 0.000000
vt 0.093198 0.616842 0.000000
vt 0.107085 0.392787 0.000000
vt 0.186396 0.404954 0.000000
vt 0.186396 0.299010 0.000000
vt 0.232995 0.299010 0.000000
vt 0.232995 0.193066 0.000000
vt 0.279594 0.193066 0.000000
vt 0.279594 0.087122 0.000000
vt 0.326193 0.087122 0.000000
vt 0.326193 0.034150 0.000000
vt 0.372792 0.034150 0.000000
vt 0.326193 -0.018952 0.000000
vt 0.372792 -0.018992 0.000000
vt 0.372792 -0.071244 0.000000
vt 0.419391 -0.071108 0.000000
vt 0.389765 -0.105715 0.000000
vt 0.159373 0.079462 0.000000
vt 0.186396 0.193066 0.000000
vt 0.232995 0.087122 0.000000
vt 0.279594 0.034150 0.000000
vt 0.279594 -0.018911 0.000000
vt 0.326193 -0.071381 0.000000
vt 0.326193 -0.124766 0.000000
vt 0.329084 -0.144561 0.000000
vt 0.279594 -0.124766 0.000000
vt 0.279594 -0.177739 0.000000
vt 0.270001 -0.186496 0.000000
vt 0.211684 -0.230711 0.000000
vt 0.186396 -0.071790 0.000000
vt 0.186396 -0.018831 0.000000
vt 0.186396 0.034150 0.000000
vt 0.232995 0.034150 0.000000
vt 0.186396 0.087122 0.000000
vt 0.232995 -0.177739 0.000000
vt 0.232995 -0.124766 0.000000
vt 0.232995 -0.071654 0.000000
vt 0.232995 -0.018871 0.000000
vt 0.589722 -0.019178 0.000000
vt 0.559188 -0.019152 0.000000
vt 0.512589 -0.019112 0.000000
vt 0.512589 0.034150 0.000000
vt 0.465990 0.087122 0.000000
vt 0.419391 0.193066 0.000000
vt 0.372792 0.299010 0.000000
vt 0.326193 0.404954 0.000000
vt 0.279594 0.616842 0.000000
vt 0.232995 0.828730 0.000000
vt 0.186396 1.040619 0.000000
vt 0.086079 1.267696 0.000000
vt 0.665025 -0.004903 0.000000
vt 0.652386 0.034150 0.000000
vt 0.652386 0.087122 0.000000
vt 0.559188 0.087122 0.000000
vt 0.559188 0.193066 0.000000
vt 0.512589 0.193066 0.000000
vt 0.512589 0.299010 0.000000
vt 0.465990 0.299010 0.000000
vt 0.465990 0.404954 0.000000
vt 0.419391 0.404954 0.000000
vt 0.419391 0.616842 0.000000
vt 0.372792 0.616842 0.000000
vt 0.372792 0.828730 0.000000
vt 0.326193 0.828730 0.000000
vt 0.326193 1.040619 0.000000
vt 0.279594 1.040619 0.000000
vt 0.305364 1.407576 0.000000
vt 0.237540 1.435010 0.000000
vt 0.745584 -0.000000 0.000000
vt 0.652386 0.193066 0.000000
vt 0.652386 0.299010 0.000000
vt 0.559188 0.299010 0.000000
vt 0.559188 0.404954 0.000000
vt 0.512589 0.404954 0.000000
vt 0.512589 0.616842 0.000000
vt 0.465990 0.616842 0.000000
vt 0.465990 0.828730 0.000000
vt 0.419391 0.828730 0.000000
vt 0.419391 1.040619 0.000000
vt 0.372792 1.040619 0.000000
vt 0.373320 1.382699 0.000000
vt 0.745584 1.319014 0.000000
vt 0.652386 0.616842 0.000000
vt 0.652386 0.404954 0.000000
vt 0.663894 1.321790 0.000000
vt 0.652386 1.040619 0.000000
vt 0.652386 0.828730 0.000000
vt 0.559188 0.828730 0.000000
vt 0.559188 0.616842 0.000000
vt 0.512589 0.828730 0.000000
vt 0.586845 1.329974 0.000000
vt 0.559188 1.040619 0.000000
vt 0.513159 1.343249 0.000000
vt 0.512589 1.040619 0.000000
vt 0.465990 1.040619 0.000000
vt 0.442408 1.361003 0.000000
vt 0.168878 1.464395 0.000000
vt 0.232995 1.040619 0.000000
vt 0.279594 0.828730 0.000000
vt 0.326193 0.616842 0.000000
vt 0.372792 0.404954 0.000000
vt 0.419391 0.299010 0.000000
vt 0.465990 0.193066 0.000000
vt 0.512589 0.087122 0.000000
vt 0.559188 0.034150 0.000000
vt 0.279594 -0.071517 0.000000
vt 0.001124 1.182820 0.000000
vt 0.000000 1.182534 0.000000
vt 0.093198 0.987400 0.000000
vt 0.000000 0.722936 0.000000
vt 0.093198 0.822833 0.000000
vt 0.001102 0.721424 0.000000
vt 0.093198 0.658266 0.000000
vt 0.094825 0.589043 0.000000
vt 0.186396 0.658266 0.000000
vt 0.186396 0.493700 0.000000
vt 0.232995 0.493700 0.000000
vt 0.232995 0.411417 0.000000
vt 0.279594 0.411417 0.000000
vt 0.273948 0.334876 0.000000
vt 0.279594 0.329133 0.000000
vt 0.317266 0.278457 0.000000
vt 0.326193 0.329133 0.000000
vt 0.360385 0.226029 0.000000
vt 0.372792 0.246850 0.000000
vt 0.403542 0.178043 0.000000
vt 0.419391 0.246850 0.000000
vt 0.419391 0.164567 0.000000
vt 0.446649 0.135236 0.000000
vt 0.185505 0.458104 0.000000
vt 0.230129 0.394894 0.000000
vt 0.465990 0.164567 0.000000
vt 0.489973 0.097885 0.000000
vt 0.512589 0.164567 0.000000
vt 0.533921 0.066140 0.000000
vt 0.559188 0.164567 0.000000
vt 0.559188 0.081696 0.000000
vt 0.580699 0.039323 0.000000
vt 0.631619 0.018277 0.000000
vt 0.652386 0.081990 0.000000
vt 0.652386 0.164567 0.000000
vt 0.559188 0.246850 0.000000
vt 0.512589 0.246850 0.000000
vt 0.512589 0.329133 0.000000
vt 0.465990 0.329133 0.000000
vt 0.465990 0.411417 0.000000
vt 0.419391 0.411417 0.000000
vt 0.419391 0.493700 0.000000
vt 0.372792 0.493700 0.000000
vt 0.372792 0.658266 0.000000
vt 0.326193 0.658266 0.000000
vt 0.326193 0.822833 0.000000
vt 0.279594 0.822833 0.000000
vt 0.279594 0.987400 0.000000
vt 0.232995 0.987400 0.000000
vt 0.280705 1.256133 0.000000
vt 0.191298 1.233158 0.000000
vt 0.686664 0.004715 0.000000
vt 0.745584 0.000000 0.000000
vt 0.652386 0.246850 0.000000
vt 0.559188 0.329133 0.000000
vt 0.512589 0.411417 0.000000
vt 0.465990 0.493700 0.000000
vt 0.419391 0.658266 0.000000
vt 0.372792 0.822833 0.000000
vt 0.326193 0.987400 0.000000
vt 0.652386 0.329133 0.000000
vt 0.745584 0.658266 0.000000
vt 0.652386 0.411417 0.000000
vt 0.652386 0.493700 0.000000
vt 0.559188 0.493700 0.000000
vt 0.559188 0.658266 0.000000
vt 0.512589 0.658266 0.000000
vt 0.512589 0.822833 0.000000
vt 0.465990 0.822833 0.000000
vt 0.465990 0.987400 0.000000
vt 0.419391 0.987400 0.000000
vt 0.457688 1.293332 0.000000
vt 0.368863 1.276455 0.000000
vt 0.745584 1.316533 0.000000
vt 0.652386 0.987400 0.000000
vt 0.652386 0.822833 0.000000
vt 0.652386 0.658266 0.000000
vt 0.559188 0.822833 0.000000
vt 0.693825 1.315862 0.000000
vt 0.644068 1.313865 0.000000
vt 0.595846 1.310567 0.000000
vt 0.559188 0.987400 0.000000
vt 0.548755 1.305995 0.000000
vt 0.512589 0.987400 0.000000
vt 0.372792 0.987400 0.000000
vt 0.419391 0.822833 0.000000
vt 0.465990 0.658266 0.000000
vt 0.512589 0.493700 0.000000
vt 0.559188 0.411417 0.000000
vt 0.186396 0.987400 0.000000
vt 0.098902 1.208441 0.000000
vt 0.186396 0.822833 0.000000
vt 0.232995 0.822833 0.000000
vt 0.232995 0.658266 0.000000
vt 0.279594 0.658266 0.000000
vt 0.279594 0.493700 0.000000
vt 0.326193 0.493700 0.000000
vt 0.372792 0.411417 0.000000
vt 0.419391 0.329133 0.000000
vt 0.465990 0.246850 0.000000
vt 0.326193 0.411417 0.000000
vt 0.372792 0.329133 0.000000
vt 0.000000 0.226229 0.000000
vt 0.001113 0.225752 0.000000
vt 0.000000 0.463511 0.000000
vt 0.093198 0.370765 0.000000
vt 0.001102 0.465023 0.000000
vt 0.093198 0.444918 0.000000
vt 0.093198 0.593224 0.000000
vt 0.186396 0.444918 0.000000
vt 0.186396 0.593224 0.000000
vt 0.232995 0.444918 0.000000
vt 0.232995 0.593224 0.000000
vt 0.279594 0.444918 0.000000
vt 0.279594 0.593224 0.000000
vt 0.326193 0.444918 0.000000
vt 0.326193 0.593224 0.000000
vt 0.372792 0.444918 0.000000
vt 0.372792 0.593224 0.000000
vt 0.419391 0.444918 0.000000
vt 0.419391 0.593224 0.000000
vt 0.465990 0.444918 0.000000
vt 0.465990 0.593224 0.000000
vt 0.512589 0.444918 0.000000
vt 0.512589 0.593224 0.000000
vt 0.559188 0.444918 0.000000
vt 0.559188 0.593224 0.000000
vt 0.652386 0.444918 0.000000
vt 0.652386 0.593224 0.000000
vt 0.745584 0.593224 0.000000
vt 0.652386 0.741529 0.000000
vt 0.652386 0.889835 0.000000
vt 0.559188 0.889835 0.000000
vt 0.580699 1.147124 0.000000
vt 0.533921 1.120307 0.000000
vt 0.096088 0.183761 0.000000
vt 0.093198 0.222459 0.000000
vt 0.093198 0.296612 0.000000
vt 0.186396 0.296612 0.000000
vt 0.186396 0.370765 0.000000
vt 0.232995 0.296612 0.000000
vt 0.232995 0.370765 0.000000
vt 0.279594 0.296612 0.000000
vt 0.279594 0.370765 0.000000
vt 0.326193 0.296612 0.000000
vt 0.326193 0.370765 0.000000
vt 0.372792 0.296612 0.000000
vt 0.372792 0.370765 0.000000
vt 0.419391 0.296612 0.000000
vt 0.419391 0.370765 0.000000
vt 0.465990 0.296612 0.000000
vt 0.465990 0.370765 0.000000
vt 0.512589 0.296612 0.000000
vt 0.512589 0.370765 0.000000
vt 0.559188 0.296612 0.000000
vt 0.559188 0.370765 0.000000
vt 0.652386 0.296612 0.000000
vt 0.652386 0.370765 0.000000
vt 0.186343 0.142979 0.000000
vt 0.186396 0.148306 0.000000
vt 0.186396 0.222459 0.000000
vt 0.232995 0.148306 0.000000
vt 0.274227 0.104676 0.000000
vt 0.279594 0.148306 0.000000
vt 0.326193 0.148306 0.000000
vt 0.279594 0.222459 0.000000
vt 0.326193 0.222459 0.000000
vt 0.361645 0.070272 0.000000
vt 0.372792 0.148306 0.000000
vt 0.372792 0.222459 0.000000
vt 0.372792 0.074153 0.000000
vt 0.405917 0.054934 0.000000
vt 0.419391 0.074153 0.000000
vt 0.419391 0.148306 0.000000
vt 0.465990 0.074153 0.000000
vt 0.465990 0.148306 0.000000
vt 0.512589 0.074153 0.000000
vt 0.512589 0.148306 0.000000
vt 0.559188 0.074153 0.000000
vt 0.559188 0.148306 0.000000
vt 0.652386 0.074153 0.000000
vt 0.652386 0.148306 0.000000
vt 0.692073 0.001212 0.000000
vt 0.745584 -0.000000 0.000000
vt 0.450762 0.041133 0.000000
vt 0.496359 0.029066 0.000000
vt 0.543074 0.018877 0.000000
vt 0.591258 0.010724 0.000000
vt 0.640807 0.004808 0.000000
vt 0.652386 0.222459 0.000000
vt 0.559188 0.222459 0.000000
vt 0.512589 0.222459 0.000000
vt 0.465990 0.222459 0.000000
vt 0.419391 0.222459 0.000000
vt 0.745584 1.186447 0.000000
vt 0.686664 1.181732 0.000000
vt 0.631619 1.168170 0.000000
vt 0.512589 0.889835 0.000000
vt 0.489973 1.088562 0.000000
vt 0.465990 0.889835 0.000000
vt 0.446649 1.051211 0.000000
vt 0.419391 0.889835 0.000000
vt 0.403542 1.008404 0.000000
vt 0.372792 0.889835 0.000000
vt 0.360385 0.960418 0.000000
vt 0.326193 0.889835 0.000000
vt 0.317266 0.907990 0.000000
vt 0.273948 0.851571 0.000000
vt 0.230129 0.791553 0.000000
vt 0.279594 0.741529 0.000000
vt 0.326193 0.741529 0.000000
vt 0.372792 0.741529 0.000000
vt 0.419391 0.741529 0.000000
vt 0.465990 0.741529 0.000000
vt 0.512589 0.741529 0.000000
vt 0.559188 0.741529 0.000000
vt 0.232995 0.741529 0.000000
vt 0.185505 0.728343 0.000000
vt 0.094825 0.597404 0.000000
vt 0.232995 0.222459 0.000000
vt 0.000000 -0.092280 0.000000
vt 0.093198 0.248956 0.000000
vt 0.000000 0.591453 0.000000
vt 0.093198 0.362701 0.000000
vt 0.093198 0.476446 0.000000
vt 0.186396 0.362701 0.000000
vt 0.186396 0.476446 0.000000
vt 0.232995 0.362701 0.000000
vt 0.232995 0.476446 0.000000
vt 0.279594 0.362701 0.000000
vt 0.279594 0.476446 0.000000
vt 0.326193 0.362701 0.000000
vt 0.326193 0.476446 0.000000
vt 0.372792 0.362701 0.000000
vt 0.372792 0.476446 0.000000
vt 0.419391 0.362701 0.000000
vt 0.419391 0.476446 0.000000
vt 0.465990 0.362701 0.000000
vt 0.465990 0.476446 0.000000
vt 0.512589 0.362701 0.000000
vt 0.512589 0.476446 0.000000
vt 0.559188 0.362701 0.000000
vt 0.559188 0.476446 0.000000
vt 0.652386 0.362701 0.000000
vt 0.652386 0.476446 0.000000
vt 0.745584 0.408841 0.000000
vt 0.652386 0.590192 0.000000
vt 0.745584 0.817682 0.000000
vt 0.692073 0.816470 0.000000
vt 0.001134 -0.092082 0.000000
vt 0.093198 0.078338 0.000000
vt 0.093198 0.135210 0.000000
vt 0.093198 0.192083 0.000000
vt 0.186396 0.135210 0.000000
vt 0.186396 0.192083 0.000000
vt 0.232995 0.135210 0.000000
vt 0.232995 0.192083 0.000000
vt 0.279594 0.135210 0.000000
vt 0.279594 0.192083 0.000000
vt 0.326193 0.135210 0.000000
vt 0.326193 0.192083 0.000000
vt 0.372792 0.135210 0.000000
vt 0.372792 0.192083 0.000000
vt 0.419391 0.135210 0.000000
vt 0.419391 0.192083 0.000000
vt 0.465990 0.135210 0.000000
vt 0.465990 0.192083 0.000000
vt 0.512589 0.135210 0.000000
vt 0.512589 0.192083 0.000000
vt 0.559188 0.135210 0.000000
vt 0.559188 0.192083 0.000000
vt 0.652386 0.135210 0.000000
vt 0.652386 0.192083 0.000000
vt 0.745584 -0.000000 0.000000
vt 0.099826 -0.074269 0.000000
vt 0.093198 -0.035408 0.000000
vt 0.093198 0.021465 0.000000
vt 0.186396 0.021465 0.000000
vt 0.186396 0.078338 0.000000
vt 0.232995 0.021465 0.000000
vt 0.232995 0.078338 0.000000
vt 0.279594 0.021465 0.000000
vt 0.279594 0.078338 0.000000
vt 0.326193 0.021465 0.000000
vt 0.326193 0.078338 0.000000
vt 0.372792 0.021465 0.000000
vt 0.372792 0.078338 0.000000
vt 0.419391 0.021465 0.000000
vt 0.419391 0.078338 0.000000
vt 0.465990 0.021465 0.000000
vt 0.465990 0.078338 0.000000
vt 0.512589 0.021465 0.000000
vt 0.512589 0.078338 0.000000
vt 0.559188 0.021465 0.000000
vt 0.559188 0.078338 0.000000
vt 0.652386 0.021465 0.000000
vt 0.652386 0.078338 0.000000
vt 0.186396 -0.035408 0.000000
vt 0.192951 -0.057116 0.000000
vt 0.232995 -0.035408 0.000000
vt 0.282796 -0.041241 0.000000
vt 0.279594 -0.035408 0.000000
vt 0.371159 -0.027266 0.000000
vt 0.459825 -0.015734 0.000000
vt 0.550481 -0.007125 0.000000
vt 0.645043 -0.001801 0.000000
vt 0.640807 0.812875 0.000000
vt 0.591258 0.806959 0.000000
vt 0.559188 0.590192 0.000000
vt 0.543074 0.798805 0.000000
vt 0.512589 0.590192 0.000000
vt 0.496359 0.788616 0.000000
vt 0.465990 0.590192 0.000000
vt 0.450762 0.776549 0.000000
vt 0.405917 0.762748 0.000000
vt 0.419391 0.590192 0.000000
vt 0.361645 0.747411 0.000000
vt 0.372792 0.590192 0.000000
vt 0.326193 0.590192 0.000000
vt 0.274227 0.713007 0.000000
vt 0.279594 0.590192 0.000000
vt 0.232995 0.590192 0.000000
vt 0.186343 0.674703 0.000000
vt 0.186396 0.590192 0.000000
vt 0.096088 0.633922 0.000000
vt 0.093198 0.590192 0.000000
vt 0.001113 0.591931 0.000000
vt 0.652386 0.248956 0.000000
vt 0.559188 0.248956 0.000000
vt 0.512589 0.248956 0.000000
vt 0.465990 0.248956 0.000000
vt 0.419391 0.248956 0.000000
vt 0.372792 0.248956 0.000000
vt 0.326193 0.248956 0.000000
vt 0.279594 0.248956 0.000000
vt 0.232995 0.248956 0.000000
vt 0.186396 0.248956 0.000000
vt 0.000000 1.529789 0.000000
vt 0.000000 0.577041 0.000000
vt 0.001134 1.529591 0.000000
vt 0.093198 1.053415 0.000000
vt 0.099826 1.511778 0.000000
vt 0.186396 1.053415 0.000000
vt 0.192951 1.494624 0.000000
vt 0.232995 1.053415 0.000000
vt 0.282796 1.478750 0.000000
vt 0.279594 1.053415 0.000000
vt 0.326193 1.053415 0.000000
vt 0.326193 0.815228 0.000000
vt 0.372792 0.815228 0.000000
vt 0.372792 0.577041 0.000000
vt 0.419391 0.577041 0.000000
vt 0.419391 0.338854 0.000000
vt 0.465990 0.338854 0.000000
vt 0.465990 0.219761 0.000000
vt 0.512589 0.219761 0.000000
vt 0.512589 0.100667 0.000000
vt 0.559188 0.100667 0.000000
vt 0.559188 -0.018426 0.000000
vt 0.579991 -0.020619 0.000000
vt 0.529632 -0.035836 0.000000
vt 0.512589 -0.018426 0.000000
vt 0.465990 0.100667 0.000000
vt 0.465990 -0.018426 0.000000
vt 0.419391 0.100667 0.000000
vt 0.419391 -0.018426 0.000000
vt 0.372792 0.100667 0.000000
vt 0.372792 -0.018426 0.000000
vt 0.326193 0.100667 0.000000
vt 0.326193 -0.018426 0.000000
vt 0.279594 0.100667 0.000000
vt 0.279594 -0.018426 0.000000
vt 0.232995 0.100667 0.000000
vt 0.232995 -0.018426 0.000000
vt 0.186396 0.100667 0.000000
vt 0.186396 -0.018426 0.000000
vt 0.093198 0.100667 0.000000
vt 0.093198 -0.018426 0.000000
vt 0.000000 -0.375707 0.000000
vt 0.093198 -0.077973 0.000000
vt 0.093198 -0.137520 0.000000
vt 0.186396 -0.137520 0.000000
vt 0.186396 -0.197067 0.000000
vt 0.232995 -0.197067 0.000000
vt 0.176094 -0.245095 0.000000
vt 0.260489 -0.183472 0.000000
vt 0.093198 0.219761 0.000000
vt 0.093198 0.338854 0.000000
vt 0.186396 0.219761 0.000000
vt 0.186396 0.338854 0.000000
vt 0.232995 0.219761 0.000000
vt 0.232995 0.338854 0.000000
vt 0.279594 0.219761 0.000000
vt 0.279594 0.338854 0.000000
vt 0.326193 0.219761 0.000000
vt 0.326193 0.338854 0.000000
vt 0.372792 0.219761 0.000000
vt 0.372792 0.338854 0.000000
vt 0.419391 0.219761 0.000000
vt 0.001108 -0.374917 0.000000
vt 0.090491 -0.309368 0.000000
vt 0.093198 -0.256613 0.000000
vt 0.093198 -0.197067 0.000000
vt 0.345976 -0.126329 0.000000
vt 0.326193 -0.137520 0.000000
vt 0.279594 -0.137520 0.000000
vt 0.232995 -0.137520 0.000000
vt 0.232995 -0.077973 0.000000
vt 0.186396 -0.077973 0.000000
vt 0.389854 -0.100161 0.000000
vt 0.372792 -0.077973 0.000000
vt 0.326193 -0.077973 0.000000
vt 0.279594 -0.077973 0.000000
vt 0.434906 -0.076065 0.000000
vt 0.419391 -0.077973 0.000000
vt 0.481424 -0.054460 0.000000
vt 0.632737 -0.009307 0.000000
vt 0.652386 0.100667 0.000000
vt 0.559188 0.219761 0.000000
vt 0.652386 0.219761 0.000000
vt 0.559188 0.338854 0.000000
vt 0.652386 0.338854 0.000000
vt 0.559188 0.577041 0.000000
vt 0.652386 0.577041 0.000000
vt 0.559188 0.815228 0.000000
vt 0.652386 0.815228 0.000000
vt 0.559188 1.053415 0.000000
vt 0.652386 1.053415 0.000000
vt 0.645043 1.439310 0.000000
vt 0.745584 1.437509 0.000000
vt 0.745584 0.000000 0.000000
vt 0.687717 -0.002362 0.000000
vt 0.550481 1.444634 0.000000
vt 0.512589 1.053415 0.000000
vt 0.512589 0.815228 0.000000
vt 0.512589 0.577041 0.000000
vt 0.512589 0.338854 0.000000
vt 0.459825 1.453243 0.000000
vt 0.465990 1.053415 0.000000
vt 0.465990 0.815228 0.000000
vt 0.465990 0.577041 0.000000
vt 0.419391 1.053415 0.000000
vt 0.371159 1.464774 0.000000
vt 0.372792 1.053415 0.000000
vt 0.093198 0.577041 0.000000
vt 0.093198 0.815228 0.000000
vt 0.186396 0.577041 0.000000
vt 0.186396 0.815228 0.000000
vt 0.232995 0.577041 0.000000
vt 0.232995 0.815228 0.000000
vt 0.279594 0.577041 0.000000
vt 0.279594 0.815228 0.000000
vt 0.326193 0.577041 0.000000
vt 0.419391 0.815228 0.000000
vt 0.000000 1.766965 0.000000
vt 0.000000 0.764271 0.000000
vt 0.001108 1.766175 0.000000
vt 0.090491 1.700626 0.000000
vt 0.093198 1.265618 0.000000
vt 0.176094 1.636352 0.000000
vt 0.186396 1.265618 0.000000
vt 0.232995 1.265618 0.000000
vt 0.232995 1.014945 0.000000
vt 0.279594 1.014945 0.000000
vt 0.279594 0.764271 0.000000
vt 0.326193 0.764271 0.000000
vt 0.326193 0.513598 0.000000
vt 0.372792 0.513598 0.000000
vt 0.372792 0.388261 0.000000
vt 0.419391 0.388261 0.000000
vt 0.419391 0.262925 0.000000
vt 0.465990 0.262925 0.000000
vt 0.465990 0.137588 0.000000
vt 0.512589 0.137588 0.000000
vt 0.512589 0.074920 0.000000
vt 0.559188 0.074920 0.000000
vt 0.559188 0.012251 0.000000
vt 0.590493 -0.011418 0.000000
vt 0.542139 -0.020086 0.000000
vt 0.512589 0.012251 0.000000
vt 0.465990 0.074920 0.000000
vt 0.465990 0.012251 0.000000
vt 0.419391 0.074920 0.000000
vt 0.419391 0.012251 0.000000
vt 0.372792 0.074920 0.000000
vt 0.372792 0.012251 0.000000
vt 0.326193 0.074920 0.000000
vt 0.326193 0.012251 0.000000
vt 0.279594 0.074920 0.000000
vt 0.279594 0.012251 0.000000
vt 0.232995 0.074920 0.000000
vt 0.232995 0.012251 0.000000
vt 0.186396 0.074920 0.000000
vt 0.186396 0.012251 0.000000
vt 0.093198 0.074920 0.000000
vt 0.093198 0.012251 0.000000
vt 0.000000 -0.238422 0.000000
vt 0.001112 -0.237919 0.000000
vt 0.093198 0.262925 0.000000
vt 0.093198 0.388261 0.000000
vt 0.093198 0.513598 0.000000
vt 0.186396 0.388261 0.000000
vt 0.186396 0.513598 0.000000
vt 0.232995 0.388261 0.000000
vt 0.232995 0.513598 0.000000
vt 0.279594 0.388261 0.000000
vt 0.279594 0.513598 0.000000
vt 0.326193 0.388261 0.000000
vt 0.095648 -0.193873 0.000000
vt 0.093198 -0.175754 0.000000
vt 0.093198 -0.113085 0.000000
vt 0.093198 -0.050417 0.000000
vt 0.186396 -0.113085 0.000000
vt 0.186396 -0.050417 0.000000
vt 0.232995 -0.113085 0.000000
vt 0.232995 -0.050417 0.000000
vt 0.273189 -0.110776 0.000000
vt 0.279594 -0.050417 0.000000
vt 0.326193 -0.050417 0.000000
vt 0.185550 -0.151060 0.000000
vt 0.360489 -0.074503 0.000000
vt 0.372792 -0.050417 0.000000
vt 0.404742 -0.058302 0.000000
vt 0.419391 -0.050417 0.000000
vt 0.449632 -0.043693 0.000000
vt 0.495308 -0.030901 0.000000
vt 0.652386 0.074920 0.000000
vt 0.640263 -0.005121 0.000000
vt 0.652386 0.012251 0.000000
vt 0.691781 -0.001292 0.000000
vt 0.652386 0.137588 0.000000
vt 0.559188 0.137588 0.000000
vt 0.559188 0.262925 0.000000
vt 0.512589 0.262925 0.000000
vt 0.512589 0.388261 0.000000
vt 0.465990 0.388261 0.000000
vt 0.465990 0.513598 0.000000
vt 0.419391 0.513598 0.000000
vt 0.419391 0.764271 0.000000
vt 0.372792 0.764271 0.000000
vt 0.372792 1.014945 0.000000
vt 0.326193 1.014945 0.000000
vt 0.326193 1.265618 0.000000
vt 0.279594 1.265618 0.000000
vt 0.260489 1.574729 0.000000
vt 0.745584 0.000000 0.000000
vt 0.652386 0.262925 0.000000
vt 0.559188 0.388261 0.000000
vt 0.512589 0.513598 0.000000
vt 0.465990 0.764271 0.000000
vt 0.419391 1.014945 0.000000
vt 0.372792 1.265618 0.000000
vt 0.345976 1.517587 0.000000
vt 0.745584 1.391258 0.000000
vt 0.652386 0.764271 0.000000
vt 0.652386 0.513598 0.000000
vt 0.652386 0.388261 0.000000
vt 0.559188 0.513598 0.000000
vt 0.687717 1.393619 0.000000
vt 0.652386 1.265618 0.000000
vt 0.652386 1.014945 0.000000
vt 0.559188 1.014945 0.000000
vt 0.559188 0.764271 0.000000
vt 0.512589 1.014945 0.000000
vt 0.512589 0.764271 0.000000
vt 0.465990 1.014945 0.000000
vt 0.632737 1.400565 0.000000
vt 0.559188 1.265618 0.000000
vt 0.579991 1.411877 0.000000
vt 0.529632 1.427094 0.000000
vt 0.512589 1.265618 0.000000
vt 0.481424 1.445717 0.000000
vt 0.465990 1.265618 0.000000
vt 0.434906 1.467323 0.000000
vt 0.419391 1.265618 0.000000
vt 0.389854 1.491419 0.000000
vt 0.093198 0.137588 0.000000
vt 0.186396 0.137588 0.000000
vt 0.232995 0.137588 0.000000
vt 0.279594 0.137588 0.000000
vt 0.326193 0.137588 0.000000
vt 0.372792 0.137588 0.000000
vt 0.419391 0.137588 0.000000
vt 0.093198 0.764271 0.000000
vt 0.093198 1.014945 0.000000
vt 0.186396 0.764271 0.000000
vt 0.186396 1.014945 0.000000
vt 0.232995 0.764271 0.000000
vt 0.186396 0.262925 0.000000
vt 0.232995 0.262925 0.000000
vt 0.279594 0.262925 0.000000
vt 0.326193 0.262925 0.000000
vt 0.372792 0.262925 0.000000
vt 0.168878 -0.145381 0.000000
vt 0.186396 0.275483 0.000000
vt 0.124978 0.295861 0.000000
vt 0.186396 0.359656 0.000000
vt 0.093198 0.359656 0.000000
vt 0.093198 0.528001 0.000000
vt 0.063937 0.375755 0.000000
vt 0.001089 0.455839 0.000000
vt 0.000000 0.457196 0.000000
vt 0.093198 0.696347 0.000000
vt 0.093198 0.864692 0.000000
vt 0.186396 0.696347 0.000000
vt 0.186396 0.864692 0.000000
vt 0.232995 0.696347 0.000000
vt 0.232995 0.864692 0.000000
vt 0.279594 0.696347 0.000000
vt 0.279594 0.864692 0.000000
vt 0.326193 0.696347 0.000000
vt 0.326193 0.864692 0.000000
vt 0.372792 0.696347 0.000000
vt 0.372792 0.864692 0.000000
vt 0.419391 0.696347 0.000000
vt 0.419391 0.864692 0.000000
vt 0.465990 0.696347 0.000000
vt 0.465990 0.864692 0.000000
vt 0.512589 0.696347 0.000000
vt 0.512589 0.864692 0.000000
vt 0.559188 0.696347 0.000000
vt 0.559188 0.864692 0.000000
vt 0.652386 0.696347 0.000000
vt 0.652386 0.864692 0.000000
vt 0.745584 0.962962 0.000000
vt 0.691781 0.964254 0.000000
vt 0.237540 -0.115996 0.000000
vt 0.186396 -0.061208 0.000000
vt 0.186396 0.022964 0.000000
vt 0.186396 0.107137 0.000000
vt 0.232995 0.022964 0.000000
vt 0.232995 0.107137 0.000000
vt 0.279594 0.022964 0.000000
vt 0.279594 0.107137 0.000000
vt 0.326193 0.022964 0.000000
vt 0.326193 0.107137 0.000000
vt 0.372792 0.022964 0.000000
vt 0.372792 0.107137 0.000000
vt 0.419391 0.022964 0.000000
vt 0.419391 0.107137 0.000000
vt 0.465990 0.022964 0.000000
vt 0.465990 0.107137 0.000000
vt 0.512589 0.022964 0.000000
vt 0.512589 0.107137 0.000000
vt 0.559188 0.022964 0.000000
vt 0.559188 0.107137 0.000000
vt 0.586845 -0.010960 0.000000
vt 0.652386 0.107137 0.000000
vt 0.652386 0.022964 0.000000
vt 0.663894 -0.002776 0.000000
vt 0.305364 -0.088562 0.000000
vt 0.279594 -0.061208 0.000000
vt 0.232995 -0.061208 0.000000
vt 0.373320 -0.063686 0.000000
vt 0.326193 -0.061208 0.000000
vt 0.442408 -0.041989 0.000000
vt 0.372792 -0.061208 0.000000
vt 0.513159 -0.024236 0.000000
vt 0.745584 -0.000000 0.000000
vt 0.652386 0.191310 0.000000
vt 0.559188 0.191310 0.000000
vt 0.559188 0.275483 0.000000
vt 0.512589 0.275483 0.000000
vt 0.512589 0.359656 0.000000
vt 0.465990 0.359656 0.000000
vt 0.465990 0.528001 0.000000
vt 0.419391 0.528001 0.000000
vt 0.652386 0.528001 0.000000
vt 0.652386 0.359656 0.000000
vt 0.652386 0.275483 0.000000
vt 0.559188 0.359656 0.000000
vt 0.640263 0.968083 0.000000
vt 0.590493 0.974380 0.000000
vt 0.542139 0.983048 0.000000
vt 0.495308 0.993863 0.000000
vt 0.449632 1.006655 0.000000
vt 0.404742 1.021264 0.000000
vt 0.360489 1.037465 0.000000
vt 0.273189 1.073738 0.000000
vt 0.185550 1.114021 0.000000
vt 0.095648 1.156835 0.000000
vt 0.001112 1.200880 0.000000
vt 0.000000 1.201384 0.000000
vt 0.186396 0.191310 0.000000
vt 0.232995 0.191310 0.000000
vt 0.232995 0.275483 0.000000
vt 0.279594 0.191310 0.000000
vt 0.279594 0.275483 0.000000
vt 0.326193 0.191310 0.000000
vt 0.326193 0.275483 0.000000
vt 0.372792 0.191310 0.000000
vt 0.372792 0.275483 0.000000
vt 0.419391 0.191310 0.000000
vt 0.419391 0.275483 0.000000
vt 0.465990 0.191310 0.000000
vt 0.465990 0.275483 0.000000
vt 0.512589 0.191310 0.000000
vt 0.559188 0.528001 0.000000
vt 0.512589 0.528001 0.000000
vt 0.419391 0.359656 0.000000
vt 0.372792 0.359656 0.000000
vt 0.372792 0.528001 0.000000
vt 0.326193 0.359656 0.000000
vt 0.326193 0.528001 0.000000
vt 0.279594 0.359656 0.000000
vt 0.279594 0.528001 0.000000
vt 0.232995 0.359656 0.000000
vt 0.232995 0.528001 0.000000
vt 0.186396 0.528001 0.000000
vt 0.269578 1.435851 0.000000
vt 0.211353 1.480065 0.000000
vt 0.221655 1.110049 0.000000
vt 0.141608 1.383331 0.000000
vt 0.146379 1.110049 0.000000
vt 0.071102 1.285022 0.000000
vt 0.146379 0.740032 0.000000
vt 0.071102 0.387766 0.000000
vt 0.146379 0.555024 0.000000
vt 0.146379 0.370016 0.000000
vt 0.221655 0.370016 0.000000
vt 0.146449 0.319980 0.000000
vt 0.221655 0.277512 0.000000
vt 0.220554 0.253856 0.000000
vt 0.295136 0.190635 0.000000
vt 0.296932 0.277512 0.000000
vt 0.372151 0.131839 0.000000
vt 0.372208 0.185008 0.000000
vt 0.372208 0.138756 0.000000
vt 0.418734 0.138756 0.000000
vt 0.453541 0.079840 0.000000
vt 0.496534 0.057359 0.000000
vt 0.465260 0.092504 0.000000
vt 0.465260 0.138756 0.000000
vt 0.418734 0.185008 0.000000
vt 0.372208 0.277512 0.000000
vt 0.296932 0.370016 0.000000
vt 0.221655 0.555024 0.000000
vt 0.511787 0.092504 0.000000
vt 0.541407 0.037864 0.000000
vt 0.558313 0.092504 0.000000
vt 0.558313 0.046252 0.000000
vt 0.588539 0.021849 0.000000
vt 0.638111 0.009886 0.000000
vt 0.651365 0.046252 0.000000
vt 0.651365 0.092504 0.000000
vt 0.558313 0.138756 0.000000
vt 0.511787 0.138756 0.000000
vt 0.511787 0.185008 0.000000
vt 0.465260 0.185008 0.000000
vt 0.465260 0.277512 0.000000
vt 0.418734 0.277512 0.000000
vt 0.418734 0.370016 0.000000
vt 0.372208 0.370016 0.000000
vt 0.372208 0.555024 0.000000
vt 0.296932 0.555024 0.000000
vt 0.296932 0.740032 0.000000
vt 0.221655 0.740032 0.000000
vt 0.689885 0.002514 0.000000
vt 0.651365 0.138756 0.000000
vt 0.744417 0.000000 0.000000
vt 0.651365 0.185008 0.000000
vt 0.651365 0.277512 0.000000
vt 0.558313 0.277512 0.000000
vt 0.558313 0.370016 0.000000
vt 0.511787 0.370016 0.000000
vt 0.511787 0.555024 0.000000
vt 0.465260 0.555024 0.000000
vt 0.465260 0.740032 0.000000
vt 0.418734 0.740032 0.000000
vt 0.418734 1.110049 0.000000
vt 0.372208 1.110049 0.000000
vt 0.389155 1.355070 0.000000
vt 0.328569 1.393915 0.000000
vt 0.744417 1.249354 0.000000
vt 0.651365 0.555024 0.000000
vt 0.651365 0.370016 0.000000
vt 0.663984 1.254258 0.000000
vt 0.651365 1.110049 0.000000
vt 0.651365 0.740032 0.000000
vt 0.558313 0.740032 0.000000
vt 0.558313 0.555024 0.000000
vt 0.511787 0.740032 0.000000
vt 0.588798 1.268532 0.000000
vt 0.558313 1.110049 0.000000
vt 0.518377 1.291062 0.000000
vt 0.511787 1.110049 0.000000
vt 0.465260 1.110049 0.000000
vt 0.452158 1.320364 0.000000
vt 0.296932 1.110049 0.000000
vt 0.372208 0.740032 0.000000
vt 0.418734 0.555024 0.000000
vt 0.465260 0.370016 0.000000
vt 0.511787 0.277512 0.000000
vt 0.558313 0.185008 0.000000
vt 0.146449 0.455553 0.000000
vt 0.071102 0.387766 0.000000
vt 0.146379 0.387766 0.000000
vt 0.146449 0.319980 0.000000
vt 0.221655 0.387766 0.000000
vt 0.221655 0.290825 0.000000
vt 0.296932 0.290825 0.000000
vt 0.296932 0.193883 0.000000
vt 0.372208 0.193883 0.000000
vt 0.372208 0.145412 0.000000
vt 0.418734 0.145412 0.000000
vt 0.372151 0.131839 0.000000
vt 0.453540 0.079840 0.000000
vt 0.220554 0.253856 0.000000
vt 0.295136 0.190635 0.000000
vt 0.465260 0.096942 0.000000
vt 0.496534 0.057359 0.000000
vt 0.511787 0.096942 0.000000
vt 0.541407 0.037864 0.000000
vt 0.558313 0.096942 0.000000
vt 0.558313 0.048471 0.000000
vt 0.588539 0.021850 0.000000
vt 0.638111 0.009886 0.000000
vt 0.651365 0.048471 0.000000
vt 0.651365 0.096942 0.000000
vt 0.558313 0.145412 0.000000
vt 0.511787 0.145412 0.000000
vt 0.511787 0.193883 0.000000
vt 0.465260 0.193883 0.000000
vt 0.465260 0.290825 0.000000
vt 0.418734 0.290825 0.000000
vt 0.418734 0.387766 0.000000
vt 0.372208 0.387766 0.000000
vt 0.372208 0.581650 0.000000
vt 0.296932 0.581650 0.000000
vt 0.372151 0.643694 0.000000
vt 0.295136 0.584898 0.000000
vt 0.689885 0.002514 0.000000
vt 0.744417 0.000000 0.000000
vt 0.651365 0.145412 0.000000
vt 0.558313 0.193883 0.000000
vt 0.511787 0.290825 0.000000
vt 0.465260 0.387766 0.000000
vt 0.418734 0.581650 0.000000
vt 0.651365 0.193883 0.000000
vt 0.744417 0.387766 0.000000
vt 0.651365 0.290825 0.000000
vt 0.651365 0.387766 0.000000
vt 0.558313 0.387766 0.000000
vt 0.558313 0.581650 0.000000
vt 0.511787 0.581650 0.000000
vt 0.541407 0.737669 0.000000
vt 0.496534 0.718174 0.000000
vt 0.651365 0.581650 0.000000
vt 0.744417 0.775533 0.000000
vt 0.689885 0.773019 0.000000
vt 0.638111 0.765647 0.000000
vt 0.588539 0.753683 0.000000
vt 0.453541 0.695693 0.000000
vt 0.465260 0.581650 0.000000
vt 0.511787 0.387766 0.000000
vt 0.220554 0.521677 0.000000
vt 0.296932 0.387766 0.000000
vt 0.372208 0.290825 0.000000
vt 0.418734 0.193883 0.000000
vt 0.465260 0.145412 0.000000
vt 0.558313 0.290825 0.000000
vt 0.630790 0.000000 0.000000
vt 0.647799 -0.035507 0.000000
vt 0.692361 0.000000 0.000000
vt 0.692361 -0.039533 0.000000
vt 0.663817 -0.073950 0.000000
vt 0.692361 -0.079067 0.000000
vt 0.678728 -0.114942 0.000000
vt 0.692361 -0.158130 0.000000
vt 0.355202 -1.847057 0.000000
vt 0.310319 -1.776042 0.000000
vt 0.306449 -1.853156 0.000000
vt 0.232739 -1.776042 0.000000
vt 0.225271 -1.839552 0.000000
vt 0.179477 -1.831674 0.000000
vt 0.232739 -1.698927 0.000000
vt 0.155160 -1.698927 0.000000
vt 0.155160 -1.621813 0.000000
vt 0.077580 -1.621813 0.000000
vt 0.077580 -1.544698 0.000000
vt 0.064834 -1.813134 0.000000
vt 0.077580 -1.390469 0.000000
vt 0.077580 -1.236240 0.000000
vt 0.155160 -1.390469 0.000000
vt 0.155160 -1.236240 0.000000
vt 0.232739 -1.390469 0.000000
vt 0.232739 -1.236240 0.000000
vt 0.310319 -1.390469 0.000000
vt 0.310319 -1.236240 0.000000
vt 0.360912 -1.390469 0.000000
vt 0.360912 -1.236240 0.000000
vt 0.411505 -1.390469 0.000000
vt 0.411505 -1.236240 0.000000
vt 0.462098 -1.390469 0.000000
vt 0.462098 -1.236240 0.000000
vt 0.512692 -1.390469 0.000000
vt 0.512692 -1.236240 0.000000
vt 0.613878 -1.390469 0.000000
vt 0.613878 -1.236240 0.000000
vt 0.715064 -1.825647 0.000000
vt 0.613878 -0.927782 0.000000
vt 0.613878 -0.619324 0.000000
vt 0.512692 -0.619324 0.000000
vt 0.512692 -0.002408 0.000000
vt 0.462098 -0.002408 0.000000
vt 0.457146 0.578087 0.000000
vt 0.411505 -0.002408 0.000000
vt 0.373845 0.549937 0.000000
vt 0.360912 -0.002408 0.000000
vt 0.288350 0.514132 0.000000
vt 0.310319 -0.002408 0.000000
vt 0.244331 0.493649 0.000000
vt 0.232739 -0.002408 0.000000
vt 0.199098 0.471623 0.000000
vt 0.155160 -0.002408 0.000000
vt 0.152233 0.448168 0.000000
vt 0.103776 0.423686 0.000000
vt 0.360912 -1.776042 0.000000
vt 0.403879 -1.841611 0.000000
vt 0.411505 -1.776042 0.000000
vt 0.452988 -1.836866 0.000000
vt 0.462098 -1.776042 0.000000
vt 0.502913 -1.832883 0.000000
vt 0.512692 -1.776042 0.000000
vt 0.553578 -1.829747 0.000000
vt 0.512692 -1.698927 0.000000
vt 0.613878 -1.698927 0.000000
vt 0.512692 -1.621813 0.000000
vt 0.613878 -1.621813 0.000000
vt 0.512692 -1.544698 0.000000
vt 0.613878 -1.544698 0.000000
vt 0.613878 -1.776042 0.000000
vt 0.605439 -1.827482 0.000000
vt 0.715064 0.614508 0.000000
vt 0.613878 -0.002408 0.000000
vt 0.540414 0.598313 0.000000
vt 0.625598 0.610459 0.000000
vt 0.077580 -0.002408 0.000000
vt 0.053551 0.398515 0.000000
vt 0.001011 0.372856 0.000000
vt 0.000000 0.372372 0.000000
vt 0.077580 -0.619324 0.000000
vt 0.077580 -0.927782 0.000000
vt 0.155160 -0.927782 0.000000
vt 0.000000 -1.803545 0.000000
vt 0.127837 -1.823014 0.000000
vt 0.077580 -1.776042 0.000000
vt 0.077580 -1.698927 0.000000
vt 0.155160 -1.776042 0.000000
vt 0.462098 -1.698927 0.000000
vt 0.462098 -1.621813 0.000000
vt 0.462098 -1.544698 0.000000
vt 0.411505 -1.698927 0.000000
vt 0.411505 -1.621813 0.000000
vt 0.411505 -1.544698 0.000000
vt 0.360912 -1.698927 0.000000
vt 0.360912 -1.621813 0.000000
vt 0.360912 -1.544698 0.000000
vt 0.310319 -1.698927 0.000000
vt 0.310319 -1.621813 0.000000
vt 0.310319 -1.544698 0.000000
vt 0.155160 -0.619324 0.000000
vt 0.232739 -0.619324 0.000000
vt 0.232739 -0.927782 0.000000
vt 0.310319 -0.619324 0.000000
vt 0.310319 -0.927782 0.000000
vt 0.360912 -0.619324 0.000000
vt 0.360912 -0.927782 0.000000
vt 0.411505 -0.619324 0.000000
vt 0.411505 -0.927782 0.000000
vt 0.462098 -0.619324 0.000000
vt 0.462098 -0.927782 0.000000
vt 0.512692 -0.927782 0.000000
vt 0.155160 -1.544698 0.000000
vt 0.232739 -1.544698 0.000000
vt 0.232739 -1.621813 0.000000
vt 1.860739 0.600000 0.000000
vt 0.930370 0.600000 0.000000
vt 1.860739 0.500000 0.000000
vt 1.869992 0.426364 0.000000
vt 1.896407 0.356558 0.000000
vt 1.740602 0.119406 0.000000
vt 1.936642 0.293302 0.000000
vt 1.866772 0.177476 0.000000
vt 1.987409 0.237197 0.000000
vt 0.000000 0.600000 0.000000
vt 0.000000 0.000000 0.000000
vt 1.613623 0.060779 0.000000
vt 1.492162 0.000000 0.000000
vt 3.470559 0.600000 0.000000
vt 1.735280 0.600000 0.000000
vt 3.470559 0.500000 0.000000
vt 1.735280 0.500000 0.000000
vt -0.000000 0.600000 0.000000
vt 0.000000 0.500000 0.000000
vt 0.000000 0.374534 0.000000
vt 0.000000 -1.050467 0.000000
vt 0.001055 0.374468 0.000000
vt 0.055151 0.371019 0.000000
vt 0.077580 -0.349630 0.000000
vt 0.106644 0.367648 0.000000
vt 0.155160 -0.349630 0.000000
vt 0.155480 0.364428 0.000000
vt 0.201709 0.361412 0.000000
vt 0.232739 -0.349630 0.000000
vt 0.287733 0.356069 0.000000
vt 0.310319 -0.349630 0.000000
vt 0.369497 0.351577 0.000000
vt 0.360912 -0.349630 0.000000
vt 0.411505 -0.349630 0.000000
vt 0.411505 -1.073794 0.000000
vt 0.462098 -1.073794 0.000000
vt 0.462098 -1.435876 0.000000
vt 0.512692 -1.435876 0.000000
vt 0.512692 -1.797958 0.000000
vt 0.613878 -1.797958 0.000000
vt 0.613878 -1.979000 0.000000
vt 0.715064 -2.522123 0.000000
vt 0.613878 -2.160041 0.000000
vt 0.613878 -2.250561 0.000000
vt 0.512692 -2.160041 0.000000
vt 0.512692 -2.250561 0.000000
vt 0.462098 -2.160041 0.000000
vt 0.462098 -2.250561 0.000000
vt 0.411505 -2.160041 0.000000
vt 0.411505 -2.250561 0.000000
vt 0.360912 -2.160041 0.000000
vt 0.360912 -2.250561 0.000000
vt 0.310319 -2.160041 0.000000
vt 0.310319 -2.250561 0.000000
vt 0.232739 -2.160041 0.000000
vt 0.232739 -2.250561 0.000000
vt 0.155160 -2.160041 0.000000
vt 0.155160 -2.250561 0.000000
vt 0.077580 -2.160041 0.000000
vt 0.077580 -2.250561 0.000000
vt 0.055061 -2.480650 0.000000
vt 0.077580 -2.341082 0.000000
vt 0.077580 -2.431602 0.000000
vt 0.106504 -2.485621 0.000000
vt 0.000000 -2.475468 0.000000
vt 0.001032 -2.475563 0.000000
vt 0.077580 -1.073794 0.000000
vt 0.077580 -1.435876 0.000000
vt 0.155160 -1.435876 0.000000
vt 0.155160 -1.797958 0.000000
vt 0.232739 -1.797958 0.000000
vt 0.232739 -1.979000 0.000000
vt 0.310319 -1.979000 0.000000
vt 0.155313 -2.490372 0.000000
vt 0.155160 -2.431602 0.000000
vt 0.155160 -2.341082 0.000000
vt 0.201540 -2.494825 0.000000
vt 0.287616 -2.502718 0.000000
vt 0.232739 -2.431602 0.000000
vt 0.232739 -2.341082 0.000000
vt 0.369418 -2.509355 0.000000
vt 0.310319 -2.431602 0.000000
vt 0.310319 -2.341082 0.000000
vt 0.451467 -2.514782 0.000000
vt 0.411505 -2.431602 0.000000
vt 0.360912 -2.431602 0.000000
vt 0.535542 -2.518818 0.000000
vt 0.512692 -2.431602 0.000000
vt 0.462098 -2.431602 0.000000
vt 0.411505 -2.341082 0.000000
vt 0.360912 -2.341082 0.000000
vt 0.622535 -2.521287 0.000000
vt 0.613878 -2.431602 0.000000
vt 0.613878 -2.341082 0.000000
vt 0.512692 -2.341082 0.000000
vt 0.715064 -1.089595 0.000000
vt 0.613878 -1.435876 0.000000
vt 0.512692 -1.073794 0.000000
vt 0.462098 -0.349630 0.000000
vt 0.451527 0.347902 0.000000
vt 0.715064 0.342932 0.000000
vt 0.613878 -0.349630 0.000000
vt 0.613878 -1.073794 0.000000
vt 0.622555 0.343498 0.000000
vt 0.535583 0.345169 0.000000
vt 0.512692 -0.349630 0.000000
vt 0.077580 -1.979000 0.000000
vt 0.155160 -1.979000 0.000000
vt 0.077580 -1.797958 0.000000
vt 0.155160 -1.073794 0.000000
vt 0.232739 -1.073794 0.000000
vt 0.232739 -1.435876 0.000000
vt 0.310319 -1.073794 0.000000
vt 0.310319 -1.435876 0.000000
vt 0.310319 -1.797958 0.000000
vt 0.360912 -1.073794 0.000000
vt 0.360912 -1.435876 0.000000
vt 0.360912 -1.797958 0.000000
vt 0.360912 -1.979000 0.000000
vt 0.411505 -1.435876 0.000000
vt 0.462098 -1.797958 0.000000
vt 0.512692 -1.979000 0.000000
vt 0.462098 -2.341082 0.000000
vt 0.411505 -1.797958 0.000000
vt 0.411505 -1.979000 0.000000
vt 0.462098 -1.979000 0.000000
vt 0.149259 -1.778982 0.000000
vt 0.077580 -1.767261 0.000000
vt 0.064504 -1.838459 0.000000
vt 0.077580 -1.618553 0.000000
vt 0.077580 -1.469845 0.000000
vt 0.155160 -1.618553 0.000000
vt 0.155160 -1.469845 0.000000
vt 0.232739 -1.618553 0.000000
vt 0.232739 -1.469845 0.000000
vt 0.310319 -1.618553 0.000000
vt 0.310319 -1.469845 0.000000
vt 0.360912 -1.618553 0.000000
vt 0.360912 -1.469845 0.000000
vt 0.411505 -1.618553 0.000000
vt 0.411505 -1.469845 0.000000
vt 0.434142 -1.631034 0.000000
vt 0.462098 -1.618553 0.000000
vt 0.478662 -1.635944 0.000000
vt 0.512692 -1.618553 0.000000
vt 0.522846 -1.647563 0.000000
vt 0.565546 -1.663084 0.000000
vt 0.155160 -1.767261 0.000000
vt 0.223563 -1.725534 0.000000
vt 0.288728 -1.681455 0.000000
vt 0.319008 -1.663602 0.000000
vt 0.353737 -1.646921 0.000000
vt 0.392770 -1.634893 0.000000
vt 0.610991 -1.682645 0.000000
vt 0.613878 -1.618553 0.000000
vt 0.512692 -1.469845 0.000000
vt 0.462098 -1.469845 0.000000
vt 0.660663 -1.706464 0.000000
vt 0.613878 -1.469845 0.000000
vt 0.512692 -1.172428 0.000000
vt 0.462098 -1.172428 0.000000
vt 0.451467 -0.882352 0.000000
vt 0.411505 -1.172428 0.000000
vt 0.369418 -0.887779 0.000000
vt 0.360912 -1.172428 0.000000
vt 0.310319 -1.172428 0.000000
vt 0.715064 -1.734335 0.000000
vt 0.613878 -1.172428 0.000000
vt 0.535542 -0.878316 0.000000
vt 0.715064 -0.875012 0.000000
vt 0.622535 -0.875848 0.000000
vt 0.287616 -0.894416 0.000000
vt 0.232739 -1.172428 0.000000
vt 0.201540 -0.902310 0.000000
vt 0.155160 -1.172428 0.000000
vt 0.155313 -0.906763 0.000000
vt 0.106504 -0.911514 0.000000
vt 0.077580 -1.172428 0.000000
vt 0.055061 -0.916484 0.000000
vt 0.001032 -0.921571 0.000000
vt 0.000000 -0.921666 0.000000
vt 0.000000 -2.064678 0.000000
vt 0.077580 -1.915970 0.000000
vt 0.131663 -2.033009 0.000000
vt 0.077580 -1.953147 0.000000
vt 0.077580 -1.990324 0.000000
vt 0.067828 -2.048578 0.000000
vt 0.077580 -2.027501 0.000000
vt 0.000000 -0.080789 0.000000
vt 0.000000 -0.878244 0.000000
vt 0.001011 -0.081185 0.000000
vt 0.001011 -0.878729 0.000000
vt 0.053551 -0.904388 0.000000
vt 0.103776 -0.929558 0.000000
vt 0.077580 -0.860482 0.000000
vt 0.077580 -0.730533 0.000000
vt 0.077580 -0.600585 0.000000
vt 0.155160 -0.730533 0.000000
vt 0.155160 -0.600585 0.000000
vt 0.232739 -0.730533 0.000000
vt 0.232739 -0.600585 0.000000
vt 0.310319 -0.730533 0.000000
vt 0.310319 -0.600585 0.000000
vt 0.360912 -0.730533 0.000000
vt 0.360912 -0.600585 0.000000
vt 0.411505 -0.730533 0.000000
vt 0.411505 -0.600585 0.000000
vt 0.462098 -0.730533 0.000000
vt 0.462098 -0.600585 0.000000
vt 0.512692 -0.730533 0.000000
vt 0.512692 -0.600585 0.000000
vt 0.613878 -0.730533 0.000000
vt 0.613878 -0.600585 0.000000
vt 0.715064 -0.279003 0.000000
vt 0.613878 -0.340687 0.000000
vt 0.627505 -0.275832 0.000000
vt 0.543855 -0.266284 0.000000
vt 0.152233 -0.954040 0.000000
vt 0.155160 -0.925457 0.000000
vt 0.155160 -0.860482 0.000000
vt 0.199098 -0.977495 0.000000
vt 0.232739 -0.925457 0.000000
vt 0.232739 -0.860482 0.000000
vt 0.232739 -0.990431 0.000000
vt 0.244331 -0.999521 0.000000
vt 0.310319 -0.925457 0.000000
vt 0.310319 -0.860482 0.000000
vt 0.310319 -0.990431 0.000000
vt 0.288350 -1.020004 0.000000
vt 0.310319 -1.022918 0.000000
vt 0.373845 -1.055809 0.000000
vt 0.360912 -1.022918 0.000000
vt 0.411505 -1.022918 0.000000
vt 0.360912 -0.990431 0.000000
vt 0.411505 -0.990431 0.000000
vt 0.360912 -0.925457 0.000000
vt 0.411505 -0.925457 0.000000
vt 0.360912 -0.860482 0.000000
vt 0.411505 -0.860482 0.000000
vt 0.411505 -1.055765 0.000000
vt 0.457146 -1.083959 0.000000
vt 0.462098 -1.055705 0.000000
vt 0.512692 -1.087893 0.000000
vt 0.512692 -1.055645 0.000000
vt 0.540414 -1.104185 0.000000
vt 0.613878 -1.055525 0.000000
vt 0.613878 -1.087893 0.000000
vt 0.625598 -1.116331 0.000000
vt 0.715064 -1.120380 0.000000
vt 0.613878 -1.022918 0.000000
vt 0.512692 -1.022918 0.000000
vt 0.512692 -0.990431 0.000000
vt 0.462098 -0.990431 0.000000
vt 0.462098 -0.925457 0.000000
vt 0.613878 -0.860482 0.000000
vt 0.613878 -0.925457 0.000000
vt 0.512692 -0.860482 0.000000
vt 0.512692 -0.925457 0.000000
vt 0.462098 -0.860482 0.000000
vt 0.512692 -0.340687 0.000000
vt 0.461840 -0.250300 0.000000
vt 0.462098 -0.340687 0.000000
vt 0.411505 -0.340687 0.000000
vt 0.379222 -0.227813 0.000000
vt 0.360912 -0.340687 0.000000
vt 0.293837 -0.198856 0.000000
vt 0.310319 -0.340687 0.000000
vt 0.232739 -0.340687 0.000000
vt 0.249506 -0.182084 0.000000
vt 0.203749 -0.163918 0.000000
vt 0.155160 -0.340687 0.000000
vt 0.156120 -0.144440 0.000000
vt 0.106572 -0.123950 0.000000
vt 0.077580 -0.340687 0.000000
vt 0.055069 -0.102807 0.000000
vt 0.613878 -0.990431 0.000000
vt 0.462098 -1.022918 0.000000
vt 1.326911 0.600000 0.000000
vt 0.663455 0.600000 0.000000
vt 1.326911 0.000000 0.000000
vt 0.000000 0.000000 0.000000
vt 0.000000 0.600000 0.000000
vt 1.210953 0.600000 0.000000
vt 0.605477 0.600000 0.000000
vt 1.210953 0.000000 0.000000
vt 0.000000 0.000000 0.000000
vt 0.000000 0.600000 0.000000
vt 0.901308 0.600000 0.000000
vt 0.450654 0.600000 0.000000
vt 0.901308 0.000000 0.000000
vt 0.000000 0.000000 0.000000
vt 0.000000 0.600000 0.000000
vt 0.000000 0.000000 0.000000
vt 2.549929 0.000000 0.000000
vt 0.000000 1.000000 0.000000
vt 2.549929 1.000000 0.000000
vt 0.000000 0.827321 0.000000
vt 3.630289 0.000000 0.000000
vt 0.115550 0.877049 0.000000
vt 3.630289 1.000000 0.000000
vt 0.115550 1.000000 0.000000
vt 0.000000 0.000000 0.000000
vt 0.715996 0.000000 0.000000
vt 0.786159 0.000000 0.000000
vt 0.715996 0.972219 0.000000
vt 0.786159 0.981061 0.000000
vt -0.387512 0.387098 0.000000
vt 0.570389 0.333790 0.000000
vt -0.429611 0.639694 0.000000
vt -0.929611 3.639694 0.000000
vt -1.506549 3.953001 0.000000
vt -0.378142 0.303812 0.000000
vt -0.376459 0.219449 0.000000
vt -0.380958 0.135348 0.000000
vt -0.390219 0.052250 0.000000
vt 0.570389 -1.360306 0.000000
vt 1.850953 -1.871271 0.000000
vt 0.788531 -2.669163 0.000000
vt 1.456952 -4.022669 0.000000
vt 0.570389 -3.860306 0.000000
vt -0.419319 -0.114182 0.000000
vt -0.457336 -0.278488 0.000000
vt 4.492643 -0.228248 0.000000
vt 4.562312 -0.356539 0.000000
vt 4.604391 -0.264570 0.000000
vt 2.865055 0.500000 0.000000
vt 2.865055 0.650000 0.000000
vt 1.432527 0.500000 0.000000
vt 0.000000 0.650000 0.000000
vt 0.000000 0.500000 0.000000
vt 2.037176 0.500000 0.000000
vt 2.037176 0.650000 0.000000
vt 1.220120 0.500000 0.000000
vt 0.000000 0.650000 0.000000
vt 0.000000 0.000000 0.000000
vt 1.220120 0.000000 0.000000
vt 0.000000 1.000000 0.000000
vt 0.000000 0.000000 0.000000
vt 0.117502 1.000000 0.000000
vt 3.601437 0.000000 0.000000
vt 3.601437 1.000000 0.000000
vt 0.886283 1.000000 0.000000
vt 0.886283 0.000000 0.000000
vt 1.091068 1.000000 0.000000
vt 1.192206 0.000000 0.000000
vt 1.192206 1.000000 0.000000
vt 4.494851 -0.375826 0.000000
vt 4.477110 -0.542758 0.000000
vt 4.562312 -0.356539 0.000000
vt 0.841378 0.600000 0.000000
vt 0.420689 0.600000 0.000000
vt 0.841378 0.500000 0.000000
vt 0.000000 0.500000 0.000000
vt 0.000000 0.600000 0.000000
vt 2.009764 0.500000 0.000000
vt 2.009764 0.600000 0.000000
vt 1.690925 0.500000 0.000000
vt 1.004882 0.600000 0.000000
vt 1.690087 0.499071 0.000000
vt 1.577716 0.369699 0.000000
vt 1.478028 0.242788 0.000000
vt -0.000000 0.000000 0.000000
vt 1.394797 0.120113 0.000000
vt 1.328668 0.000000 0.000000
vt -0.000000 0.600000 0.000000
vt 1.968585 0.600000 0.000000
vt 0.984292 0.600000 0.000000
vt 1.968585 0.000000 0.000000
vt 0.000000 0.000000 0.000000
vt 0.000000 0.600000 0.000000
vt 0.724078 0.600000 0.000000
vt 0.362039 0.600000 0.000000
vt 0.724078 0.000000 0.000000
vt 0.000000 0.000000 0.000000
vt 0.000000 0.600000 0.000000
vt 0.827376 0.600000 0.000000
vt 0.413688 0.600000 0.000000
vt 0.827376 0.000000 0.000000
vt 0.000000 0.000000 0.000000
vt 0.000000 0.600000 0.000000
vt 1.122299 0.600000 0.000000
vt 0.561150 0.600000 0.000000
vt 1.122299 0.000000 0.000000
vt -0.000000 0.000000 0.000000
vt -0.000000 0.600000 0.000000
vt 0.000000 0.605002 0.000000
vt -0.000000 0.000000 0.000000
vt 0.082003 0.600000 0.000000
vt 1.256977 0.600000 0.000000
vt 2.431952 0.000000 0.000000
vt 2.431952 0.600000 0.000000
vt 2.251742 0.849245 0.000000
vt 2.190418 0.908638 0.000000
vt 1.541831 1.000000 0.000000
vt 2.113077 0.974584 0.000000
vt 2.024099 1.040501 0.000000
vt 1.934805 1.098650 0.000000
vt 1.893576 1.122391 0.000000
vt 1.856513 1.141288 0.000000
vt 1.798745 1.170606 0.000000
vt 1.744678 1.202988 0.000000
vt 1.693085 1.240010 0.000000
vt 1.645800 1.281816 0.000000
vt 1.604618 1.328685 0.000000
vt 1.571486 1.381297 0.000000
vt 1.549558 1.439083 0.000000
vt 1.541831 1.500000 0.000000
vt -0.000000 1.000000 0.000000
vt -0.000000 0.000000 0.000000
vt 2.349439 0.605002 0.000000
vt 2.346284 0.649635 0.000000
vt 2.349439 0.000000 0.000000
vt 2.337066 0.693485 0.000000
vt 2.322331 0.735821 0.000000
vt 2.302715 0.776191 0.000000
vt 0.836338 1.303149 0.000000
vt 0.845056 1.231355 0.000000
vt 1.370168 1.000000 0.000000
vt 0.836338 1.159560 0.000000
vt 0.810692 1.091938 0.000000
vt 0.769609 1.032418 0.000000
vt 0.715475 0.984460 0.000000
vt 0.486705 0.000000 0.000000
vt 0.651437 0.950850 0.000000
vt 0.581217 0.933542 0.000000
vt 0.508895 0.933542 0.000000
vt 0.438674 0.950850 0.000000
vt 0.374636 0.984460 0.000000
vt 0.000000 0.000000 0.000000
vt 0.320502 1.032418 0.000000
vt 0.279419 1.091938 0.000000
vt 0.253773 1.159560 0.000000
vt -0.820450 -0.508559 0.000000
vt -0.000000 -0.580140 0.000000
vt 0.245056 1.231355 0.000000
vt 0.253773 1.303149 0.000000
vt 0.309854 2.843778 0.000000
vt 0.279419 1.370772 0.000000
vt 0.320502 1.430291 0.000000
vt 0.374636 1.478250 0.000000
vt 0.438674 1.511860 0.000000
vt 0.508895 1.529167 0.000000
vt 0.581217 1.529167 0.000000
vt 0.651437 1.511860 0.000000
vt 1.370168 2.000000 0.000000
vt 0.715475 1.478250 0.000000
vt 0.769609 1.430291 0.000000
vt 0.810692 1.370772 0.000000
vt 0.486705 -0.622603 0.000000
vt 1.030697 -0.670064 0.000000
vt 1.419445 1.000000 0.000000
vt 1.538040 2.000000 0.000000
vt 1.538040 2.972219 0.000000
vt 1.909110 3.999734 0.000000
vt 1.658739 2.993071 0.000000
vt 2.715877 3.498540 0.000000
vt 1.667127 2.064043 0.000000
vt 1.658739 2.028007 0.000000
vt 2.440155 1.000000 0.000000
vt -0.034405 0.757226 0.000000
vt 2.440155 0.500000 0.000000
vt -0.008726 0.680412 0.000000
vt 0.000000 0.600000 0.000000
vt -0.427457 1.000000 0.000000
vt -0.346422 0.992747 0.000000
vt -0.268055 0.971148 0.000000
vt -0.194919 0.935634 0.000000
vt -0.129888 0.887164 0.000000
vt -0.075469 0.826958 0.000000
vt 0.000000 0.500000 0.000000
vt 2.287430 1.825775 0.000000
vt 2.235993 1.341796 0.000000
vt 2.475684 1.765639 0.000000
vt 1.535168 0.550000 0.000000
vt 0.767584 0.550000 0.000000
vt 1.535168 0.000000 0.000000
vt 0.000000 0.000000 0.000000
vt 0.000000 0.550000 0.000000
vt 0.915722 0.550000 0.000000
vt 0.000000 0.550000 0.000000
vt 0.915722 0.000000 0.000000
vt -0.000000 0.000000 0.000000
vt 1.316533 0.550000 0.000000
vt 0.658266 0.550000 0.000000
vt 1.316533 0.000000 0.000000
vt 0.000000 0.000000 0.000000
vt 0.000000 0.550000 0.000000
vt 1.186447 0.550000 0.000000
vt 0.593224 0.550000 0.000000
vt 1.186447 0.000000 0.000000
vt 0.000000 0.000000 0.000000
vt 0.000000 0.550000 0.000000
vt 0.817682 0.550000 0.000000
vt 0.408841 0.550000 0.000000
vt 0.817682 0.000000 0.000000
vt 0.000000 0.000000 0.000000
vt 0.000000 0.550000 0.000000
vt 1.437509 0.550000 0.000000
vt 0.000000 0.550000 0.000000
vt 1.437509 0.000000 0.000000
vt 0.000000 0.000000 0.000000
vt 1.391258 0.550000 0.000000
vt 0.000000 0.550000 0.000000
vt 1.391258 0.000000 0.000000
vt 0.000000 0.000000 0.000000
vt 0.962962 0.550000 0.000000
vt -0.000000 0.550000 0.000000
vt 0.962962 0.000000 0.000000
vt 0.000000 0.000000 0.000000
vt 1.319014 0.550000 0.000000
vt 0.000000 0.550000 0.000000
vt 1.319014 0.000000 0.000000
vt 0.000000 0.000000 0.000000
vt 1.249354 0.550000 0.000000
vt 0.000000 0.550000 0.000000
vt 1.249354 0.000000 0.000000
vt 0.000000 0.000000 0.000000
vt 0.775533 0.550000 0.000000
vt 0.387766 0.550000 0.000000
vt 0.775533 0.000000 0.000000
vt 0.000000 0.000000 0.000000
vt 0.000000 0.550000 0.000000
vt 1.386526 0.535123 0.000000
vt 2.127049 0.765508 0.000000
vt 1.015385 1.728077 0.000000
vt 1.671002 2.231373 0.000000
vt -0.299773 2.475684 0.000000
vt -0.283486 1.498440 0.000000
vt -0.869832 1.759039 0.000000
vt -0.739533 0.650315 0.000000
vt -1.816244 1.876362 0.000000
vt -3.055430 1.561925 0.000000
vt -1.765639 -2.475684 0.000000
vt -0.591700 -1.811801 0.000000
vt -0.095739 -0.583025 0.000000
vt 2.224773 -0.912094 0.000000
vt 1.276877 -0.155989 0.000000
vt 1.899025 0.374610 0.000000
vt 3.055430 0.109311 0.000000
vn -0.030750 -0.046656 0.082931
vn -0.036030 -0.043784 0.082370
vn -0.030383 -0.046827 0.082970
vn -0.041024 -0.040241 0.081839
vn -0.041717 -0.039674 0.081766
vn -0.047701 -0.033802 0.081130
vn -0.049763 -0.031258 0.080911
vn -0.053719 -0.025211 0.080490
vn -0.056079 -0.020415 0.080239
vn -0.059010 -0.011373 0.079928
vn -0.059596 -0.008357 0.079866
vn -0.060104 0.004199 0.079812
vn -0.059524 0.008785 0.079873
vn -0.057573 0.016505 0.080081
vn -0.050996 0.029565 0.080780
vn -0.052155 0.027828 0.080656
vn -0.044171 0.037495 0.081505
vn -0.035876 0.043879 0.082387
vn -0.034097 0.044930 0.082576
vn -0.021591 0.049938 0.083905
vn -0.022532 0.049690 0.083805
vn -0.010953 0.051469 0.085035
vn -0.010165 0.051492 0.085119
vn 0.002267 0.050229 0.086440
vn 0.005234 0.049458 0.086756
vn 0.014026 0.045975 0.087690
vn 0.016384 0.044699 0.087941
vn 0.024410 0.038985 0.088794
vn 0.044821 0.089266 0.004764
vn 0.064983 0.075693 0.006906
vn 0.056488 0.082298 0.006004
vn 0.070103 0.070923 0.007451
vn 0.074432 0.066312 0.007911
vn 0.084448 0.052802 0.008975
vn 0.088050 0.046472 0.009358
vn 0.094262 0.031849 0.010018
vn 0.096550 0.023932 0.010261
vn 0.099019 0.009187 0.010524
vn 0.099440 0.000000 0.010568
vn 0.098465 -0.013967 0.010465
vn 0.096550 -0.023932 0.010261
vn 0.092629 -0.036373 0.009845
vn 0.088050 -0.046472 0.009358
vn 0.081824 -0.056827 0.008696
vn 0.074432 -0.066312 0.007911
vn 0.066629 -0.074232 0.007081
vn 0.056488 -0.082298 0.006004
vn 0.047860 -0.087656 0.005087
vn 0.035262 -0.093502 0.003748
vn 0.026524 -0.096377 0.002819
vn 0.011986 -0.099271 0.001274
vn 0.003765 -0.099928 0.000400
vn -0.011986 -0.099271 -0.001274
vn -0.019196 -0.098119 -0.002040
vn -0.035262 -0.093502 -0.003748
vn -0.030510 -0.095177 -0.003243
vn -0.041402 -0.090920 -0.004400
vn -0.056488 -0.082298 -0.006004
vn -0.062064 -0.078131 -0.006596
vn -0.074432 -0.066312 -0.007911
vn -0.079032 -0.060691 -0.008399
vn -0.088050 -0.046472 -0.009358
vn -0.091294 -0.039638 -0.009703
vn -0.096550 -0.023932 -0.010261
vn -0.098122 -0.016226 -0.010428
vn -0.099440 0.000000 -0.010568
vn -0.099109 0.008153 -0.010533
vn -0.096550 0.023932 -0.010261
vn -0.094196 0.032046 -0.010011
vn -0.088050 0.046472 -0.009358
vn -0.083675 0.054031 -0.008893
vn -0.074432 0.066312 -0.007911
vn -0.068173 0.072800 -0.007245
vn -0.056488 0.082298 -0.006004
vn -0.048613 0.087236 -0.005167
vn -0.035262 0.093502 -0.003748
vn -0.026159 0.096478 -0.002780
vn -0.011986 0.099271 -0.001274
vn -0.002148 0.099977 -0.000228
vn 0.011986 0.099271 0.001274
vn 0.021991 0.097524 0.002337
vn 0.035262 0.093502 0.003748
vn -0.090934 0.000000 -0.041605
vn -0.090934 0.000000 -0.041605
vn -0.090934 0.000000 -0.041605
vn -0.090934 0.000000 -0.041605
vn -0.090934 0.000000 -0.041605
vn -0.090934 0.000000 -0.041605
vn -0.090934 0.000000 -0.041605
vn -0.090934 0.000000 -0.041605
vn -0.090934 0.000000 -0.041605
vn -0.090934 0.000000 -0.041605
vn -0.090934 0.000000 -0.041605
vn -0.090934 0.000000 -0.041605
vn -0.090934 0.000000 -0.041605
vn -0.090934 0.000000 -0.041605
vn -0.090934 0.000000 -0.041605
vn -0.090934 0.000000 -0.041605
vn -0.090934 0.000000 -0.041605
vn -0.090934 0.000000 -0.041605
vn -0.090934 0.000000 -0.041605
vn -0.090934 0.000000 -0.041605
vn -0.090934 0.000000 -0.041605
vn -0.090934 0.000000 -0.041605
vn -0.090934 0.000000 -0.041605
vn -0.090934 0.000000 -0.041605
vn 0.096851 -0.022671 0.010293
vn 0.096851 -0.022671 0.010293
vn 0.096851 -0.022671 0.010293
vn 0.080275 -0.059019 0.008532
vn 0.080275 -0.059019 0.008532
vn 0.080275 -0.059019 0.008532
vn 0.080275 -0.059019 0.008532
vn 0.080275 -0.059019 0.008532
vn 0.080275 -0.059019 0.008532
vn 0.010568 0.000000 -0.099440
vn 0.010568 0.000000 -0.099440
vn 0.010568 0.000000 -0.099440
vn 0.010568 0.000000 -0.099440
vn 0.010568 0.000000 -0.099440
vn 0.010568 0.000000 -0.099440
vn 0.010568 0.000000 -0.099440
vn 0.010568 0.000000 -0.099440
vn 0.010568 0.000000 -0.099440
vn 0.010568 0.000000 -0.099440
vn 0.010568 0.000000 -0.099440
vn 0.010568 0.000000 -0.099440
vn 0.010568 0.000000 -0.099440
vn 0.010568 0.000000 -0.099440
vn 0.010568 0.000000 -0.099440
vn 0.010568 0.000000 -0.099440
vn 0.010568 0.000000 -0.099440
vn 0.010568 0.000000 -0.099440
vn 0.010568 0.000000 -0.099440
vn 0.010568 0.000000 -0.099440
vn 0.010568 0.000000 -0.099440
vn 0.010568 0.000000 -0.099440
vn 0.010568 0.000000 -0.099440
vn 0.010568 0.000000 -0.099440
vn 0.010568 0.000000 -0.099440
vn 0.010568 0.000000 -0.099440
vn 0.010568 0.000000 -0.099440
vn 0.010568 0.000000 -0.099440
vn 0.010568 0.000000 -0.099440
vn 0.010568 0.000000 -0.099440
vn 0.010568 0.000000 -0.099440
vn 0.010568 0.000000 -0.099440
vn 0.010568 0.000000 -0.099440
vn 0.010568 0.000000 -0.099440
vn 0.010568 0.000000 -0.099440
vn 0.010568 0.000000 -0.099440
vn 0.010568 0.000000 -0.099440
vn 0.010568 0.000000 -0.099440
vn 0.010568 0.000000 -0.099440
vn 0.010568 0.000000 -0.099440
vn 0.010568 0.000000 -0.099440
vn 0.010568 0.000000 -0.099440
vn 0.010568 0.000000 -0.099440
vn 0.010568 0.000000 -0.099440
vn 0.010568 0.000000 -0.099440
vn 0.010568 0.000000 -0.099440
vn 0.010568 0.000000 -0.099440
vn 0.010568 0.000000 -0.099440
vn -0.008643 -0.099622 -0.000919
vn -0.008643 -0.099622 -0.000919
vn -0.008643 -0.099622 -0.000919
vn -0.008643 -0.099622 -0.000919
vn 0.052474 0.084943 0.005577
vn 0.052474 0.084943 0.005577
vn 0.052474 0.084943 0.005577
vn 0.052474 0.084943 0.005577
vn -0.058252 0.081045 -0.006191
vn -0.058252 0.081045 -0.006191
vn -0.058252 0.081045 -0.006191
vn -0.058252 0.081045 -0.006191
vn -0.094228 0.031950 -0.010015
vn -0.094228 0.031950 -0.010015
vn -0.094228 0.031950 -0.010015
vn -0.094228 0.031950 -0.010015
vn -0.094228 0.031950 -0.010015
vn -0.094228 0.031950 -0.010015
vn -0.094228 0.031950 -0.010015
vn -0.094228 0.031950 -0.010015
vn -0.094228 0.031950 -0.010015
vn -0.094228 0.031950 -0.010015
vn -0.094228 0.031950 -0.010015
vn -0.094228 0.031950 -0.010015
vn -0.094228 0.031950 -0.010015
vn -0.094228 0.031950 -0.010015
vn -0.008643 -0.099622 -0.000919
vn -0.008643 -0.099622 -0.000919
vn -0.008643 -0.099622 -0.000919
vn -0.008643 -0.099622 -0.000919
vn 0.096851 -0.022671 0.010293
vn 0.096851 -0.022671 0.010293
vn 0.096851 -0.022671 0.010293
vn 0.096851 -0.022671 0.010293
vn 0.010568 0.000000 -0.099440
vn 0.010568 0.000000 -0.099440
vn 0.010568 0.000000 -0.099440
vn 0.010568 0.000000 -0.099440
vn 0.010568 0.000000 -0.099440
vn 0.010568 0.000000 -0.099440
vn 0.000000 -0.100000 0.000000
vn 0.000000 -0.100000 0.000000
vn 0.000000 -0.100000 0.000000
vn 0.000000 -0.100000 0.000000
vn 0.000000 -0.100000 0.000000
vn 0.000000 -0.100000 0.000000
vn 0.000000 -0.100000 0.000000
vn 0.000000 -0.100000 0.000000
vn 0.000000 -0.100000 0.000000
vn 0.000000 -0.100000 0.000000
vn 0.000000 -0.100000 0.000000
vn 0.000000 -0.100000 0.000000
vn 0.000000 -0.100000 0.000000
vn 0.097989 -0.000000 0.019953
vn 0.097989 -0.000000 0.019953
vn 0.097989 -0.000000 0.019953
vn 0.097989 -0.000000 0.019953
vn 0.000000 -0.100000 0.000000
vn 0.000000 -0.100000 0.000000
vn 0.000000 -0.100000 0.000000
vn 0.000000 -0.100000 0.000000
vn 0.000000 -0.100000 0.000000
vn 0.000000 -0.100000 0.000000
vn 0.000000 -0.100000 0.000000
vn 0.000000 -0.100000 0.000000
vn 0.000000 -0.100000 0.000000
vn 0.000000 -0.100000 0.000000
vn 0.000000 -0.100000 0.000000
vn 0.000000 -0.100000 0.000000
vn 0.000000 -0.100000 0.000000
vn 0.095258 -0.000000 0.030430
vn 0.095258 -0.000000 0.030430
vn 0.095258 -0.000000 0.030430
vn 0.095258 -0.000000 0.030430
vn 0.095258 -0.000000 0.030430
vn 0.095258 -0.000000 0.030430
vn 0.095258 -0.000000 0.030430
vn 0.095258 -0.000000 0.030430
vn -0.056265 0.080321 -0.019563
vn -0.059042 0.078055 -0.020529
vn -0.065656 0.071890 -0.022828
vn -0.071903 0.064846 -0.025000
vn -0.073991 0.062156 -0.025726
vn -0.082906 0.047914 -0.028826
vn -0.083482 0.046779 -0.029026
vn -0.087146 0.038568 -0.030300
vn -0.091607 0.024366 -0.031851
vn -0.090862 0.027312 -0.031592
vn -0.093491 0.014243 -0.032506
vn -0.094454 -0.000000 -0.032841
vn -0.094454 0.000000 -0.032841
vn -0.091607 0.024366 -0.031851
vn -0.091607 0.024366 -0.031851
vn -0.083482 0.046779 -0.029026
vn -0.083482 0.046779 -0.029026
vn -0.071903 0.064846 -0.025000
vn -0.071903 0.064846 -0.025000
vn -0.059042 0.078055 -0.020529
vn -0.059042 0.078055 -0.020529
vn -0.050261 0.084667 -0.017475
vn -0.050261 0.084667 -0.017475
vn -0.041819 0.089665 -0.014540
vn -0.041819 0.089665 -0.014540
vn -0.033817 0.093371 -0.011758
vn -0.033817 0.093371 -0.011758
vn -0.026275 0.096053 -0.009136
vn -0.026275 0.096053 -0.009136
vn -0.019168 0.097919 -0.006665
vn -0.019168 0.097919 -0.006665
vn -0.012452 0.099127 -0.004330
vn -0.012452 0.099127 -0.004330
vn -0.006079 0.099793 -0.002114
vn -0.006079 0.099793 -0.002114
vn 0.000000 0.100000 0.000000
vn -0.000133 0.100000 -0.000046
vn 0.000000 0.100000 0.000000
vn -0.050261 0.084667 -0.017475
vn -0.047163 0.086642 -0.016398
vn -0.041819 0.089665 -0.014540
vn -0.038454 0.091337 -0.013370
vn -0.033817 0.093371 -0.011758
vn -0.030153 0.094767 -0.010484
vn -0.026275 0.096053 -0.009136
vn -0.022275 0.097180 -0.007745
vn -0.019168 0.097919 -0.006665
vn -0.014706 0.098781 -0.005113
vn -0.012452 0.099127 -0.004330
vn -0.007323 0.099699 -0.002546
vn -0.006079 0.099793 -0.002114
vn 0.000000 0.100000 0.000000
vn -0.010160 0.099420 -0.003532
vn -0.006079 0.099793 -0.002114
vn -0.006079 0.099793 -0.002114
vn -0.006079 0.099793 -0.002114
vn -0.012452 0.099127 -0.004330
vn -0.012452 0.099127 -0.004330
vn -0.019168 0.097919 -0.006665
vn -0.019168 0.097919 -0.006665
vn -0.026275 0.096053 -0.009136
vn -0.026275 0.096053 -0.009136
vn -0.033817 0.093371 -0.011758
vn -0.033817 0.093371 -0.011758
vn -0.041819 0.089665 -0.014540
vn -0.041819 0.089665 -0.014540
vn -0.050261 0.084667 -0.017475
vn -0.050261 0.084667 -0.017475
vn -0.059042 0.078055 -0.020529
vn -0.059042 0.078055 -0.020529
vn -0.071903 0.064846 -0.025000
vn -0.071903 0.064846 -0.025000
vn -0.083482 0.046779 -0.029026
vn -0.083482 0.046779 -0.029026
vn -0.091607 0.024366 -0.031851
vn -0.091607 0.024366 -0.031851
vn -0.094454 -0.000000 -0.032841
vn -0.091607 0.024366 -0.031851
vn -0.091607 0.024366 -0.031851
vn -0.083482 0.046779 -0.029026
vn -0.083482 0.046779 -0.029026
vn -0.071903 0.064846 -0.025000
vn -0.071903 0.064846 -0.025000
vn -0.059042 0.078055 -0.020529
vn -0.059042 0.078055 -0.020529
vn -0.050261 0.084667 -0.017475
vn -0.020639 0.097583 -0.007176
vn -0.019168 0.097919 -0.006665
vn -0.012452 0.099127 -0.004330
vn -0.032125 0.094039 -0.011170
vn -0.026275 0.096053 -0.009136
vn -0.026275 0.096053 -0.009136
vn -0.019168 0.097919 -0.006665
vn -0.045204 0.087804 -0.015717
vn -0.041819 0.089665 -0.014540
vn -0.033817 0.093371 -0.011758
vn -0.033817 0.093371 -0.011758
vn -0.041819 0.089665 -0.014540
vn -0.050261 0.084667 -0.017475
vn -0.052324 0.083254 -0.018193
vn -0.059042 0.078055 -0.020529
vn -0.059644 0.077540 -0.020738
vn -0.067075 0.070406 -0.023322
vn -0.074496 0.061477 -0.025902
vn -0.071903 0.064846 -0.025000
vn -0.071903 0.064846 -0.025000
vn -0.059042 0.078055 -0.020529
vn -0.083482 0.046779 -0.029026
vn -0.081769 0.050055 -0.028430
vn -0.088220 0.035727 -0.030673
vn -0.092779 0.018747 -0.032259
vn -0.091607 0.024366 -0.031851
vn -0.091607 0.024366 -0.031851
vn -0.083482 0.046779 -0.029026
vn -0.091607 0.024366 -0.031851
vn -0.091607 0.024366 -0.031851
vn -0.091607 0.024366 -0.031851
vn -0.083482 0.046779 -0.029026
vn -0.006079 0.099793 -0.002114
vn -0.006079 0.099793 -0.002114
vn -0.012452 0.099127 -0.004330
vn -0.012452 0.099127 -0.004330
vn -0.019168 0.097919 -0.006665
vn -0.019168 0.097919 -0.006665
vn -0.026275 0.096053 -0.009136
vn -0.026275 0.096053 -0.009136
vn -0.033817 0.093371 -0.011758
vn -0.033817 0.093371 -0.011758
vn -0.041819 0.089665 -0.014540
vn -0.041819 0.089665 -0.014540
vn -0.050261 0.084667 -0.017475
vn -0.050261 0.084667 -0.017475
vn -0.059042 0.078055 -0.020529
vn -0.059042 0.078055 -0.020529
vn -0.071903 0.064846 -0.025000
vn -0.071903 0.064846 -0.025000
vn -0.083482 0.046779 -0.029026
vn -0.006079 0.099793 -0.002114
vn -0.012452 0.099127 -0.004330
vn -0.019168 0.097919 -0.006665
vn -0.026275 0.096053 -0.009136
vn -0.033817 0.093371 -0.011758
vn -0.041819 0.089665 -0.014540
vn -0.050261 0.084667 -0.017475
vn -0.059042 0.078055 -0.020529
vn -0.006079 0.099793 -0.002114
vn -0.012452 0.099127 -0.004330
vn -0.019168 0.097919 -0.006665
vn -0.026275 0.096053 -0.009136
vn -0.033817 0.093371 -0.011758
vn -0.041819 0.089665 -0.014540
vn -0.071903 0.064846 -0.025000
vn -0.050261 0.084667 -0.017475
vn -0.012452 0.099127 -0.004330
vn -0.006079 0.099793 -0.002114
vn -0.019168 0.097919 -0.006665
vn -0.026275 0.096053 -0.009136
vn -0.033817 0.093371 -0.011758
vn -0.041819 0.089665 -0.014540
vn -0.050261 0.084667 -0.017475
vn -0.083482 0.046779 -0.029026
vn -0.049226 0.000000 0.087045
vn -0.049226 0.000000 0.087045
vn -0.049226 0.000000 0.087045
vn -0.049226 0.000000 0.087045
vn -0.049226 0.000000 0.087045
vn -0.049226 0.000000 0.087045
vn -0.096147 0.000000 0.027490
vn -0.096147 0.000000 0.027490
vn -0.096147 0.000000 0.027490
vn -0.096147 0.000000 0.027490
vn -0.096147 0.000000 0.027490
vn -0.096147 0.000000 0.027490
vn -0.096147 0.000000 0.027490
vn -0.096147 0.000000 0.027490
vn -0.096147 0.000000 0.027490
vn -0.096147 0.000000 0.027490
vn -0.096147 0.000000 0.027490
vn -0.096147 0.000000 0.027490
vn -0.096147 0.000000 0.027490
vn -0.096147 0.000000 0.027490
vn -0.096147 0.000000 0.027490
vn -0.096147 0.000000 0.027490
vn -0.096147 0.000000 0.027490
vn -0.096147 0.000000 0.027490
vn -0.096147 0.000000 0.027490
vn -0.096147 0.000000 0.027490
vn -0.096147 0.000000 0.027490
vn -0.096147 0.000000 0.027490
vn 0.000000 0.100000 0.000000
vn 0.000000 0.100000 0.000000
vn 0.000000 0.100000 0.000000
vn 0.000000 0.100000 0.000000
vn 0.000000 0.100000 0.000000
vn 0.000000 0.100000 0.000000
vn 0.000000 0.100000 0.000000
vn 0.000000 0.100000 0.000000
vn 0.000000 0.100000 0.000000
vn 0.000000 0.100000 0.000000
vn 0.000000 0.100000 0.000000
vn 0.000000 0.100000 0.000000
vn -0.030430 0.000000 0.095258
vn -0.030430 0.000000 0.095258
vn -0.030430 0.000000 0.095258
vn -0.030430 0.000000 0.095258
vn -0.030430 0.000000 0.095258
vn -0.030430 0.000000 0.095258
vn -0.030430 0.000000 0.095258
vn -0.029922 0.018196 0.093667
vn -0.030359 0.006785 0.095038
vn -0.029440 0.025295 0.092160
vn -0.028293 0.036809 0.088570
vn -0.027481 0.042944 0.086027
vn -0.027030 0.045929 0.084616
vn -0.025469 0.054721 0.079730
vn -0.027030 0.045929 0.084616
vn -0.025469 0.054721 0.079730
vn -0.027030 0.045929 0.084616
vn -0.025469 0.054721 0.079730
vn -0.027030 0.045929 0.084616
vn -0.025469 0.054721 0.079730
vn -0.027030 0.045929 0.084616
vn -0.025469 0.054721 0.079730
vn -0.027030 0.045929 0.084616
vn -0.025469 0.054721 0.079730
vn -0.027030 0.045929 0.084616
vn -0.025469 0.054721 0.079730
vn -0.027030 0.045929 0.084616
vn -0.025469 0.054721 0.079730
vn -0.027030 0.045929 0.084616
vn -0.025469 0.054721 0.079730
vn -0.027030 0.045929 0.084616
vn -0.025469 0.054721 0.079730
vn -0.027030 0.045929 0.084616
vn -0.025469 0.054721 0.079730
vn -0.027030 0.045929 0.084616
vn -0.025469 0.054721 0.079730
vn -0.025161 0.056241 0.078765
vn -0.023624 0.063030 0.073954
vn -0.021328 0.071325 0.066767
vn -0.021517 0.070711 0.067357
vn -0.019180 0.077635 0.060041
vn -0.019180 0.077635 0.060041
vn -0.016651 0.083700 0.052126
vn -0.016651 0.083700 0.052126
vn -0.013976 0.088828 0.043751
vn -0.013976 0.088828 0.043751
vn -0.011201 0.092979 0.035064
vn -0.011201 0.092979 0.035064
vn -0.005537 0.098331 0.017333
vn -0.005537 0.098331 0.017333
vn -0.000065 0.100000 0.000203
vn -0.005537 0.098331 0.017333
vn -0.005537 0.098331 0.017333
vn -0.011201 0.092979 0.035064
vn -0.011201 0.092979 0.035064
vn -0.013976 0.088828 0.043751
vn -0.013976 0.088828 0.043751
vn -0.016651 0.083700 0.052126
vn -0.016651 0.083700 0.052126
vn -0.019180 0.077635 0.060041
vn -0.019180 0.077635 0.060041
vn -0.021517 0.070711 0.067357
vn -0.021517 0.070711 0.067357
vn -0.023624 0.063030 0.073954
vn -0.023624 0.063030 0.073954
vn -0.024561 0.059036 0.076887
vn -0.023624 0.063030 0.073954
vn -0.023624 0.063030 0.073954
vn -0.023624 0.063030 0.073954
vn -0.023624 0.063030 0.073954
vn -0.020776 0.073065 0.065037
vn -0.021517 0.070711 0.067357
vn -0.021517 0.070711 0.067357
vn -0.021517 0.070711 0.067357
vn -0.021517 0.070711 0.067357
vn -0.019180 0.077635 0.060041
vn -0.016269 0.084507 0.050930
vn -0.016651 0.083700 0.052126
vn -0.013976 0.088828 0.043751
vn -0.016651 0.083700 0.052126
vn -0.013976 0.088828 0.043751
vn -0.016651 0.083700 0.052126
vn -0.013976 0.088828 0.043751
vn -0.016651 0.083700 0.052126
vn -0.013976 0.088828 0.043751
vn -0.011192 0.092990 0.035037
vn -0.011201 0.092979 0.035064
vn -0.011201 0.092979 0.035064
vn -0.011201 0.092979 0.035064
vn -0.011201 0.092979 0.035064
vn -0.005537 0.098331 0.017333
vn -0.005731 0.098210 0.017942
vn -0.000070 0.100000 0.000219
vn 0.000000 0.100000 0.000000
vn 0.000000 0.100000 -0.000000
vn 0.000000 0.100000 -0.000000
vn -0.005537 0.098331 0.017333
vn -0.005537 0.098331 0.017333
vn -0.005883 0.098113 0.018417
vn -0.005537 0.098331 0.017333
vn -0.005537 0.098331 0.017333
vn -0.005537 0.098331 0.017333
vn -0.011201 0.092979 0.035064
vn -0.011496 0.092589 0.035988
vn -0.011201 0.092979 0.035064
vn -0.011201 0.092979 0.035064
vn -0.016713 0.083566 0.052321
vn -0.013976 0.088828 0.043751
vn -0.013976 0.088828 0.043751
vn -0.016651 0.083700 0.052126
vn -0.028036 0.038872 0.087766
vn -0.028293 0.036809 0.088570
vn -0.028293 0.036809 0.088570
vn -0.028293 0.036809 0.088570
vn -0.028293 0.036809 0.088570
vn -0.028293 0.036809 0.088570
vn -0.028293 0.036809 0.088570
vn -0.028293 0.036809 0.088570
vn -0.028293 0.036809 0.088570
vn -0.028293 0.036809 0.088570
vn -0.028293 0.036809 0.088570
vn -0.028293 0.036809 0.088570
vn -0.029075 0.029506 0.091017
vn -0.029824 0.019856 0.093361
vn -0.029922 0.018196 0.093667
vn -0.029922 0.018196 0.093667
vn -0.030277 0.009996 0.094781
vn -0.029922 0.018196 0.093667
vn -0.029922 0.018196 0.093667
vn -0.029922 0.018196 0.093667
vn -0.029922 0.018196 0.093667
vn -0.005537 0.098331 0.017333
vn -0.029922 0.018196 0.093667
vn -0.029922 0.018196 0.093667
vn -0.029922 0.018196 0.093667
vn -0.019180 0.077635 0.060041
vn -0.019180 0.077635 0.060041
vn -0.019180 0.077635 0.060041
vn -0.029922 0.018196 0.093667
vn -0.023624 0.063030 0.073954
vn -0.023624 0.063030 0.073954
vn -0.023624 0.063030 0.073954
vn -0.023624 0.063030 0.073954
vn -0.023624 0.063030 0.073954
vn -0.021517 0.070711 0.067357
vn -0.021517 0.070711 0.067357
vn -0.021517 0.070711 0.067357
vn -0.021517 0.070711 0.067357
vn -0.021517 0.070711 0.067357
vn -0.019180 0.077635 0.060041
vn -0.016651 0.083700 0.052126
vn -0.013976 0.088828 0.043751
vn -0.011201 0.092979 0.035064
vn -0.013976 0.088828 0.043751
vn -0.016651 0.083700 0.052126
vn -0.019180 0.077635 0.060041
vn -0.029922 0.018196 0.093667
vn -0.016651 0.083700 0.052126
vn -0.019180 0.077635 0.060041
vn -0.019180 0.077635 0.060041
vn -0.049112 0.006785 0.086844
vn -0.048470 0.017456 0.085709
vn -0.047625 0.025295 0.084214
vn -0.047848 0.023489 0.084610
vn -0.047245 0.028079 0.083543
vn -0.045052 0.040294 0.079666
vn -0.045438 0.038465 0.080348
vn -0.043054 0.048478 0.076133
vn -0.040114 0.057960 0.070933
vn -0.040670 0.056337 0.071917
vn -0.044455 0.042944 0.078610
vn -0.036677 0.066699 0.064855
vn -0.039732 0.059036 0.070258
vn -0.034808 0.070711 0.061550
vn -0.032778 0.074607 0.057960
vn -0.031027 0.077635 0.054864
vn -0.028473 0.081574 0.050348
vn -0.026937 0.083700 0.047632
vn -0.026937 0.083700 0.047632
vn -0.022609 0.088828 0.039979
vn -0.024141 0.087149 0.042688
vn -0.022609 0.088828 0.039979
vn -0.019791 0.091562 0.034996
vn -0.018120 0.092979 0.032041
vn -0.018120 0.092979 0.032041
vn -0.008957 0.098331 0.015839
vn -0.008957 0.098331 0.015839
vn 0.000000 0.100000 -0.000000
vn -0.008957 0.098331 0.015839
vn -0.005429 0.099390 0.009600
vn -0.011006 0.097469 0.019461
vn -0.018120 0.092979 0.032041
vn -0.008957 0.098331 0.015839
vn -0.018120 0.092979 0.032041
vn -0.022609 0.088828 0.039979
vn -0.026319 0.084507 0.046539
vn -0.033609 0.073065 0.059430
vn -0.008957 0.098331 0.015839
vn -0.000113 0.100000 0.000200
vn -0.008957 0.098331 0.015839
vn -0.009272 0.098210 0.016395
vn -0.018106 0.092990 0.032016
vn -0.018120 0.092979 0.032041
vn -0.002294 0.099326 0.011365
vn -0.005451 0.097272 0.022550
vn -0.010671 0.099073 0.008411
vn -0.020845 0.097115 0.011579
vn -0.018957 0.098035 0.005456
vn -0.027517 0.096110 0.002363
vn -0.017690 0.098260 -0.005651
vn -0.034461 0.093227 -0.011008
vn -0.036004 0.093288 0.001065
vn -0.010888 0.099333 -0.003786
vn -0.022230 0.097191 -0.007729
vn -0.018204 0.098125 -0.006329
vn -0.072500 0.000000 -0.068875
vn -0.070315 0.024366 -0.066799
vn -0.072500 0.000000 -0.068875
vn -0.070315 0.024366 -0.066799
vn -0.070315 0.024366 -0.066799
vn -0.064079 0.046779 -0.060874
vn -0.064079 0.046779 -0.060874
vn -0.055190 0.064846 -0.052431
vn -0.055190 0.064846 -0.052431
vn -0.045319 0.078055 -0.043053
vn -0.045319 0.078055 -0.043053
vn -0.038579 0.084667 -0.036650
vn -0.038579 0.084667 -0.036650
vn -0.032099 0.089665 -0.030494
vn -0.032099 0.089665 -0.030494
vn -0.025957 0.093371 -0.024659
vn -0.025957 0.093371 -0.024659
vn -0.020168 0.096053 -0.019159
vn -0.020168 0.096053 -0.019159
vn -0.014713 0.097919 -0.013977
vn -0.014713 0.097919 -0.013977
vn -0.009558 0.099127 -0.009080
vn -0.009558 0.099127 -0.009080
vn -0.004666 0.099793 -0.004433
vn -0.004666 0.099793 -0.004433
vn 0.000000 0.100000 0.000000
vn -0.004666 0.099793 -0.004433
vn -0.004666 0.099793 -0.004433
vn -0.009558 0.099127 -0.009080
vn -0.009558 0.099127 -0.009080
vn -0.014713 0.097919 -0.013977
vn -0.015757 0.097609 -0.014970
vn -0.020168 0.096053 -0.019159
vn -0.024527 0.094104 -0.023300
vn -0.020168 0.096053 -0.019159
vn -0.025957 0.093371 -0.024659
vn -0.025957 0.093371 -0.024659
vn -0.032099 0.089665 -0.030494
vn -0.032099 0.089665 -0.030494
vn -0.034534 0.087926 -0.032808
vn -0.038579 0.084667 -0.036650
vn -0.040023 0.083381 -0.038022
vn -0.045319 0.078055 -0.043053
vn -0.045664 0.077672 -0.043381
vn -0.051387 0.070543 -0.048817
vn -0.072500 0.000000 -0.068875
vn -0.070315 0.024366 -0.066799
vn -0.070315 0.024366 -0.066799
vn -0.070315 0.024366 -0.066799
vn -0.064079 0.046779 -0.060874
vn -0.064079 0.046779 -0.060874
vn -0.055190 0.064846 -0.052431
vn -0.055190 0.064846 -0.052431
vn -0.045319 0.078055 -0.043053
vn -0.045319 0.078055 -0.043053
vn -0.038579 0.084667 -0.036650
vn -0.038579 0.084667 -0.036650
vn -0.032099 0.089665 -0.030494
vn -0.032099 0.089665 -0.030494
vn -0.025957 0.093371 -0.024659
vn -0.025957 0.093371 -0.024659
vn -0.020168 0.096053 -0.019159
vn -0.020168 0.096053 -0.019159
vn -0.014713 0.097919 -0.013977
vn -0.014713 0.097919 -0.013977
vn -0.009558 0.099127 -0.009080
vn -0.009558 0.099127 -0.009080
vn -0.004666 0.099793 -0.004433
vn -0.004666 0.099793 -0.004433
vn 0.000000 0.100000 0.000000
vn -0.004666 0.099793 -0.004433
vn -0.004666 0.099793 -0.004433
vn -0.009558 0.099127 -0.009080
vn -0.071215 0.018747 -0.067654
vn -0.067715 0.035727 -0.064329
vn -0.064079 0.046779 -0.060874
vn -0.062764 0.050055 -0.059625
vn -0.057181 0.061477 -0.054322
vn -0.055190 0.064846 -0.052431
vn -0.051485 0.070406 -0.048911
vn -0.045319 0.078055 -0.043053
vn -0.045781 0.077540 -0.043492
vn -0.040163 0.083254 -0.038154
vn -0.038579 0.084667 -0.036650
vn -0.034698 0.087804 -0.032963
vn -0.032099 0.089665 -0.030494
vn -0.024658 0.094039 -0.023425
vn -0.025957 0.093371 -0.024659
vn -0.020168 0.096053 -0.019159
vn -0.015842 0.097583 -0.015050
vn -0.014713 0.097919 -0.013977
vn -0.007798 0.099420 -0.007408
vn -0.009558 0.099127 -0.009080
vn -0.004666 0.099793 -0.004433
vn -0.000102 0.100000 -0.000097
vn -0.000101 0.100000 -0.000096
vn -0.004666 0.099793 -0.004433
vn -0.007755 0.099426 -0.007368
vn -0.055190 0.064846 -0.052431
vn -0.057084 0.061648 -0.054230
vn -0.062676 0.050265 -0.059542
vn -0.064079 0.046779 -0.060874
vn -0.067657 0.035934 -0.064274
vn -0.064079 0.046779 -0.060874
vn -0.070315 0.024366 -0.066799
vn -0.070315 0.024366 -0.066799
vn -0.071197 0.018875 -0.067637
vn -0.070315 0.024366 -0.066799
vn -0.064079 0.046779 -0.060874
vn -0.055190 0.064846 -0.052431
vn -0.045319 0.078055 -0.043053
vn -0.038579 0.084667 -0.036650
vn -0.032099 0.089665 -0.030494
vn -0.025957 0.093371 -0.024659
vn -0.020168 0.096053 -0.019159
vn -0.014713 0.097919 -0.013977
vn -0.009558 0.099127 -0.009080
vn -0.055190 0.064846 -0.052431
vn -0.045319 0.078055 -0.043053
vn -0.038579 0.084667 -0.036650
vn -0.032099 0.089665 -0.030494
vn -0.025957 0.093371 -0.024659
vn -0.014713 0.097919 -0.013977
vn -0.014713 0.097919 -0.013977
vn -0.020168 0.096053 -0.019159
vn -0.009558 0.099127 -0.009080
vn -0.064079 0.046779 -0.060874
vn -0.055190 0.064846 -0.052431
vn -0.045319 0.078055 -0.043053
vn -0.038579 0.084667 -0.036650
vn -0.032099 0.089665 -0.030494
vn -0.025957 0.093371 -0.024659
vn -0.020168 0.096053 -0.019159
vn -0.014713 0.097919 -0.013977
vn -0.098639 0.000000 -0.016440
vn -0.095666 0.024366 -0.015944
vn -0.098639 0.000000 -0.016440
vn -0.095666 0.024366 -0.015944
vn -0.095666 0.024366 -0.015944
vn -0.087182 0.046779 -0.014530
vn -0.087182 0.046779 -0.014530
vn -0.075089 0.064846 -0.012515
vn -0.075089 0.064846 -0.012515
vn -0.061659 0.078055 -0.010276
vn -0.061659 0.078055 -0.010276
vn -0.052488 0.084667 -0.008748
vn -0.052488 0.084667 -0.008748
vn -0.043672 0.089665 -0.007279
vn -0.043672 0.089665 -0.007279
vn -0.035315 0.093371 -0.005886
vn -0.035315 0.093371 -0.005886
vn -0.027439 0.096053 -0.004573
vn -0.027439 0.096053 -0.004573
vn -0.020017 0.097919 -0.003336
vn -0.020017 0.097919 -0.003336
vn -0.013004 0.099127 -0.002167
vn -0.013004 0.099127 -0.002167
vn -0.006348 0.099793 -0.001058
vn -0.006348 0.099793 -0.001058
vn -0.000000 0.100000 -0.000000
vn -0.006348 0.099793 -0.001058
vn -0.006348 0.099793 -0.001058
vn -0.013004 0.099127 -0.002167
vn -0.010632 0.099417 -0.001772
vn -0.021596 0.097574 -0.003599
vn -0.098639 0.000000 -0.016440
vn -0.095666 0.024366 -0.015944
vn -0.095666 0.024366 -0.015944
vn -0.095666 0.024366 -0.015944
vn -0.087182 0.046779 -0.014530
vn -0.087182 0.046779 -0.014530
vn -0.075089 0.064846 -0.012515
vn -0.075089 0.064846 -0.012515
vn -0.061659 0.078055 -0.010276
vn -0.061659 0.078055 -0.010276
vn -0.052488 0.084667 -0.008748
vn -0.052488 0.084667 -0.008748
vn -0.043672 0.089665 -0.007279
vn -0.043672 0.089665 -0.007279
vn -0.035315 0.093371 -0.005886
vn -0.035315 0.093371 -0.005886
vn -0.027439 0.096053 -0.004573
vn -0.027439 0.096053 -0.004573
vn -0.020017 0.097919 -0.003336
vn -0.020017 0.097919 -0.003336
vn -0.013004 0.099127 -0.002167
vn -0.013004 0.099127 -0.002167
vn -0.006348 0.099793 -0.001058
vn -0.006348 0.099793 -0.001058
vn 0.000000 0.100000 0.000000
vn -0.006348 0.099793 -0.001058
vn -0.006348 0.099793 -0.001058
vn -0.013004 0.099127 -0.002167
vn -0.095666 0.024366 -0.015944
vn -0.096866 0.018875 -0.016144
vn -0.092051 0.035934 -0.015342
vn -0.087182 0.046779 -0.014530
vn -0.085273 0.050265 -0.014212
vn -0.075089 0.064846 -0.012515
vn -0.077665 0.061648 -0.012944
vn -0.069914 0.070543 -0.011652
vn -0.061659 0.078055 -0.010276
vn -0.062128 0.077672 -0.010355
vn -0.054453 0.083381 -0.009076
vn -0.052488 0.084667 -0.008748
vn -0.046986 0.087926 -0.007831
vn -0.043672 0.089665 -0.007279
vn -0.033369 0.094104 -0.005562
vn -0.035315 0.093371 -0.005886
vn -0.027439 0.096053 -0.004573
vn -0.035315 0.093371 -0.005886
vn -0.027439 0.096053 -0.004573
vn -0.021439 0.097609 -0.003573
vn -0.020017 0.097919 -0.003336
vn -0.020017 0.097919 -0.003336
vn -0.013004 0.099127 -0.002167
vn -0.010551 0.099426 -0.001759
vn -0.006348 0.099793 -0.001058
vn -0.000137 0.100000 -0.000023
vn -0.000141 0.100000 -0.000023
vn -0.033614 0.094014 -0.005602
vn -0.027439 0.096053 -0.004573
vn -0.020017 0.097919 -0.003336
vn -0.013004 0.099127 -0.002167
vn -0.047288 0.087760 -0.007881
vn -0.043672 0.089665 -0.007279
vn -0.035315 0.093371 -0.005886
vn -0.027439 0.096053 -0.004573
vn -0.020017 0.097919 -0.003336
vn -0.054712 0.083207 -0.009119
vn -0.052488 0.084667 -0.008748
vn -0.043672 0.089665 -0.007279
vn -0.035315 0.093371 -0.005886
vn -0.062347 0.077491 -0.010391
vn -0.061659 0.078055 -0.010276
vn -0.052488 0.084667 -0.008748
vn -0.070099 0.070354 -0.011683
vn -0.061659 0.078055 -0.010276
vn -0.077848 0.061411 -0.012975
vn -0.075089 0.064846 -0.012515
vn -0.075089 0.064846 -0.012515
vn -0.085437 0.049977 -0.014240
vn -0.087182 0.046779 -0.014530
vn -0.092158 0.035651 -0.015360
vn -0.095666 0.024366 -0.015944
vn -0.096899 0.018701 -0.016150
vn -0.095666 0.024366 -0.015944
vn -0.087182 0.046779 -0.014530
vn -0.075089 0.064846 -0.012515
vn -0.061659 0.078055 -0.010276
vn -0.052488 0.084667 -0.008748
vn -0.043672 0.089665 -0.007279
vn -0.035315 0.093371 -0.005886
vn -0.027439 0.096053 -0.004573
vn -0.020017 0.097919 -0.003336
vn -0.013004 0.099127 -0.002167
vn -0.006348 0.099793 -0.001058
vn -0.013004 0.099127 -0.002167
vn -0.087182 0.046779 -0.014530
vn -0.075089 0.064846 -0.012515
vn -0.061659 0.078055 -0.010276
vn -0.052488 0.084667 -0.008748
vn -0.043672 0.089665 -0.007279
vn -0.087182 0.046779 -0.014530
vn -0.075089 0.064846 -0.012515
vn -0.061659 0.078055 -0.010276
vn -0.052488 0.084667 -0.008748
vn -0.043672 0.089665 -0.007279
vn -0.035315 0.093371 -0.005886
vn -0.027439 0.096053 -0.004573
vn -0.020017 0.097919 -0.003336
vn -0.098364 -0.000000 0.018014
vn -0.095399 0.024366 0.017471
vn -0.098364 0.000000 0.018014
vn -0.095399 0.024366 0.017471
vn -0.095399 0.024366 0.017471
vn -0.086938 0.046779 0.015922
vn -0.086938 0.046779 0.015922
vn -0.074879 0.064846 0.013713
vn -0.074879 0.064846 0.013713
vn -0.061487 0.078055 0.011261
vn -0.061487 0.078055 0.011261
vn -0.052342 0.084667 0.009586
vn -0.052342 0.084667 0.009586
vn -0.045314 0.088757 0.008299
vn -0.051936 0.084924 0.009511
vn -0.098364 0.000000 0.018014
vn -0.095399 0.024366 0.017471
vn -0.095399 0.024366 0.017471
vn -0.095399 0.024366 0.017471
vn -0.086938 0.046779 0.015922
vn -0.086938 0.046779 0.015922
vn -0.074879 0.064846 0.013713
vn -0.074879 0.064846 0.013713
vn -0.061487 0.078055 0.011261
vn -0.061487 0.078055 0.011261
vn -0.052342 0.084667 0.009586
vn -0.052342 0.084667 0.009586
vn -0.043550 0.089665 0.007976
vn -0.043550 0.089665 0.007976
vn -0.035217 0.093371 0.006450
vn -0.035217 0.093371 0.006450
vn -0.027362 0.096053 0.005011
vn -0.027362 0.096053 0.005011
vn -0.019961 0.097919 0.003656
vn -0.019961 0.097919 0.003656
vn -0.012968 0.099127 0.002375
vn -0.021032 0.097687 0.003852
vn -0.010302 0.099450 0.001887
vn -0.006331 0.099793 0.001159
vn -0.000135 0.100000 0.000025
vn -0.006331 0.099793 0.001159
vn -0.006331 0.099793 0.001159
vn -0.012968 0.099127 0.002375
vn -0.012968 0.099127 0.002375
vn -0.019961 0.097919 0.003656
vn -0.019961 0.097919 0.003656
vn -0.027362 0.096053 0.005011
vn -0.027362 0.096053 0.005011
vn -0.035217 0.093371 0.006450
vn -0.035217 0.093371 0.006450
vn -0.043550 0.089665 0.007976
vn -0.043550 0.089665 0.007976
vn -0.052342 0.084667 0.009586
vn -0.052342 0.084667 0.009586
vn -0.061487 0.078055 0.011261
vn -0.061487 0.078055 0.011261
vn -0.074879 0.064846 0.013713
vn -0.074879 0.064846 0.013713
vn -0.086938 0.046779 0.015922
vn -0.086938 0.046779 0.015922
vn -0.095399 0.024366 0.017471
vn -0.096629 0.018701 0.017696
vn -0.091901 0.035651 0.016830
vn -0.085199 0.049977 0.015603
vn -0.077631 0.061411 0.014217
vn -0.069903 0.070354 0.012802
vn -0.062173 0.077491 0.011386
vn -0.054559 0.083207 0.009992
vn -0.047156 0.087760 0.008636
vn -0.033520 0.094014 0.006139
vn -0.021536 0.097574 0.003944
vn -0.010602 0.099417 0.001942
vn -0.000140 0.100000 0.000026
vn 0.000000 0.100000 -0.000000
vn -0.032710 0.094309 0.005990
vn -0.027362 0.096053 0.005011
vn -0.038912 0.091843 0.007126
vn -0.035217 0.093371 0.006450
vn -0.035217 0.093371 0.006450
vn -0.043550 0.089665 0.007976
vn -0.043550 0.089665 0.007976
vn -0.058775 0.080185 0.010764
vn -0.061487 0.078055 0.011261
vn -0.065871 0.074267 0.012063
vn -0.074879 0.064846 0.013713
vn -0.073618 0.066323 0.013482
vn -0.074879 0.064846 0.013713
vn -0.081753 0.055608 0.014972
vn -0.086938 0.046779 0.015922
vn -0.086938 0.046779 0.015922
vn -0.095399 0.024366 0.017471
vn -0.095399 0.024366 0.017471
vn -0.097718 0.011443 0.017896
vn -0.089624 0.041208 0.016414
vn -0.095888 0.022298 0.017561
vn -0.095399 0.024366 0.017471
vn -0.086938 0.046779 0.015922
vn -0.074879 0.064846 0.013713
vn -0.061487 0.078055 0.011261
vn -0.052342 0.084667 0.009586
vn -0.043550 0.089665 0.007976
vn -0.086938 0.046779 0.015922
vn -0.074879 0.064846 0.013713
vn -0.061487 0.078055 0.011261
vn -0.052342 0.084667 0.009586
vn 0.000000 0.100000 0.000000
vn -0.001159 0.099793 -0.006331
vn -0.001159 0.099793 -0.006331
vn -0.000025 0.100000 -0.000135
vn -0.001159 0.099793 -0.006331
vn -0.001887 0.099450 -0.010302
vn -0.002375 0.099127 -0.012968
vn -0.003656 0.097919 -0.019961
vn -0.003656 0.097919 -0.019961
vn -0.005011 0.096053 -0.027362
vn -0.005011 0.096053 -0.027362
vn -0.006450 0.093371 -0.035217
vn -0.006450 0.093371 -0.035217
vn -0.007976 0.089665 -0.043550
vn -0.007976 0.089665 -0.043550
vn -0.009586 0.084667 -0.052342
vn -0.008977 0.086698 -0.049019
vn -0.010270 0.082157 -0.056078
vn -0.002094 0.099322 -0.011434
vn -0.002375 0.099127 -0.012968
vn -0.002375 0.099127 -0.012968
vn -0.002375 0.099127 -0.012968
vn -0.003656 0.097919 -0.019961
vn -0.003656 0.097919 -0.019961
vn -0.004241 0.097190 -0.023156
vn -0.005011 0.096053 -0.027362
vn -0.006520 0.093219 -0.035604
vn -0.006450 0.093371 -0.035217
vn -0.011261 0.078055 -0.061487
vn -0.011599 0.076512 -0.063336
vn -0.012953 0.069495 -0.070729
vn -0.013713 0.064846 -0.074879
vn -0.014338 0.060538 -0.078292
vn -0.015922 0.046779 -0.086938
vn -0.015687 0.049159 -0.085658
vn -0.016873 0.035026 -0.092133
vn -0.017471 0.024366 -0.095399
vn -0.017709 0.018319 -0.096700
vn -0.018014 -0.000000 -0.098364
vn -0.017471 0.024366 -0.095399
vn -0.018014 0.000000 -0.098364
vn -0.017471 0.024366 -0.095399
vn -0.017471 0.024366 -0.095399
vn -0.015922 0.046779 -0.086938
vn -0.015922 0.046779 -0.086938
vn -0.013713 0.064846 -0.074879
vn -0.013713 0.064846 -0.074879
vn -0.011261 0.078055 -0.061487
vn -0.011261 0.078055 -0.061487
vn -0.009586 0.084667 -0.052342
vn -0.009511 0.084924 -0.051936
vn -0.008299 0.088757 -0.045314
vn -0.018014 -0.000000 -0.098364
vn -0.017471 0.024366 -0.095399
vn -0.017471 0.024366 -0.095399
vn -0.017471 0.024366 -0.095399
vn -0.015922 0.046779 -0.086938
vn -0.017896 0.011443 -0.097718
vn -0.017561 0.022298 -0.095888
vn -0.016414 0.041208 -0.089624
vn -0.015922 0.046779 -0.086938
vn -0.014972 0.055608 -0.081753
vn -0.013713 0.064846 -0.074879
vn -0.013482 0.066323 -0.073618
vn -0.012063 0.074267 -0.065871
vn -0.010764 0.080185 -0.058775
vn -0.007126 0.091843 -0.038912
vn -0.007976 0.089665 -0.043550
vn -0.009586 0.084667 -0.052342
vn -0.006450 0.093371 -0.035217
vn -0.005990 0.094309 -0.032710
vn -0.006450 0.093371 -0.035217
vn -0.005011 0.096053 -0.027362
vn -0.006450 0.093371 -0.035217
vn -0.003852 0.097687 -0.021032
vn -0.003656 0.097919 -0.019961
vn -0.005011 0.096053 -0.027362
vn -0.009586 0.084667 -0.052342
vn -0.007976 0.089665 -0.043550
vn -0.009586 0.084667 -0.052342
vn -0.007976 0.089665 -0.043550
vn -0.009586 0.084667 -0.052342
vn -0.007976 0.089665 -0.043550
vn -0.009586 0.084667 -0.052342
vn -0.011261 0.078055 -0.061487
vn -0.011261 0.078055 -0.061487
vn -0.011261 0.078055 -0.061487
vn -0.011261 0.078055 -0.061487
vn -0.013713 0.064846 -0.074879
vn -0.015922 0.046779 -0.086938
vn -0.013713 0.064846 -0.074879
vn -0.013713 0.064846 -0.074879
vn -0.015922 0.046779 -0.086938
vn 0.098364 0.000000 -0.018014
vn 0.098364 0.000000 -0.018014
vn 0.098364 0.000000 -0.018014
vn 0.098364 0.000000 -0.018014
vn 0.098364 0.000000 -0.018014
vn 0.098364 0.000000 -0.018014
vn 0.098364 0.000000 -0.018014
vn 0.098364 0.000000 -0.018014
vn 0.098364 0.000000 -0.018014
vn 0.098364 0.000000 -0.018014
vn 0.098364 0.000000 -0.018014
vn 0.098364 0.000000 -0.018014
vn 0.098364 0.000000 -0.018014
vn 0.098364 0.000000 -0.018014
vn 0.098364 0.000000 -0.018014
vn 0.098364 0.000000 -0.018014
vn 0.000000 0.100000 0.000000
vn 0.000000 0.100000 0.000000
vn 0.000000 0.100000 0.000000
vn 0.047722 -0.000000 0.087878
vn 0.047722 -0.000000 0.087878
vn 0.047722 -0.000000 0.087878
vn 0.047722 -0.000000 0.087878
vn 0.047722 -0.000000 0.087878
vn 0.047722 -0.000000 0.087878
vn 0.047722 -0.000000 0.087878
vn 0.047722 -0.000000 0.087878
vn -0.096184 0.022252 -0.015924
vn -0.098657 -0.000000 -0.016333
vn -0.096184 0.022252 -0.015924
vn -0.098657 -0.000000 -0.016333
vn -0.098538 0.004907 -0.016314
vn -0.098182 0.009802 -0.016255
vn -0.097589 0.014673 -0.016156
vn -0.096761 0.019509 -0.016019
vn -0.094409 0.029028 -0.015630
vn -0.088887 0.043388 -0.014716
vn -0.088887 0.043388 -0.014716
vn -0.077133 0.062349 -0.012770
vn -0.077133 0.062349 -0.012770
vn -0.061512 0.078183 -0.010184
vn -0.061512 0.078183 -0.010184
vn -0.042806 0.090097 -0.007087
vn -0.042806 0.090097 -0.007087
vn -0.021953 0.097493 -0.003634
vn -0.021953 0.097493 -0.003634
vn -0.019247 0.098079 -0.003186
vn -0.091147 0.038268 -0.015090
vn -0.087008 0.047140 -0.014405
vn -0.082030 0.055557 -0.013581
vn -0.076263 0.063439 -0.012626
vn -0.069761 0.070711 -0.011549
vn -0.062587 0.077301 -0.010362
vn -0.054811 0.083147 -0.009074
vn -0.046507 0.088192 -0.007699
vn -0.037754 0.092388 -0.006250
vn -0.028639 0.095694 -0.004741
vn -0.020947 0.097493 -0.007508
vn -0.020947 0.097493 -0.007508
vn -0.018365 0.098079 -0.006583
vn -0.036024 0.092388 -0.012912
vn -0.040844 0.090097 -0.014640
vn -0.040844 0.090097 -0.014640
vn -0.058693 0.078183 -0.021037
vn -0.058693 0.078183 -0.021037
vn -0.073598 0.062349 -0.026380
vn -0.073598 0.062349 -0.026380
vn -0.084813 0.043388 -0.030400
vn -0.084813 0.043388 -0.030400
vn -0.091776 0.022252 -0.032895
vn -0.091776 0.022252 -0.032895
vn -0.094136 -0.000000 -0.033741
vn -0.092327 0.019509 -0.033093
vn -0.094136 0.000000 -0.033741
vn -0.052299 0.083147 -0.018745
vn -0.066564 0.070711 -0.023858
vn -0.078271 0.055557 -0.028055
vn -0.086970 0.038268 -0.031173
vn -0.015838 0.098079 0.011391
vn -0.018065 0.097493 0.012992
vn -0.031068 0.092388 0.022344
vn -0.035225 0.090097 0.025333
vn -0.045104 0.083147 0.032438
vn -0.050618 0.078183 0.036404
vn -0.057406 0.070711 0.041286
vn -0.063473 0.062349 0.045649
vn -0.067503 0.055557 0.048547
vn -0.073145 0.043388 0.052605
vn -0.075005 0.038268 0.053943
vn -0.079149 0.022252 0.056923
vn -0.079625 0.019509 0.057265
vn -0.081185 0.000000 0.058387
vn -0.081185 -0.000000 0.058387
vn -0.079149 0.022252 0.056923
vn -0.073145 0.043388 0.052605
vn -0.063473 0.062349 0.045649
vn -0.050618 0.078183 0.036404
vn -0.035225 0.090097 0.025333
vn -0.018065 0.097493 0.012992
vn -0.100000 -0.000000 0.000000
vn -0.100000 -0.000000 0.000000
vn -0.099518 0.009802 -0.000000
vn -0.097493 0.022252 -0.000000
vn -0.098079 0.019509 -0.000000
vn -0.095694 0.029028 -0.000000
vn -0.090097 0.043388 -0.000000
vn -0.092388 0.038268 -0.000000
vn -0.083147 0.055557 -0.000000
vn -0.078183 0.062349 -0.000000
vn -0.070711 0.070711 -0.000000
vn -0.062349 0.078183 -0.000000
vn -0.055557 0.083147 -0.000000
vn -0.043388 0.090097 -0.000000
vn -0.038268 0.092388 -0.000000
vn -0.022252 0.097493 -0.000000
vn -0.019509 0.098079 -0.000000
vn 0.000000 0.000000 -0.100000
vn -0.000000 0.009802 -0.099518
vn 0.000000 0.000000 -0.100000
vn -0.000000 0.019509 -0.098079
vn -0.000000 0.019509 -0.098079
vn -0.000000 0.029028 -0.095694
vn -0.000000 0.038268 -0.092388
vn -0.000000 0.038268 -0.092388
vn -0.000000 0.055557 -0.083147
vn -0.000000 0.055557 -0.083147
vn -0.000000 0.070711 -0.070711
vn -0.000000 0.070711 -0.070711
vn -0.000000 0.083147 -0.055557
vn -0.000000 0.083147 -0.055557
vn -0.000000 0.092388 -0.038268
vn -0.000000 0.092388 -0.038268
vn -0.000000 0.098079 -0.019509
vn -0.000000 0.098079 -0.019509
vn 0.091752 0.022252 -0.032960
vn 0.094112 0.000000 -0.033808
vn 0.091752 0.022252 -0.032960
vn 0.094112 0.000000 -0.033808
vn 0.092303 0.019509 -0.033158
vn 0.086948 0.038268 -0.031234
vn 0.084792 0.043388 -0.030460
vn 0.084792 0.043388 -0.030460
vn 0.073580 0.062349 -0.026432
vn 0.073580 0.062349 -0.026432
vn 0.058678 0.078183 -0.021079
vn 0.058678 0.078183 -0.021079
vn 0.040834 0.090097 -0.014669
vn 0.040834 0.090097 -0.014669
vn 0.020942 0.097493 -0.007523
vn 0.020942 0.097493 -0.007523
vn 0.018360 0.098079 -0.006596
vn 0.078251 0.055557 -0.028110
vn 0.066547 0.070711 -0.023906
vn 0.052286 0.083147 -0.018783
vn 0.036015 0.092388 -0.012938
vn 0.070929 0.068943 -0.014693
vn 0.060790 0.078982 -0.008152
vn 0.051830 0.084514 -0.013075
vn 0.053151 0.084038 -0.010609
vn 0.045145 0.088290 -0.012915
vn 0.049487 0.086766 -0.004763
vn 0.041740 0.090631 -0.006619
vn 0.053788 0.084257 0.002762
vn 0.046712 0.088410 0.001293
vn 0.042837 0.090077 0.007152
vn 0.039286 0.091959 -0.000199
vn 0.031505 0.094892 -0.001725
vn 0.025164 0.096238 -0.010244
vn 0.016486 0.097904 -0.011962
vn 0.018823 0.096325 -0.019161
vn 0.009508 0.097315 -0.020963
vn 0.012558 0.095011 -0.028550
vn 0.002639 0.095262 -0.030302
vn 0.008078 0.093030 -0.035779
vn -0.002253 0.092712 -0.037410
vn 0.003818 0.090115 -0.043181
vn -0.006893 0.089240 -0.044595
vn -0.000233 0.086099 -0.050862
vn -0.011297 0.084718 -0.051915
vn -0.001749 0.082997 -0.055753
vn -0.015400 0.079064 -0.059260
vn -0.018113 0.074261 -0.064477
vn -0.026372 0.076281 -0.059040
vn -0.025529 0.075159 -0.060823
vn -0.032022 0.077628 -0.054299
vn -0.022027 0.082359 -0.052266
vn -0.032426 0.079039 -0.051976
vn -0.027545 0.084555 -0.045735
vn -0.039079 0.077705 -0.049344
vn -0.037489 0.080747 -0.045547
vn -0.043159 0.076760 -0.047383
vn -0.045458 0.075965 -0.046507
vn -0.032132 0.085993 -0.039658
vn -0.048033 0.074864 -0.045698
vn -0.037493 0.085617 -0.035554
vn -0.026410 0.090446 -0.033496
vn -0.018212 0.095092 -0.025016
vn -0.016846 0.092975 -0.032740
vn -0.009011 0.096692 -0.023863
vn -0.007163 0.094576 -0.031686
vn 0.000229 0.097431 -0.022521
vn 0.086585 0.048614 -0.011821
vn 0.081549 0.057140 -0.009206
vn 0.071247 0.069382 -0.010491
vn 0.073145 0.068096 -0.003557
vn 0.063815 0.076986 -0.000906
vn 0.075089 0.065990 0.002635
vn 0.077021 0.063251 0.008188
vn 0.085395 0.050971 0.010476
vn 0.077146 0.062313 0.012867
vn 0.088852 0.043430 0.014806
vn 0.091903 0.037361 0.012568
vn 0.096169 0.022234 0.016033
vn 0.096255 0.022997 0.014355
vn 0.098104 0.011641 0.015496
vn 0.096226 0.024218 0.012413
vn 0.098175 0.012278 0.014524
vn 0.098264 0.012819 0.013413
vn 0.098639 -0.000000 0.016440
vn 0.098639 -0.000000 0.016440
vn 0.098376 0.013220 0.012140
vn 0.098639 -0.000000 0.016440
vn 0.098478 0.013396 0.011072
vn 0.098639 -0.000000 0.016440
vn 0.098597 0.013442 0.009894
vn 0.098639 0.000000 0.016440
vn 0.098735 0.013317 0.008606
vn 0.098640 0.000004 0.016437
vn 0.098893 0.012967 0.007211
vn 0.099020 0.012547 0.006137
vn 0.096712 0.025352 -0.002011
vn 0.096885 0.024692 -0.001869
vn 0.092629 0.036868 -0.007784
vn 0.096539 0.026070 0.000715
vn 0.090404 0.042384 -0.005547
vn 0.096410 0.026354 0.003255
vn 0.090562 0.042372 -0.001805
vn 0.096319 0.026300 0.005571
vn 0.090766 0.041939 0.001610
vn 0.096259 0.025987 0.007678
vn 0.091103 0.040833 0.005736
vn 0.096222 0.025243 0.010202
vn 0.091492 0.039263 0.009365
vn 0.099047 0.012332 0.006137
vn 0.098640 0.000007 0.016434
vn 0.098640 0.000007 0.016434
vn 0.098639 -0.000000 0.016440
vn 0.098639 0.000000 0.016440
vn 0.066808 0.074193 0.005670
vn 0.061466 0.078212 0.010239
vn 0.060475 0.079530 0.004215
vn 0.021932 0.097497 0.003655
vn 0.023495 0.097147 -0.003236
vn 0.007777 0.098774 -0.013535
vn 0.015402 0.098696 -0.004683
vn 0.007230 0.099553 -0.006084
vn -0.001020 0.099716 -0.007459
vn -0.009720 0.098176 -0.016343
vn -0.013050 0.098369 -0.012375
vn -0.025637 0.093530 -0.024389
vn -0.019348 0.069833 -0.068914
vn 0.014478 0.089934 -0.041259
vn 0.016361 0.089788 -0.040870
vn 0.018315 0.092332 -0.033754
vn 0.034399 0.090141 -0.026291
vn 0.031768 0.091665 -0.024257
vn 0.083262 0.055375 0.001056
vn 0.082249 0.056693 -0.004581
vn 0.084325 0.053411 0.006044
vn 0.056833 0.082230 -0.002867
vn 0.036734 0.091774 -0.015104
vn 0.027962 0.094461 -0.017181
vn 0.022345 0.093799 -0.026503
vn 0.033635 0.093795 -0.008442
vn -0.000959 0.098866 -0.014988
vn -0.022357 0.089190 -0.039311
vn -0.012398 0.091425 -0.038572
vn -0.017347 0.087380 -0.045429
vn 0.021949 0.097493 0.003658
vn 0.021949 0.097493 0.003658
vn 0.042798 0.090097 0.007133
vn 0.042798 0.090097 0.007133
vn 0.061501 0.078183 0.010250
vn 0.061501 0.078183 0.010250
vn 0.077119 0.062349 0.012853
vn 0.077119 0.062349 0.012853
vn 0.088871 0.043388 0.014812
vn 0.088871 0.043388 0.014812
vn 0.096166 0.022252 0.016028
vn 0.096166 0.022252 0.016028
vn 0.098639 0.000000 0.016440
vn -0.081185 0.000000 0.058387
vn -0.081185 0.000000 0.058387
vn -0.100000 0.000000 0.000000
vn -0.100000 0.000000 0.000000
vn 0.000000 0.000000 -0.100000
vn 0.000000 0.000000 -0.100000
vn 0.094112 0.000000 -0.033808
vn 0.094112 0.000000 -0.033808
vn 0.098639 -0.000000 0.016440
vn 0.098639 -0.000000 0.016440
vn 0.098639 -0.000000 0.016440
vn 0.098639 -0.000000 0.016440
vn 0.098639 -0.000000 0.016440
vn 0.098639 -0.000000 0.016440
vn 0.098639 -0.000000 0.016440
vn -0.094454 -0.000000 -0.032841
vn -0.094454 -0.000000 -0.032841
vn -0.093439 0.014616 -0.032488
vn -0.093945 0.010367 -0.032664
vn -0.092444 0.020517 -0.032142
vn -0.089940 0.030544 -0.031271
vn -0.090017 0.030288 -0.031298
vn -0.086693 0.039695 -0.030143
vn -0.082198 0.049261 -0.028580
vn -0.082977 0.047776 -0.028850
vn -0.086970 0.039012 -0.030239
vn -0.089940 0.030544 -0.031271
vn -0.093439 0.014616 -0.032488
vn -0.093439 0.014616 -0.032488
vn -0.093439 0.014616 -0.032488
vn -0.094454 -0.000000 -0.032841
vn -0.093439 0.014616 -0.032488
vn -0.093439 0.014616 -0.032488
vn -0.089940 0.030544 -0.031271
vn -0.089940 0.030544 -0.031271
vn -0.086970 0.039012 -0.030239
vn -0.086970 0.039012 -0.030239
vn -0.082977 0.047776 -0.028850
vn -0.082977 0.047776 -0.028850
vn -0.077775 0.056743 -0.027042
vn -0.077775 0.056743 -0.027042
vn -0.071170 0.065746 -0.024745
vn -0.071170 0.065746 -0.024745
vn -0.057960 0.078959 -0.020152
vn -0.057960 0.078959 -0.020152
vn -0.040945 0.090116 -0.014236
vn -0.040945 0.090116 -0.014236
vn -0.023872 0.096754 -0.008300
vn -0.045099 0.087865 -0.015681
vn -0.077775 0.056743 -0.027042
vn -0.076837 0.058157 -0.026716
vn -0.071170 0.065746 -0.024745
vn -0.070609 0.066421 -0.024550
vn -0.066940 0.070550 -0.023275
vn -0.057960 0.078959 -0.020152
vn -0.064877 0.072678 -0.022557
vn -0.062582 0.074900 -0.021759
vn -0.051122 0.084087 -0.017775
vn -0.040945 0.090116 -0.014236
vn -0.057960 0.078959 -0.020152
vn -0.040945 0.090116 -0.014236
vn -0.057960 0.078959 -0.020152
vn -0.040945 0.090116 -0.014236
vn -0.057960 0.078959 -0.020152
vn -0.040945 0.090116 -0.014236
vn -0.036676 0.092153 -0.012752
vn -0.020980 0.097502 -0.007295
vn -0.020980 0.097502 -0.007295
vn -0.020980 0.097502 -0.007295
vn -0.020980 0.097502 -0.007295
vn -0.020980 0.097502 -0.007295
vn -0.020980 0.097502 -0.007295
vn -0.019381 0.097872 -0.006739
vn -0.000272 0.100000 -0.000094
vn -0.062200 0.075256 -0.021627
vn -0.057960 0.078959 -0.020152
vn -0.069115 0.068159 -0.024031
vn -0.071170 0.065746 -0.024745
vn -0.071170 0.065746 -0.024745
vn -0.075004 0.060781 -0.026078
vn -0.077775 0.056743 -0.027042
vn -0.077775 0.056743 -0.027042
vn -0.082977 0.047776 -0.028850
vn -0.082977 0.047776 -0.028850
vn -0.086970 0.039012 -0.030239
vn -0.086970 0.039012 -0.030239
vn -0.089940 0.030544 -0.031271
vn -0.089940 0.030544 -0.031271
vn -0.093439 0.014616 -0.032488
vn -0.093439 0.014616 -0.032488
vn -0.094182 0.007583 -0.032746
vn -0.079954 0.053240 -0.027799
vn -0.082977 0.047776 -0.028850
vn -0.084054 0.045615 -0.029225
vn -0.086970 0.039012 -0.030239
vn -0.087373 0.037987 -0.030379
vn -0.089940 0.030544 -0.031271
vn -0.089992 0.030370 -0.031290
vn -0.091978 0.022744 -0.031980
vn -0.093364 0.015144 -0.032462
vn -0.093439 0.014616 -0.032488
vn -0.071170 0.065746 -0.024745
vn -0.071170 0.065746 -0.024745
vn -0.071170 0.065746 -0.024745
vn -0.077775 0.056743 -0.027042
vn -0.077775 0.056743 -0.027042
vn -0.077775 0.056743 -0.027042
vn -0.082977 0.047776 -0.028850
vn -0.082977 0.047776 -0.028850
vn -0.082977 0.047776 -0.028850
vn -0.086970 0.039012 -0.030239
vn -0.086970 0.039012 -0.030239
vn -0.086970 0.039012 -0.030239
vn -0.089940 0.030544 -0.031271
vn -0.089940 0.030544 -0.031271
vn -0.037451 0.085625 -0.035578
vn -0.038153 0.085033 -0.036246
vn -0.048036 0.074900 -0.045635
vn -0.038153 0.085033 -0.036246
vn -0.038153 0.085033 -0.036246
vn -0.026397 0.093136 -0.025077
vn -0.026397 0.093136 -0.025077
vn -0.013364 0.098286 -0.012695
vn -0.013364 0.098286 -0.012695
vn -0.000209 0.100000 -0.000198
vn -0.025641 0.093537 -0.024359
vn -0.026397 0.093136 -0.025077
vn -0.026397 0.093136 -0.025077
vn -0.026397 0.093136 -0.025077
vn -0.013364 0.098286 -0.012695
vn -0.013364 0.098286 -0.012695
vn -0.013364 0.098286 -0.012695
vn -0.013023 0.098374 -0.012372
vn -0.013364 0.098286 -0.012695
vn -0.014877 0.097872 -0.014133
vn -0.026397 0.093136 -0.025077
vn -0.028151 0.092153 -0.026744
vn -0.038153 0.085033 -0.036246
vn -0.039240 0.084087 -0.037278
vn -0.062065 0.000000 0.078409
vn -0.061029 0.018196 0.077100
vn -0.062065 0.000000 0.078409
vn -0.061029 0.018196 0.077100
vn -0.061029 0.018196 0.077100
vn -0.057707 0.036809 0.072904
vn -0.057707 0.036809 0.072904
vn -0.051948 0.054721 0.065628
vn -0.056766 0.040429 0.071715
vn -0.050568 0.057981 0.063884
vn -0.051948 0.054721 0.065628
vn -0.043887 0.070711 0.055443
vn -0.051948 0.054721 0.065628
vn -0.043887 0.070711 0.055443
vn -0.043887 0.070711 0.055443
vn -0.033963 0.083700 0.042906
vn -0.033963 0.083700 0.042906
vn -0.022846 0.092979 0.028862
vn -0.022846 0.092979 0.028862
vn -0.011294 0.098331 0.014268
vn -0.011294 0.098331 0.014268
vn 0.000000 0.100000 -0.000000
vn 0.000000 0.100000 -0.000000
vn -0.011294 0.098331 0.014268
vn -0.011294 0.098331 0.014268
vn -0.022846 0.092979 0.028862
vn -0.022846 0.092979 0.028862
vn -0.033963 0.083700 0.042906
vn -0.033963 0.083700 0.042906
vn -0.043887 0.070711 0.055443
vn -0.043887 0.070711 0.055443
vn -0.051948 0.054721 0.065628
vn -0.051948 0.054721 0.065628
vn -0.057707 0.036809 0.072904
vn -0.057707 0.036809 0.072904
vn -0.061029 0.018196 0.077100
vn -0.061029 0.018196 0.077100
vn -0.062065 0.000000 0.078409
vn -0.060798 0.020103 0.076808
vn -0.057069 0.039306 0.072098
vn -0.051107 0.056739 0.064565
vn -0.043206 0.071791 0.054583
vn -0.033763 0.083908 0.042655
vn -0.023144 0.092787 0.029239
vn -0.011766 0.098187 0.014864
vn -0.011294 0.098331 0.014268
vn -0.000139 0.100000 0.000175
vn -0.011294 0.098331 0.014268
vn -0.011529 0.098260 0.014565
vn -0.022846 0.092979 0.028862
vn -0.022846 0.092979 0.028862
vn -0.033963 0.083700 0.042906
vn -0.033067 0.084625 0.041775
vn -0.033963 0.083700 0.042906
vn -0.042512 0.072858 0.053707
vn -0.022613 0.093126 0.028568
vn -0.059050 0.030789 0.074600
vn -0.061029 0.018196 0.077100
vn -0.060712 0.020767 0.076699
vn -0.061723 0.010478 0.077977
vn -0.061029 0.018196 0.077100
vn -0.061029 0.018196 0.077100
vn -0.061029 0.018196 0.077100
vn -0.057707 0.036809 0.072904
vn -0.051948 0.054721 0.065628
vn -0.043887 0.070711 0.055443
vn -0.051948 0.054721 0.065628
vn -0.043887 0.070711 0.055443
vn -0.051948 0.054721 0.065628
vn -0.043887 0.070711 0.055443
vn -0.051948 0.054721 0.065628
vn -0.033963 0.083700 0.042906
vn -0.033963 0.083700 0.042906
vn -0.022846 0.092979 0.028862
vn -0.057707 0.036809 0.072904
vn -0.057707 0.036809 0.072904
vn -0.057707 0.036809 0.072904
vn -0.057707 0.036809 0.072904
vn 0.000000 0.100000 0.000000
vn -0.018044 0.098331 -0.002347
vn -0.018044 0.098331 -0.002347
vn -0.000222 0.100000 -0.000029
vn -0.018420 0.098260 -0.002396
vn -0.036502 0.092979 -0.004748
vn -0.036130 0.093126 -0.004700
vn -0.054264 0.083700 -0.007059
vn -0.052833 0.084625 -0.006873
vn -0.070120 0.070711 -0.009121
vn -0.067924 0.072858 -0.008836
vn -0.083000 0.054721 -0.010797
vn -0.080794 0.057981 -0.010510
vn -0.090699 0.040429 -0.011798
vn -0.092202 0.036809 -0.011994
vn -0.094347 0.030789 -0.012273
vn -0.097509 0.018196 -0.012684
vn -0.097003 0.020767 -0.012618
vn -0.098619 0.010478 -0.012828
vn -0.099165 0.000000 -0.012899
vn -0.099165 0.000000 -0.012899
vn -0.097509 0.018196 -0.012684
vn -0.097509 0.018196 -0.012684
vn -0.092202 0.036809 -0.011994
vn -0.092202 0.036809 -0.011994
vn -0.083000 0.054721 -0.010797
vn -0.083000 0.054721 -0.010797
vn -0.070120 0.070711 -0.009121
vn -0.070120 0.070711 -0.009121
vn -0.054264 0.083700 -0.007059
vn -0.054264 0.083700 -0.007059
vn -0.036502 0.092979 -0.004748
vn -0.036502 0.092979 -0.004748
vn -0.018044 0.098331 -0.002347
vn -0.018044 0.098331 -0.002347
vn -0.018044 0.098331 -0.002347
vn -0.036502 0.092979 -0.004748
vn -0.036502 0.092979 -0.004748
vn -0.054264 0.083700 -0.007059
vn -0.054264 0.083700 -0.007059
vn -0.070120 0.070711 -0.009121
vn -0.070120 0.070711 -0.009121
vn -0.083000 0.054721 -0.010797
vn -0.083000 0.054721 -0.010797
vn -0.092202 0.036809 -0.011994
vn -0.090555 0.040757 -0.011779
vn -0.094258 0.031064 -0.012261
vn -0.018044 0.098331 -0.002347
vn 0.000000 0.100000 0.000000
vn -0.018044 0.098331 -0.002347
vn -0.018044 0.098331 -0.002347
vn -0.036502 0.092979 -0.004748
vn -0.036502 0.092979 -0.004748
vn -0.054264 0.083700 -0.007059
vn -0.054264 0.083700 -0.007059
vn -0.070120 0.070711 -0.009121
vn -0.067601 0.073162 -0.008794
vn -0.080540 0.058339 -0.010477
vn -0.000222 0.100000 -0.000029
vn -0.018044 0.098331 -0.002347
vn -0.018044 0.098331 -0.002347
vn -0.018273 0.098287 -0.002377
vn -0.018044 0.098331 -0.002347
vn -0.018044 0.098331 -0.002347
vn -0.036502 0.092979 -0.004748
vn -0.036502 0.092979 -0.004748
vn -0.052503 0.084834 -0.006830
vn -0.054264 0.083700 -0.007059
vn -0.035865 0.093231 -0.004665
vn -0.083000 0.054721 -0.010797
vn -0.070120 0.070711 -0.009121
vn -0.054264 0.083700 -0.007059
vn -0.036502 0.092979 -0.004748
vn -0.097509 0.018196 -0.012684
vn -0.096961 0.020964 -0.012613
vn -0.098608 0.010582 -0.012827
vn -0.097509 0.018196 -0.012684
vn -0.099165 0.000000 -0.012899
vn -0.097509 0.018196 -0.012684
vn -0.097509 0.018196 -0.012684
vn -0.092202 0.036809 -0.011994
vn -0.092202 0.036809 -0.011994
vn -0.083000 0.054721 -0.010797
vn -0.083000 0.054721 -0.010797
vn -0.070120 0.070711 -0.009121
vn -0.097509 0.018196 -0.012684
vn -0.097509 0.018196 -0.012684
vn -0.036502 0.092979 -0.004748
vn -0.054264 0.083700 -0.007059
vn -0.054264 0.083700 -0.007059
vn -0.070120 0.070711 -0.009121
vn -0.083000 0.054721 -0.010797
vn -0.092202 0.036809 -0.011994
vn -0.092202 0.036809 -0.011994
vn -0.092202 0.036809 -0.011994
vn -0.083000 0.054721 -0.010797
vn -0.070120 0.070711 -0.009121
vn 0.000000 0.100000 -0.000000
vn -0.000127 0.100000 0.000184
vn -0.010334 0.098331 0.014977
vn -0.010465 0.098287 0.015167
vn -0.020540 0.093231 0.029768
vn -0.020905 0.092979 0.030297
vn -0.030069 0.084834 0.043578
vn -0.031077 0.083700 0.045040
vn -0.038716 0.073162 0.056110
vn -0.040158 0.070711 0.058201
vn -0.046126 0.058339 0.066850
vn -0.047535 0.054721 0.068891
vn -0.051862 0.040757 0.075162
vn -0.052805 0.036809 0.076529
vn -0.053983 0.031064 0.078236
vn -0.055844 0.018196 0.080934
vn -0.055531 0.020964 0.080479
vn -0.056474 0.010582 0.081846
vn -0.056793 -0.000000 0.082308
vn -0.055844 0.018196 0.080934
vn -0.056793 0.000000 0.082308
vn -0.055844 0.018196 0.080934
vn -0.055844 0.018196 0.080934
vn -0.052805 0.036809 0.076529
vn -0.052805 0.036809 0.076529
vn -0.047535 0.054721 0.068891
vn -0.047535 0.054721 0.068891
vn -0.040158 0.070711 0.058201
vn -0.040158 0.070711 0.058201
vn -0.031077 0.083700 0.045040
vn -0.031077 0.083700 0.045040
vn -0.020905 0.092979 0.030297
vn -0.020905 0.092979 0.030297
vn -0.010334 0.098331 0.014977
vn -0.010334 0.098331 0.014977
vn -0.000131 0.100000 0.000190
vn -0.010334 0.098331 0.014977
vn -0.010334 0.098331 0.014977
vn -0.020905 0.092979 0.030297
vn -0.020905 0.092979 0.030297
vn -0.031077 0.083700 0.045040
vn -0.031077 0.083700 0.045040
vn -0.040158 0.070711 0.058201
vn -0.040158 0.070711 0.058201
vn -0.047535 0.054721 0.068891
vn -0.047535 0.054721 0.068891
vn -0.052805 0.036809 0.076529
vn -0.052805 0.036809 0.076529
vn -0.055844 0.018196 0.080934
vn -0.055844 0.018196 0.080934
vn -0.056793 0.000000 0.082308
vn -0.055696 0.019554 0.080719
vn -0.052805 0.036809 0.076529
vn -0.052452 0.038342 0.076018
vn -0.047535 0.054721 0.068891
vn -0.047193 0.055633 0.068395
vn -0.040158 0.070711 0.058201
vn -0.040129 0.070762 0.058158
vn -0.031537 0.083165 0.045705
vn -0.031077 0.083700 0.045040
vn -0.021752 0.092375 0.031524
vn -0.020905 0.092979 0.030297
vn -0.011151 0.098053 0.016161
vn -0.010334 0.098331 0.014977
vn -0.010334 0.098331 0.014977
vn -0.010334 0.098331 0.014977
vn -0.020905 0.092979 0.030297
vn -0.020905 0.092979 0.030297
vn -0.031077 0.083700 0.045040
vn -0.031077 0.083700 0.045040
vn -0.040158 0.070711 0.058201
vn -0.040158 0.070711 0.058201
vn -0.047535 0.054721 0.068891
vn 0.000000 0.100000 -0.000000
vn -0.010334 0.098331 0.014977
vn -0.020905 0.092979 0.030297
vn -0.031077 0.083700 0.045040
vn -0.040158 0.070711 0.058201
vn -0.047535 0.054721 0.068891
vn -0.052805 0.036809 0.076529
vn -0.055844 0.018196 0.080934
vn -0.055844 0.018196 0.080934
vn -0.055844 0.018196 0.080934
vn -0.052805 0.036809 0.076529
vn -0.052805 0.036809 0.076529
vn -0.047535 0.054721 0.068891
vn -0.047535 0.054721 0.068891
vn -0.040158 0.070711 0.058201
vn -0.010334 0.098331 0.014977
vn -0.010334 0.098331 0.014977
vn -0.020905 0.092979 0.030297
vn -0.020905 0.092979 0.030297
vn -0.031077 0.083700 0.045040
vn -0.010334 0.098331 0.014977
vn -0.055844 0.018196 0.080934
vn -0.055844 0.018196 0.080934
vn -0.055844 0.018196 0.080934
vn -0.052805 0.036809 0.076529
vn -0.047535 0.054721 0.068891
vn -0.040158 0.070711 0.058201
vn -0.031077 0.083700 0.045040
vn -0.020905 0.092979 0.030297
vn -0.052805 0.036809 0.076529
vn -0.047535 0.054721 0.068891
vn -0.040158 0.070711 0.058201
vn -0.031077 0.083700 0.045040
vn -0.052805 0.036809 0.076529
vn 0.000000 0.100000 -0.000000
vn -0.013844 0.098331 0.011808
vn -0.013844 0.098331 0.011808
vn -0.000176 0.100000 0.000150
vn -0.014939 0.098053 0.012742
vn -0.028006 0.092979 0.023887
vn -0.029140 0.092375 0.024855
vn -0.041634 0.083700 0.035511
vn -0.042249 0.083165 0.036036
vn -0.053799 0.070711 0.045887
vn -0.053760 0.070762 0.045854
vn -0.063681 0.054721 0.054317
vn -0.063223 0.055633 0.053925
vn -0.070741 0.036809 0.060338
vn -0.070269 0.038342 0.059935
vn -0.074615 0.019554 0.063642
vn -0.074813 0.018196 0.063811
vn -0.076083 0.000000 0.064895
vn -0.076083 0.000000 0.064895
vn -0.074813 0.018196 0.063811
vn -0.074813 0.018196 0.063811
vn -0.070741 0.036809 0.060338
vn -0.070741 0.036809 0.060338
vn -0.063681 0.054721 0.054317
vn -0.063681 0.054721 0.054317
vn -0.053799 0.070711 0.045887
vn -0.053799 0.070711 0.045887
vn -0.041634 0.083700 0.035511
vn -0.041634 0.083700 0.035511
vn -0.028006 0.092979 0.023887
vn -0.028006 0.092979 0.023887
vn -0.013844 0.098331 0.011808
vn -0.000170 0.100000 0.000145
vn -0.013844 0.098331 0.011808
vn -0.013612 0.098386 0.011611
vn -0.026771 0.093605 0.022834
vn -0.028006 0.092979 0.023887
vn -0.039338 0.085596 0.033553
vn -0.041634 0.083700 0.035511
vn -0.050921 0.074301 0.043433
vn -0.053799 0.070711 0.045887
vn -0.061029 0.059714 0.052054
vn -0.063681 0.054721 0.054317
vn -0.065338 0.051236 0.055730
vn -0.070741 0.036809 0.060338
vn -0.070741 0.036809 0.060338
vn -0.074813 0.018196 0.063811
vn -0.072041 0.032163 0.061446
vn -0.074262 0.021751 0.063341
vn -0.069034 0.042038 0.058882
vn -0.075622 0.010999 0.064501
vn -0.076083 0.000000 0.064895
vn -0.074813 0.018196 0.063811
vn -0.074813 0.018196 0.063811
vn -0.070741 0.036809 0.060338
vn -0.070741 0.036809 0.060338
vn -0.063681 0.054721 0.054317
vn -0.063681 0.054721 0.054317
vn -0.053799 0.070711 0.045887
vn -0.053799 0.070711 0.045887
vn -0.041634 0.083700 0.035511
vn -0.074813 0.018196 0.063811
vn -0.074813 0.018196 0.063811
vn -0.074813 0.018196 0.063811
vn -0.070741 0.036809 0.060338
vn -0.063681 0.054721 0.054317
vn -0.028006 0.092979 0.023887
vn -0.041634 0.083700 0.035511
vn -0.053799 0.070711 0.045887
vn -0.063681 0.054721 0.054317
vn -0.070741 0.036809 0.060338
vn -0.000184 0.100000 -0.000127
vn -0.014977 0.098331 -0.010334
vn -0.000000 0.100000 0.000000
vn -0.014977 0.098331 -0.010334
vn -0.000184 0.100000 -0.000127
vn -0.014977 0.098331 -0.010334
vn -0.014803 0.098369 -0.010214
vn -0.029103 0.093540 -0.020081
vn -0.030297 0.092979 -0.020905
vn -0.042737 0.085463 -0.029488
vn -0.045040 0.083700 -0.031077
vn -0.045040 0.083700 -0.031077
vn -0.058201 0.070711 -0.040158
vn -0.055271 0.074099 -0.038137
vn -0.058201 0.070711 -0.040158
vn -0.066174 0.059466 -0.045660
vn -0.068891 0.054721 -0.047535
vn -0.068891 0.054721 -0.047535
vn -0.076529 0.036809 -0.052805
vn -0.074771 0.041804 -0.051592
vn -0.077991 0.031960 -0.053814
vn -0.070806 0.050987 -0.048856
vn -0.080934 0.018196 -0.055844
vn -0.080364 0.021604 -0.055451
vn -0.081816 0.010922 -0.056453
vn -0.082308 0.000000 -0.056793
vn -0.080934 0.018196 -0.055844
vn -0.076529 0.036809 -0.052805
vn -0.076529 0.036809 -0.052805
vn -0.068891 0.054721 -0.047535
vn -0.068891 0.054721 -0.047535
vn -0.058201 0.070711 -0.040158
vn -0.058201 0.070711 -0.040158
vn -0.045040 0.083700 -0.031077
vn -0.045040 0.083700 -0.031077
vn -0.030297 0.092979 -0.020905
vn -0.030297 0.092979 -0.020905
vn -0.014977 0.098331 -0.010334
vn -0.014726 0.098386 -0.010161
vn -0.030297 0.092979 -0.020905
vn -0.030297 0.092979 -0.020905
vn -0.045040 0.083700 -0.031077
vn -0.045040 0.083700 -0.031077
vn -0.058201 0.070711 -0.040158
vn -0.058201 0.070711 -0.040158
vn -0.068891 0.054721 -0.047535
vn -0.068891 0.054721 -0.047535
vn -0.076529 0.036809 -0.052805
vn -0.076529 0.036809 -0.052805
vn -0.080934 0.018196 -0.055844
vn -0.080934 0.018196 -0.055844
vn -0.082308 0.000000 -0.056793
vn -0.082308 -0.000000 -0.056793
vn -0.080934 0.018196 -0.055844
vn -0.080934 0.018196 -0.055844
vn -0.081809 0.010999 -0.056448
vn -0.080337 0.021751 -0.055433
vn -0.077935 0.032163 -0.053775
vn -0.074682 0.042038 -0.051531
vn -0.070684 0.051236 -0.048772
vn -0.066022 0.059714 -0.045555
vn -0.055087 0.074301 -0.038010
vn -0.042556 0.085596 -0.029364
vn -0.028961 0.093605 -0.019983
vn -0.080934 0.018196 -0.055844
vn -0.080934 0.018196 -0.055844
vn -0.080934 0.018196 -0.055844
vn -0.076529 0.036809 -0.052805
vn -0.045040 0.083700 -0.031077
vn -0.058201 0.070711 -0.040158
vn -0.068891 0.054721 -0.047535
vn -0.076529 0.036809 -0.052805
vn -0.076529 0.036809 -0.052805
vn -0.076529 0.036809 -0.052805
vn -0.068891 0.054721 -0.047535
vn -0.068891 0.054721 -0.047535
vn -0.058201 0.070711 -0.040158
vn -0.030297 0.092979 -0.020905
vn -0.000000 0.100000 0.000000
vn 0.005521 0.098331 -0.017339
vn 0.005521 0.098331 -0.017339
vn 0.005521 0.098331 -0.017339
vn 0.011168 0.092979 -0.035074
vn 0.011168 0.092979 -0.035074
vn 0.016602 0.083700 -0.052142
vn 0.016602 0.083700 -0.052142
vn 0.021453 0.070711 -0.067378
vn 0.021453 0.070711 -0.067378
vn 0.025394 0.054721 -0.079754
vn 0.025394 0.054721 -0.079754
vn 0.028209 0.036809 -0.088596
vn 0.028209 0.036809 -0.088596
vn 0.029833 0.018196 -0.093696
vn 0.029833 0.018196 -0.093696
vn 0.030339 -0.000000 -0.095287
vn 0.029833 0.018196 -0.093696
vn 0.030339 -0.000000 -0.095287
vn 0.030158 0.010922 -0.094717
vn 0.000070 0.100000 -0.000219
vn 0.005521 0.098331 -0.017339
vn 0.005521 0.098331 -0.017339
vn 0.005521 0.098331 -0.017339
vn 0.011168 0.092979 -0.035074
vn 0.011168 0.092979 -0.035074
vn 0.016602 0.083700 -0.052142
vn 0.016602 0.083700 -0.052142
vn 0.021453 0.070711 -0.067378
vn 0.021453 0.070711 -0.067378
vn 0.025394 0.054721 -0.079754
vn 0.025394 0.054721 -0.079754
vn 0.028209 0.036809 -0.088596
vn 0.028209 0.036809 -0.088596
vn 0.029833 0.018196 -0.093696
vn 0.029833 0.018196 -0.093696
vn 0.029833 0.018196 -0.093696
vn 0.005935 0.098068 -0.018639
vn 0.005521 0.098331 -0.017339
vn 0.005521 0.098331 -0.017339
vn 0.011168 0.092979 -0.035074
vn 0.011168 0.092979 -0.035074
vn 0.016602 0.083700 -0.052142
vn 0.016602 0.083700 -0.052142
vn 0.021453 0.070711 -0.067378
vn 0.021453 0.070711 -0.067378
vn 0.025394 0.054721 -0.079754
vn 0.025394 0.054721 -0.079754
vn 0.028209 0.036809 -0.088596
vn 0.028209 0.036809 -0.088596
vn 0.029833 0.018196 -0.093696
vn 0.029833 0.018196 -0.093696
vn 0.030339 -0.000000 -0.095287
vn 0.011580 0.092429 -0.036371
vn 0.011168 0.092979 -0.035074
vn 0.016602 0.083700 -0.052142
vn 0.016801 0.083266 -0.052768
vn 0.021453 0.070711 -0.067378
vn 0.021394 0.070904 -0.067193
vn 0.025180 0.055784 -0.079083
vn 0.025394 0.054721 -0.079754
vn 0.028004 0.038474 -0.087952
vn 0.028209 0.036809 -0.088596
vn 0.029749 0.019628 -0.093433
vn 0.029833 0.018196 -0.093696
vn 0.029623 0.021604 -0.093036
vn 0.028748 0.031960 -0.090289
vn 0.028209 0.036809 -0.088596
vn 0.027561 0.041804 -0.086561
vn 0.026100 0.050987 -0.081971
vn 0.025394 0.054721 -0.079754
vn 0.024392 0.059466 -0.076608
vn 0.020373 0.074099 -0.063987
vn 0.021453 0.070711 -0.067378
vn 0.015753 0.085463 -0.049476
vn 0.016602 0.083700 -0.052142
vn 0.010728 0.093540 -0.033692
vn 0.011168 0.092979 -0.035074
vn 0.005456 0.098369 -0.017137
vn 0.005521 0.098331 -0.017339
vn 0.000068 0.100000 -0.000213
vn 0.011168 0.092979 -0.035074
vn 0.016602 0.083700 -0.052142
vn 0.021453 0.070711 -0.067378
vn 0.025394 0.054721 -0.079754
vn 0.028209 0.036809 -0.088596
vn 0.000144 0.100000 -0.000179
vn 0.011398 0.098331 -0.014184
vn 0.000000 0.100000 -0.000000
vn 0.011398 0.098331 -0.014184
vn 0.011398 0.098331 -0.014184
vn 0.023057 0.092979 -0.028694
vn 0.023057 0.092979 -0.028694
vn 0.034276 0.083700 -0.042656
vn 0.034276 0.083700 -0.042656
vn 0.044292 0.070711 -0.055120
vn 0.044292 0.070711 -0.055120
vn 0.052428 0.054721 -0.065245
vn 0.052428 0.054721 -0.065245
vn 0.058240 0.036809 -0.072479
vn 0.058240 0.036809 -0.072479
vn 0.061592 0.018196 -0.076651
vn 0.061592 0.018196 -0.076651
vn 0.062638 0.000000 -0.077952
vn 0.061592 0.018196 -0.076651
vn 0.061592 0.018196 -0.076651
vn 0.058240 0.036809 -0.072479
vn 0.058240 0.036809 -0.072479
vn 0.052428 0.054721 -0.065245
vn 0.052428 0.054721 -0.065245
vn 0.044292 0.070711 -0.055120
vn 0.044292 0.070711 -0.055120
vn 0.034276 0.083700 -0.042656
vn 0.034276 0.083700 -0.042656
vn 0.023057 0.092979 -0.028694
vn 0.023057 0.092979 -0.028694
vn 0.011398 0.098331 -0.014184
vn 0.011398 0.098331 -0.014184
vn 0.000000 0.100000 -0.000000
vn 0.011398 0.098331 -0.014184
vn 0.011398 0.098331 -0.014184
vn 0.023057 0.092979 -0.028694
vn 0.011398 0.098331 -0.014184
vn 0.011398 0.098331 -0.014184
vn 0.011398 0.098331 -0.014184
vn 0.023057 0.092979 -0.028694
vn 0.023057 0.092979 -0.028694
vn 0.034276 0.083700 -0.042656
vn 0.034276 0.083700 -0.042656
vn 0.044292 0.070711 -0.055120
vn 0.044292 0.070711 -0.055120
vn 0.052428 0.054721 -0.065245
vn 0.052428 0.054721 -0.065245
vn 0.058240 0.036809 -0.072479
vn 0.058240 0.036809 -0.072479
vn 0.061592 0.018196 -0.076651
vn 0.061592 0.018196 -0.076651
vn 0.062638 -0.000000 -0.077952
vn 0.061592 0.018196 -0.076651
vn 0.061592 0.018196 -0.076651
vn 0.062638 -0.000000 -0.077952
vn 0.061592 0.018196 -0.076651
vn 0.061592 0.018196 -0.076651
vn 0.061592 0.018196 -0.076651
vn 0.058240 0.036809 -0.072479
vn 0.058240 0.036809 -0.072479
vn 0.052428 0.054721 -0.065245
vn 0.052428 0.054721 -0.065245
vn 0.044292 0.070711 -0.055120
vn 0.044292 0.070711 -0.055120
vn 0.034276 0.083700 -0.042656
vn 0.034276 0.083700 -0.042656
vn 0.023057 0.092979 -0.028694
vn 0.061419 0.019628 -0.076436
vn 0.058240 0.036809 -0.072479
vn 0.057816 0.038474 -0.071952
vn 0.052428 0.054721 -0.065245
vn 0.051986 0.055784 -0.064696
vn 0.044170 0.070904 -0.054969
vn 0.044292 0.070711 -0.055120
vn 0.034688 0.083266 -0.043169
vn 0.034276 0.083700 -0.042656
vn 0.023909 0.092429 -0.029754
vn 0.023057 0.092979 -0.028694
vn 0.012252 0.098068 -0.015248
vn 0.011398 0.098331 -0.014184
vn 0.011398 0.098331 -0.014184
vn 0.023057 0.092979 -0.028694
vn 0.023057 0.092979 -0.028694
vn 0.034276 0.083700 -0.042656
vn 0.034276 0.083700 -0.042656
vn 0.044292 0.070711 -0.055120
vn 0.044292 0.070711 -0.055120
vn 0.052428 0.054721 -0.065245
vn 0.052428 0.054721 -0.065245
vn 0.058240 0.036809 -0.072479
vn 0.011398 0.098331 -0.014184
vn 0.023057 0.092979 -0.028694
vn 0.034276 0.083700 -0.042656
vn 0.044292 0.070711 -0.055120
vn 0.061592 0.018196 -0.076651
vn 0.061592 0.018196 -0.076651
vn 0.044292 0.070711 -0.055120
vn 0.052428 0.054721 -0.065245
vn 0.052428 0.054721 -0.065245
vn 0.058240 0.036809 -0.072479
vn 0.058240 0.036809 -0.072479
vn 0.058240 0.036809 -0.072479
vn 0.023057 0.092979 -0.028694
vn 0.034276 0.083700 -0.042656
vn 0.000000 0.100000 -0.000001
vn 0.011410 0.098262 -0.014645
vn 0.010893 0.098368 -0.014321
vn 0.021481 0.093093 -0.029535
vn 0.022730 0.092670 -0.029927
vn 0.031520 0.083850 -0.044449
vn 0.033485 0.082952 -0.044696
vn 0.040769 0.070826 -0.057632
vn 0.043177 0.069364 -0.057657
vn 0.048861 0.054769 -0.067918
vn 0.050950 0.053528 -0.067371
vn 0.055374 0.036804 -0.074694
vn 0.056882 0.035944 -0.073976
vn 0.059996 0.018174 -0.077911
vn 0.060770 0.017756 -0.077406
vn 0.062638 -0.000000 -0.077952
vn 0.040768 0.059346 -0.069397
vn 0.033100 0.070183 -0.063077
vn 0.029192 0.074814 -0.059588
vn 0.024998 0.084328 -0.047580
vn 0.021985 0.087063 -0.044007
vn 0.017210 0.093737 -0.030284
vn 0.015151 0.094912 -0.027608
vn 0.009088 0.098607 -0.013931
vn 0.008017 0.098876 -0.012619
vn 0.000000 0.100000 -0.000000
vn 0.000000 0.100000 -0.000000
vn 0.051258 0.041737 -0.075037
vn 0.046234 0.053081 -0.071027
vn 0.036702 0.069324 -0.062026
vn 0.028105 0.083403 -0.047477
vn 0.019354 0.093133 -0.030851
vn 0.010103 0.098427 -0.014495
vn 0.055449 0.032050 -0.076800
vn 0.054429 0.035488 -0.076013
vn 0.051355 0.044368 -0.073445
vn 0.047934 0.052984 -0.069965
vn 0.040247 0.068843 -0.060339
vn 0.048860 0.054769 -0.067920
vn 0.040769 0.070826 -0.057634
vn 0.055373 0.036804 -0.074695
vn 0.058758 0.021794 -0.077927
vn 0.059995 0.018174 -0.077912
vn 0.061148 0.011052 -0.078350
vn 0.031102 0.082814 -0.046632
vn 0.031520 0.083849 -0.044449
vn 0.021316 0.092707 -0.030839
vn 0.021481 0.093093 -0.029535
vn 0.010936 0.098292 -0.014803
vn 0.010893 0.098368 -0.014321
vn -0.000000 0.100000 0.000000
vn 0.010543 0.098352 -0.014685
vn 0.020360 0.092896 -0.030917
vn 0.029621 0.083069 -0.047140
vn 0.038486 0.069045 -0.061251
vn -0.076362 0.058478 -0.027370
vn -0.068692 0.063649 -0.035073
vn -0.065345 0.071983 -0.023420
vn -0.058519 0.069136 -0.042376
vn -0.054813 0.073332 -0.040223
vn -0.031850 0.077884 -0.054033
vn -0.044003 0.082288 -0.035950
vn -0.034363 0.088224 -0.032182
vn -0.049097 0.085321 -0.017603
vn -0.038747 0.091131 -0.013921
vn -0.023189 0.093222 -0.027782
vn -0.026694 0.095896 -0.009556
vn -0.010831 0.096692 -0.023094
vn -0.013556 0.098951 -0.005001
vn 0.002725 0.098430 -0.017441
vn -0.025292 0.082996 -0.049718
vn -0.002439 0.078670 -0.061685
vn -0.015705 0.087589 -0.045623
vn -0.005116 0.090952 -0.041250
vn 0.003374 0.081609 -0.057694
vn 0.021982 0.071241 -0.066644
vn 0.013323 0.083888 -0.052775
vn 0.006930 0.093138 -0.035740
vn -0.065349 0.071979 -0.023423
vn -0.070931 0.065746 -0.025424
vn -0.077513 0.056743 -0.027783
vn -0.080258 0.052260 -0.028767
vn -0.082698 0.047776 -0.029641
vn -0.083625 0.045918 -0.029974
vn -0.086601 0.039202 -0.031040
vn -0.086677 0.039012 -0.031068
vn -0.089139 0.032147 -0.031950
vn -0.089637 0.030544 -0.032129
vn -0.091210 0.024736 -0.032692
vn -0.089637 0.030544 -0.032129
vn -0.092788 0.016863 -0.033258
vn -0.093125 0.014616 -0.033379
vn -0.093790 0.008561 -0.033617
vn -0.094136 -0.000000 -0.033741
vn -0.093125 0.014616 -0.033379
vn -0.094136 -0.000000 -0.033741
vn -0.093125 0.014616 -0.033379
vn -0.093125 0.014616 -0.033379
vn -0.089637 0.030544 -0.032129
vn -0.089637 0.030544 -0.032129
vn -0.086677 0.039012 -0.031068
vn -0.086677 0.039012 -0.031068
vn -0.082698 0.047776 -0.029641
vn -0.082698 0.047776 -0.029641
vn -0.077513 0.056743 -0.027783
vn -0.077513 0.056743 -0.027783
vn -0.070931 0.065746 -0.025424
vn -0.070931 0.065746 -0.025424
vn -0.057765 0.078959 -0.020705
vn -0.057765 0.078959 -0.020705
vn -0.040808 0.090116 -0.014627
vn -0.040808 0.090116 -0.014627
vn -0.020910 0.097502 -0.007495
vn -0.020910 0.097502 -0.007495
vn -0.000000 0.100000 -0.000000
vn -0.020910 0.097502 -0.007495
vn -0.000281 0.100000 -0.000101
vn -0.020910 0.097502 -0.007495
vn -0.020910 0.097502 -0.007495
vn -0.040808 0.090116 -0.014627
vn -0.028605 0.095271 -0.010253
vn -0.040808 0.090116 -0.014627
vn -0.040885 0.090076 -0.014654
vn -0.051416 0.083766 -0.018429
vn -0.057765 0.078959 -0.020705
vn -0.049134 0.085298 -0.017611
vn -0.040808 0.090116 -0.014627
vn -0.038692 0.091162 -0.013868
vn -0.020910 0.097502 -0.007495
vn -0.026745 0.095879 -0.009586
vn -0.013619 0.098948 -0.004882
vn -0.014865 0.098745 -0.005328
vn -0.020910 0.097502 -0.007495
vn -0.067495 0.069708 -0.024192
vn -0.057765 0.078959 -0.020705
vn -0.057765 0.078959 -0.020705
vn -0.040808 0.090116 -0.014627
vn -0.078486 0.055213 -0.028132
vn -0.070931 0.065746 -0.025424
vn -0.070931 0.065746 -0.025424
vn -0.057765 0.078959 -0.020705
vn -0.040808 0.090116 -0.014627
vn -0.085936 0.040821 -0.030802
vn -0.082698 0.047776 -0.029641
vn -0.082698 0.047776 -0.029641
vn -0.077513 0.056743 -0.027783
vn -0.077513 0.056743 -0.027783
vn -0.070931 0.065746 -0.025424
vn -0.070931 0.065746 -0.025424
vn -0.057765 0.078959 -0.020705
vn -0.090687 0.026821 -0.032505
vn -0.089637 0.030544 -0.032129
vn -0.086677 0.039012 -0.031068
vn -0.086677 0.039012 -0.031068
vn -0.089637 0.030544 -0.032129
vn -0.089637 0.030544 -0.032129
vn -0.093125 0.014616 -0.033379
vn -0.089637 0.030544 -0.032129
vn -0.093125 0.014616 -0.033379
vn -0.093298 0.013313 -0.033441
vn -0.093125 0.014616 -0.033379
vn -0.093125 0.014616 -0.033379
vn -0.020910 0.097502 -0.007495
vn -0.040808 0.090116 -0.014627
vn -0.057765 0.078959 -0.020705
vn -0.070931 0.065746 -0.025424
vn -0.077513 0.056743 -0.027783
vn -0.082698 0.047776 -0.029641
vn -0.086677 0.039012 -0.031068
vn -0.082698 0.047776 -0.029641
vn -0.086677 0.039012 -0.031068
vn -0.082698 0.047776 -0.029641
vn -0.086677 0.039012 -0.031068
vn -0.077513 0.056743 -0.027783
vn -0.040808 0.090116 -0.014627
vn -0.020910 0.097502 -0.007495
vn -0.057765 0.078959 -0.020705
vn -0.070931 0.065746 -0.025424
vn -0.077513 0.056743 -0.027783
vn -0.082698 0.047776 -0.029641
vn -0.086677 0.039012 -0.031068
vn -0.089637 0.030544 -0.032129
vn -0.077513 0.056743 -0.027783
vn 0.000000 0.100000 0.000000
vn 0.000000 0.100000 0.000000
vn 0.000000 0.100000 0.000000
vn 0.000000 0.100000 0.000000
vn -0.027199 0.011246 -0.095571
vn -0.031708 0.013312 -0.093901
vn -0.031909 0.012433 -0.093953
vn -0.036508 0.020357 -0.090845
vn -0.042756 0.022382 -0.087584
vn -0.042450 0.025166 -0.086975
vn -0.048227 0.029714 -0.082409
vn -0.046381 0.032350 -0.082476
vn -0.051095 0.034360 -0.078795
vn -0.054178 0.044414 -0.071359
vn -0.056777 0.041052 -0.071352
vn -0.063291 0.051698 -0.057633
vn -0.066172 0.047843 -0.057727
vn -0.070990 0.056301 -0.042317
vn -0.073935 0.052204 -0.042526
vn -0.076847 0.058332 -0.026305
vn -0.079694 0.054229 -0.026608
vn -0.082604 0.055325 -0.010759
vn -0.088842 0.044424 -0.011557
vn -0.022327 0.008817 -0.097076
vn -0.024373 0.010258 -0.096440
vn -0.030461 0.015363 -0.094000
vn -0.023707 0.011173 -0.096505
vn -0.017341 0.005061 -0.098355
vn -0.017582 0.006032 -0.098257
vn -0.012318 0.000017 -0.099238
vn -0.012304 0.000002 -0.099240
vn -0.017153 0.006483 -0.098304
vn -0.012303 0.000000 -0.099240
vn -0.016653 0.006936 -0.098359
vn -0.012303 0.000000 -0.099240
vn -0.015806 0.007565 -0.098453
vn -0.012303 0.000000 -0.099240
vn -0.015319 0.007862 -0.098506
vn -0.012303 0.000000 -0.099240
vn -0.014794 0.008138 -0.098564
vn -0.012303 -0.000000 -0.099240
vn -0.014229 0.008388 -0.098627
vn -0.012303 -0.000000 -0.099240
vn -0.013621 0.008605 -0.098694
vn -0.012986 0.008780 -0.098764
vn -0.015024 0.017322 -0.097336
vn -0.013747 0.017690 -0.097458
vn -0.016533 0.026028 -0.095127
vn -0.014615 0.026601 -0.095283
vn -0.018173 0.034589 -0.092051
vn -0.015627 0.035379 -0.092218
vn -0.019977 0.042867 -0.088110
vn -0.016831 0.043882 -0.088267
vn -0.021986 0.050723 -0.083330
vn -0.018279 0.051968 -0.083458
vn -0.026786 0.064633 -0.071449
vn -0.022141 0.066352 -0.071464
vn -0.032968 0.075521 -0.056653
vn -0.027707 0.077724 -0.056492
vn -0.040270 0.082290 -0.040084
vn -0.034799 0.084922 -0.039715
vn -0.047706 0.084810 -0.023052
vn -0.042386 0.087733 -0.022503
vn -0.053747 0.084039 -0.006984
vn -0.043202 0.090011 -0.005620
vn -0.036522 0.090523 -0.021717
vn -0.028926 0.087442 -0.038952
vn -0.022169 0.079959 -0.055814
vn -0.017305 0.068356 -0.070908
vn -0.014397 0.053479 -0.083263
vn -0.012303 0.000000 -0.099240
vn -0.012411 0.018155 -0.097552
vn -0.012957 0.036365 -0.092248
vn -0.062047 0.078006 -0.008070
vn -0.052509 0.081774 -0.023577
vn -0.045290 0.079460 -0.040435
vn -0.037865 0.073073 -0.056803
vn -0.031156 0.062666 -0.071431
vn -0.025499 0.049263 -0.083205
vn -0.022968 0.041665 -0.087958
vn -0.020599 0.033643 -0.091890
vn -0.018365 0.025334 -0.094979
vn -0.016246 0.016872 -0.097218
vn -0.056840 0.078686 -0.024034
vn -0.074221 0.066318 -0.009648
vn -0.060735 0.075587 -0.024454
vn -0.064178 0.072551 -0.024852
vn -0.057617 0.070528 -0.041305
vn -0.064000 0.064498 -0.041761
vn -0.056376 0.059415 -0.057372
vn -0.060093 0.055515 -0.057506
vn -0.051281 0.047739 -0.071353
vn -0.044259 0.035021 -0.082551
vn -0.040866 0.027405 -0.087057
vn -0.070199 0.066490 -0.025516
vn -0.073744 0.062364 -0.025934
vn -0.093470 0.033399 -0.012159
vn -0.088438 0.037663 -0.027572
vn -0.085582 0.043962 -0.027257
vn -0.082236 0.050152 -0.026871
vn -0.079910 0.042039 -0.042978
vn -0.076535 0.048152 -0.042705
vn -0.071932 0.038324 -0.057940
vn -0.068695 0.044040 -0.057805
vn -0.066812 0.034913 -0.065706
vn -0.059044 0.037738 -0.071342
vn -0.096686 0.022219 -0.012575
vn -0.091786 0.028183 -0.027947
vn -0.090246 0.032926 -0.027776
vn -0.084509 0.031296 -0.043345
vn -0.082739 0.035889 -0.043200
vn -0.074603 0.032622 -0.058053
vn -0.098545 0.011154 -0.012822
vn -0.094104 0.018686 -0.028201
vn -0.093077 0.023406 -0.028086
vn -0.086002 0.026731 -0.043464
vn -0.099165 0.000000 -0.012899
vn -0.099146 0.000132 -0.013042
vn -0.093107 0.016719 -0.032428
vn -0.081544 0.028864 -0.050174
vn -0.029474 0.016733 -0.094082
vn -0.028338 0.018119 -0.094174
vn -0.022942 0.012098 -0.096578
vn -0.027071 0.019482 -0.094274
vn -0.022089 0.013006 -0.096659
vn -0.025590 0.020858 -0.094393
vn -0.021092 0.013921 -0.096754
vn -0.023077 0.022777 -0.094597
vn -0.019403 0.015192 -0.096916
vn -0.021628 0.023692 -0.094715
vn -0.018430 0.015796 -0.097009
vn -0.020060 0.024550 -0.094841
vn -0.017380 0.016360 -0.097110
vn -0.035212 0.022171 -0.090932
vn -0.033722 0.024008 -0.091030
vn -0.032059 0.025817 -0.091136
vn -0.030114 0.027646 -0.091263
vn -0.026812 0.030204 -0.091481
vn -0.024905 0.031430 -0.091607
vn -0.022837 0.032583 -0.091743
vn -0.039045 0.029673 -0.087149
vn -0.041892 0.037659 -0.082625
vn -0.047900 0.051125 -0.071357
vn -0.050034 0.065019 -0.057176
vn -0.053942 0.073530 -0.041032
vn -0.037013 0.031909 -0.087246
vn -0.034635 0.034175 -0.087364
vn -0.030594 0.037354 -0.087571
vn -0.028259 0.038882 -0.087690
vn -0.025721 0.040328 -0.087818
vn -0.067745 0.060351 -0.042053
vn -0.039124 0.040334 -0.082719
vn -0.042137 0.055935 -0.071384
vn -0.046371 0.067779 -0.057059
vn -0.049833 0.076528 -0.040745
vn -0.034415 0.044103 -0.082889
vn -0.031692 0.045923 -0.082986
vn -0.028725 0.047654 -0.083090
vn -0.038805 0.058280 -0.071398
vn -0.042318 0.070481 -0.056935
vn -0.035149 0.060537 -0.071413
vn -0.012303 -0.000000 -0.099240
vn -0.012303 0.000000 -0.099240
vn -0.012235 0.010466 -0.098695
vn -0.012097 0.018196 -0.097584
vn -0.012097 0.018196 -0.097584
vn -0.011439 0.036809 -0.092273
vn -0.011439 0.036809 -0.092273
vn -0.010928 0.045929 -0.088154
vn -0.010928 0.045929 -0.088154
vn -0.010297 0.054721 -0.083064
vn -0.010297 0.054721 -0.083064
vn -0.009551 0.063030 -0.077046
vn -0.009551 0.063030 -0.077046
vn -0.008699 0.070711 -0.070174
vn -0.008699 0.070711 -0.070174
vn -0.007754 0.077635 -0.062551
vn -0.007754 0.077635 -0.062551
vn -0.006732 0.083700 -0.054305
vn -0.006732 0.083700 -0.054305
vn -0.005650 0.088828 -0.045581
vn -0.005650 0.088828 -0.045581
vn -0.004528 0.092979 -0.036530
vn -0.004528 0.092979 -0.036530
vn -0.002239 0.098331 -0.018058
vn -0.002239 0.098331 -0.018058
vn -0.000021 0.100000 -0.000169
vn -0.002239 0.098331 -0.018058
vn -0.000026 0.100000 -0.000209
vn -0.002286 0.098258 -0.018442
vn -0.012303 -0.000000 -0.099240
vn -0.012097 0.018196 -0.097584
vn -0.012097 0.018196 -0.097584
vn -0.012097 0.018196 -0.097584
vn -0.011439 0.036809 -0.092273
vn -0.011439 0.036809 -0.092273
vn -0.010928 0.045929 -0.088154
vn -0.010928 0.045929 -0.088154
vn -0.010297 0.054721 -0.083064
vn -0.010297 0.054721 -0.083064
vn -0.009551 0.063030 -0.077046
vn -0.009551 0.063030 -0.077046
vn -0.008699 0.070711 -0.070174
vn -0.008699 0.070711 -0.070174
vn -0.007754 0.077635 -0.062551
vn -0.007754 0.077635 -0.062551
vn -0.006732 0.083700 -0.054305
vn -0.006732 0.083700 -0.054305
vn -0.005650 0.088828 -0.045581
vn -0.005650 0.088828 -0.045581
vn -0.004528 0.092979 -0.036530
vn -0.004528 0.092979 -0.036530
vn -0.003867 0.094932 -0.031193
vn -0.002580 0.097777 -0.020809
vn -0.012245 0.009674 -0.098775
vn -0.012074 0.019182 -0.097398
vn -0.011794 0.028463 -0.095136
vn -0.011439 0.036809 -0.092273
vn -0.011408 0.037437 -0.092024
vn -0.010928 0.045929 -0.088154
vn -0.010359 0.053938 -0.083566
vn -0.010297 0.054721 -0.083064
vn -0.009551 0.063030 -0.077046
vn -0.008995 0.068224 -0.072557
vn -0.008699 0.070711 -0.070174
vn -0.007388 0.079962 -0.059594
vn -0.007754 0.077635 -0.062551
vn -0.006732 0.083700 -0.054305
vn -0.005600 0.089039 -0.045174
vn -0.005650 0.088828 -0.045581
vn -0.005141 0.090849 -0.041473
vn -0.003688 0.095400 -0.029754
vn -0.003435 0.096022 -0.027711
vn -0.001701 0.099039 -0.013725
vn -0.001293 0.099446 -0.010431
vn -0.002239 0.098331 -0.018058
vn -0.004528 0.092979 -0.036530
vn -0.005650 0.088828 -0.045581
vn -0.006732 0.083700 -0.054305
vn -0.007754 0.077635 -0.062551
vn -0.008699 0.070711 -0.070174
vn -0.009551 0.063030 -0.077046
vn -0.010297 0.054721 -0.083064
vn -0.010928 0.045929 -0.088154
vn -0.011439 0.036809 -0.092273
vn -0.012097 0.018196 -0.097584
vn -0.002239 0.098331 -0.018058
vn -0.002239 0.098331 -0.018058
vn -0.004528 0.092979 -0.036530
vn -0.005650 0.088828 -0.045581
vn -0.006732 0.083700 -0.054305
vn -0.007754 0.077635 -0.062551
vn -0.008699 0.070711 -0.070174
vn -0.009551 0.063030 -0.077046
vn -0.010297 0.054721 -0.083064
vn -0.010928 0.045929 -0.088154
vn -0.011439 0.036809 -0.092273
vn -0.012097 0.018196 -0.097584
vn 0.000000 0.100000 0.000000
vn 0.000000 0.100000 0.000000
vn -0.004485 0.093117 -0.036182
vn -0.004528 0.092979 -0.036530
vn -0.004528 0.092979 -0.036530
vn -0.005650 0.088828 -0.045581
vn -0.006559 0.084604 -0.052907
vn -0.006732 0.083700 -0.054305
vn -0.006732 0.083700 -0.054305
vn -0.007754 0.077635 -0.062551
vn -0.008431 0.072825 -0.068011
vn -0.008699 0.070711 -0.070174
vn -0.009269 0.065751 -0.074772
vn -0.009551 0.063030 -0.077046
vn -0.009551 0.063030 -0.077046
vn -0.010027 0.057941 -0.080884
vn -0.010691 0.049473 -0.086245
vn -0.010297 0.054721 -0.083064
vn -0.010297 0.054721 -0.083064
vn -0.009551 0.063030 -0.077046
vn -0.008699 0.070711 -0.070174
vn -0.008699 0.070711 -0.070174
vn -0.007754 0.077635 -0.062551
vn -0.011254 0.040393 -0.090784
vn -0.010928 0.045929 -0.088154
vn -0.010928 0.045929 -0.088154
vn -0.011439 0.036809 -0.092273
vn -0.011706 0.030758 -0.094429
vn -0.011439 0.036809 -0.092273
vn -0.012097 0.018196 -0.097584
vn -0.011439 0.036809 -0.092273
vn -0.012097 0.018196 -0.097584
vn -0.011439 0.036809 -0.092273
vn -0.012097 0.018196 -0.097584
vn -0.012097 0.018196 -0.097584
vn -0.012035 0.020745 -0.097081
vn -0.012097 0.018196 -0.097584
vn -0.011439 0.036809 -0.092273
vn -0.010928 0.045929 -0.088154
vn -0.010297 0.054721 -0.083064
vn -0.009551 0.063030 -0.077046
vn -0.008699 0.070711 -0.070174
vn -0.007754 0.077635 -0.062551
vn -0.006732 0.083700 -0.054305
vn -0.005650 0.088828 -0.045581
vn -0.004528 0.092979 -0.036530
vn -0.005650 0.088828 -0.045581
vn -0.006732 0.083700 -0.054305
vn -0.007754 0.077635 -0.062551
vn -0.009551 0.063030 -0.077046
vn -0.010297 0.054721 -0.083064
vn -0.010297 0.054721 -0.083064
vn -0.010928 0.045929 -0.088154
vn -0.010928 0.045929 -0.088154
vn 0.019211 0.096940 -0.015282
vn 0.028807 0.092979 -0.022915
vn 0.026082 0.094283 -0.020747
vn 0.028807 0.092979 -0.022915
vn 0.028807 0.092979 -0.022915
vn 0.035944 0.088828 -0.028592
vn 0.035944 0.088828 -0.028592
vn 0.042825 0.083700 -0.034065
vn 0.042825 0.083700 -0.034065
vn 0.049327 0.077635 -0.039238
vn 0.049327 0.077635 -0.039238
vn 0.055338 0.070711 -0.044019
vn 0.055338 0.070711 -0.044019
vn 0.060757 0.063030 -0.048330
vn 0.060757 0.063030 -0.048330
vn 0.065503 0.054721 -0.052105
vn 0.065503 0.054721 -0.052105
vn 0.069517 0.045929 -0.055298
vn 0.069517 0.045929 -0.055298
vn 0.072765 0.036809 -0.057882
vn 0.072765 0.036809 -0.057882
vn 0.076954 0.018196 -0.061213
vn 0.076954 0.018196 -0.061213
vn 0.078260 0.000000 -0.062252
vn 0.076954 0.018196 -0.061213
vn 0.076954 0.018196 -0.061213
vn 0.072765 0.036809 -0.057882
vn 0.072765 0.036809 -0.057882
vn 0.069517 0.045929 -0.055298
vn 0.071592 0.040393 -0.056948
vn 0.068012 0.049473 -0.054100
vn 0.030750 0.091957 -0.024460
vn 0.028807 0.092979 -0.022915
vn 0.028807 0.092979 -0.022915
vn 0.028807 0.092979 -0.022915
vn 0.035944 0.088828 -0.028592
vn 0.035944 0.088828 -0.028592
vn 0.042825 0.083700 -0.034065
vn 0.042825 0.083700 -0.034065
vn 0.049327 0.077635 -0.039238
vn 0.049327 0.077635 -0.039238
vn 0.055338 0.070711 -0.044019
vn 0.055338 0.070711 -0.044019
vn 0.060757 0.063030 -0.048330
vn 0.060757 0.063030 -0.048330
vn 0.065503 0.054721 -0.052105
vn 0.060757 0.063030 -0.048330
vn 0.065503 0.054721 -0.052105
vn 0.035944 0.088828 -0.028592
vn 0.041683 0.084635 -0.033157
vn 0.051727 0.075042 -0.041147
vn 0.060614 0.063255 -0.048215
vn 0.068000 0.049500 -0.054091
vn 0.069517 0.045929 -0.055298
vn 0.069517 0.045929 -0.055298
vn 0.073586 0.034043 -0.058534
vn 0.072765 0.036809 -0.057882
vn 0.072765 0.036809 -0.057882
vn 0.076954 0.018196 -0.061213
vn 0.077072 0.017355 -0.061308
vn 0.078260 -0.000000 -0.062252
vn 0.076954 0.018196 -0.061213
vn 0.074466 0.030758 -0.059234
vn 0.077830 0.010466 -0.061910
vn 0.076558 0.020745 -0.060898
vn 0.065503 0.054721 -0.052105
vn 0.063785 0.057941 -0.050738
vn 0.060757 0.063030 -0.048330
vn 0.058965 0.065751 -0.046904
vn 0.055338 0.070711 -0.044019
vn 0.053633 0.072825 -0.042663
vn 0.049327 0.077635 -0.039238
vn 0.041722 0.084604 -0.033188
vn 0.042825 0.083700 -0.034065
vn 0.035944 0.088828 -0.028592
vn 0.042825 0.083700 -0.034065
vn 0.035944 0.088828 -0.028592
vn 0.042825 0.083700 -0.034065
vn 0.035944 0.088828 -0.028592
vn 0.028533 0.093117 -0.022696
vn 0.028807 0.092979 -0.022915
vn 0.028807 0.092979 -0.022915
vn 0.028807 0.092979 -0.022915
vn 0.014543 0.098258 -0.011568
vn 0.014240 0.098331 -0.011328
vn 0.014240 0.098331 -0.011328
vn 0.000165 0.100000 -0.000131
vn 0.000161 0.100000 -0.000128
vn 0.013131 0.098582 -0.010445
vn 0.000000 0.100000 0.000000
vn 0.049327 0.077635 -0.039238
vn 0.049327 0.077635 -0.039238
vn 0.055338 0.070711 -0.044019
vn 0.055338 0.070711 -0.044019
vn 0.060757 0.063030 -0.048330
vn 0.060757 0.063030 -0.048330
vn 0.065503 0.054721 -0.052105
vn 0.065503 0.054721 -0.052105
vn 0.069517 0.045929 -0.055298
vn 0.069517 0.045929 -0.055298
vn 0.072765 0.036809 -0.057882
vn 0.076954 0.018196 -0.061213
vn 0.055338 0.070711 -0.044019
vn 0.049327 0.077635 -0.039238
vn 0.042825 0.083700 -0.034065
vn 0.035944 0.088828 -0.028592
vn -0.001525 0.099229 -0.012298
vn -0.002239 0.098331 -0.018058
vn -0.003020 0.096940 -0.024362
vn -0.004528 0.092979 -0.036530
vn -0.004834 0.091957 -0.038993
vn -0.005650 0.088828 -0.045581
vn -0.006553 0.084635 -0.052858
vn -0.006732 0.083700 -0.054305
vn -0.007754 0.077635 -0.062551
vn -0.007754 0.077635 -0.062551
vn -0.008699 0.070711 -0.070174
vn -0.008699 0.070711 -0.070174
vn -0.009551 0.063030 -0.077046
vn -0.009551 0.063030 -0.077046
vn -0.010297 0.054721 -0.083064
vn -0.010297 0.054721 -0.083064
vn -0.010928 0.045929 -0.088154
vn -0.010928 0.045929 -0.088154
vn -0.011439 0.036809 -0.092273
vn -0.011439 0.036809 -0.092273
vn -0.012097 0.018196 -0.097584
vn -0.000025 0.100000 -0.000205
vn -0.002239 0.098331 -0.018058
vn -0.004528 0.092979 -0.036530
vn -0.004528 0.092979 -0.036530
vn -0.005650 0.088828 -0.045581
vn -0.005650 0.088828 -0.045581
vn -0.006732 0.083700 -0.054305
vn -0.006732 0.083700 -0.054305
vn -0.007754 0.077635 -0.062551
vn -0.007754 0.077635 -0.062551
vn -0.008699 0.070711 -0.070174
vn -0.008699 0.070711 -0.070174
vn -0.009551 0.063030 -0.077046
vn 0.000000 0.100000 0.000000
vn -0.002239 0.098331 -0.018058
vn -0.004528 0.092979 -0.036530
vn -0.005650 0.088828 -0.045581
vn -0.006732 0.083700 -0.054305
vn -0.007754 0.077635 -0.062551
vn -0.002239 0.098331 -0.018058
vn 0.000000 0.100000 0.000000
vn -0.002239 0.098331 -0.018058
vn -0.002239 0.098331 -0.018058
vn -0.004528 0.092979 -0.036530
vn -0.004528 0.092979 -0.036530
vn -0.005650 0.088828 -0.045581
vn -0.002239 0.098331 -0.018058
vn -0.005650 0.088828 -0.045581
vn -0.006732 0.083700 -0.054305
vn -0.009551 0.063030 -0.077046
vn -0.010297 0.054721 -0.083064
vn -0.010297 0.054721 -0.083064
vn -0.010928 0.045929 -0.088154
vn -0.012097 0.018196 -0.097584
vn -0.012303 -0.000000 -0.099240
vn -0.012097 0.018196 -0.097584
vn -0.012097 0.018196 -0.097584
vn -0.011439 0.036809 -0.092273
vn -0.011439 0.036809 -0.092273
vn -0.010928 0.045929 -0.088154
vn -0.010928 0.045929 -0.088154
vn -0.010297 0.054721 -0.083064
vn -0.010690 0.049500 -0.086229
vn -0.009529 0.063255 -0.076863
vn -0.012303 -0.000000 -0.099240
vn -0.012097 0.018196 -0.097584
vn -0.011439 0.036809 -0.092273
vn -0.012097 0.018196 -0.097584
vn -0.012116 0.017355 -0.097734
vn -0.011568 0.034043 -0.093313
vn -0.008132 0.075042 -0.065594
vn -0.008699 0.070711 -0.070174
vn -0.009551 0.063030 -0.077046
vn -0.010297 0.054721 -0.083064
vn -0.010928 0.045929 -0.088154
vn -0.011439 0.036809 -0.092273
vn -0.005650 0.088828 -0.045581
vn -0.006732 0.083700 -0.054305
vn -0.006732 0.083700 -0.054305
vn -0.007754 0.077635 -0.062551
vn -0.009551 0.063030 -0.077046
vn -0.008699 0.070711 -0.070174
vn -0.004528 0.092979 -0.036530
vn -0.008699 0.070711 -0.070174
vn -0.007754 0.077635 -0.062551
vn -0.012026 0.018141 -0.097603
vn -0.011372 0.018196 -0.097671
vn -0.011283 0.036492 -0.092418
vn -0.008555 0.036794 -0.092591
vn -0.006543 0.045885 -0.088610
vn -0.010409 0.053926 -0.083568
vn -0.004269 0.054621 -0.083656
vn -0.010094 0.061947 -0.077851
vn -0.001884 0.062843 -0.077764
vn 0.000437 0.070413 -0.071006
vn -0.009968 0.069339 -0.071363
vn 0.002514 0.077222 -0.063486
vn -0.010121 0.076191 -0.063972
vn 0.004175 0.083196 -0.055326
vn -0.010633 0.082177 -0.055981
vn 0.005275 0.088292 -0.046655
vn -0.011561 0.087228 -0.047515
vn 0.005704 0.092486 -0.037602
vn -0.012934 0.091292 -0.038709
vn -0.016990 0.096360 -0.020640
vn -0.031208 0.086898 -0.038404
vn -0.037287 0.090253 -0.021544
vn -0.022464 0.097400 -0.002922
vn 0.004320 0.098116 -0.018831
vn -0.025461 0.079495 -0.055066
vn -0.020522 0.068129 -0.070266
vn -0.016709 0.053414 -0.082872
vn -0.014134 0.036356 -0.092079
vn -0.012725 0.018155 -0.097512
vn -0.012303 0.000000 -0.099240
vn -0.012303 0.000000 -0.099240
vn -0.012303 0.000000 -0.099240
vn -0.012303 0.000000 -0.099240
vn 0.024595 0.000000 -0.096928
vn 0.024595 0.000000 -0.096928
vn 0.024595 0.000000 -0.096928
vn 0.024595 0.000000 -0.096928
vn 0.024595 0.000000 -0.096928
vn 0.024595 0.000000 -0.096928
vn 0.024595 0.000000 -0.096928
vn 0.024595 0.000000 -0.096928
vn -0.099165 -0.000000 -0.012899
vn -0.098100 0.014616 -0.012761
vn -0.098547 0.011140 -0.012819
vn -0.096678 0.022254 -0.012576
vn -0.094426 0.030544 -0.012283
vn -0.093475 0.033386 -0.012159
vn -0.091307 0.039012 -0.011877
vn -0.087115 0.047776 -0.011332
vn -0.082635 0.055280 -0.010749
vn -0.081654 0.056743 -0.010622
vn -0.074203 0.066338 -0.009652
vn -0.074720 0.065746 -0.009720
vn -0.062049 0.078005 -0.008071
vn -0.060851 0.078959 -0.007916
vn -0.053725 0.084052 -0.006989
vn -0.042988 0.090116 -0.005592
vn -0.022027 0.097502 -0.002865
vn -0.022027 0.097502 -0.002865
vn -0.022027 0.097502 -0.002865
vn -0.042988 0.090116 -0.005592
vn -0.042988 0.090116 -0.005592
vn -0.060851 0.078959 -0.007916
vn -0.060851 0.078959 -0.007916
vn -0.074720 0.065746 -0.009720
vn -0.074720 0.065746 -0.009720
vn -0.081654 0.056743 -0.010622
vn -0.081654 0.056743 -0.010622
vn -0.087115 0.047776 -0.011332
vn -0.087115 0.047776 -0.011332
vn -0.091307 0.039012 -0.011877
vn -0.091307 0.039012 -0.011877
vn -0.094426 0.030544 -0.012283
vn -0.094426 0.030544 -0.012283
vn -0.095888 0.025493 -0.012473
vn -0.091289 0.039056 -0.011875
vn 0.000000 0.100000 0.000000
vn -0.022027 0.097502 -0.002865
vn -0.042988 0.090116 -0.005592
vn -0.060851 0.078959 -0.007916
vn -0.074720 0.065746 -0.009720
vn -0.083790 0.053483 -0.010900
vn -0.000283 0.100000 -0.000037
vn -0.015636 0.098749 -0.002034
vn -0.022027 0.097502 -0.002865
vn -0.022027 0.097502 -0.002865
vn -0.042988 0.090116 -0.005592
vn -0.042988 0.090116 -0.005592
vn -0.054622 0.083462 -0.007105
vn -0.022027 0.097502 -0.002865
vn -0.030113 0.095278 -0.003917
vn -0.043231 0.089997 -0.005624
vn -0.060851 0.078959 -0.007916
vn -0.064194 0.076219 -0.008350
vn -0.072112 0.068643 -0.009380
vn -0.098100 0.014616 -0.012761
vn -0.098377 0.012574 -0.012797
vn 0.000000 0.100000 0.000000
vn 0.000000 0.100000 0.000000
vn 0.000000 0.100000 0.000000
vn 0.000000 0.100000 0.000000
vn 0.000000 0.100000 0.000000
vn 0.000000 0.100000 0.000000
vn 0.000000 0.100000 0.000000
vn 0.000000 0.100000 0.000000
vn -0.028628 0.095400 -0.008907
vn -0.027576 0.095739 -0.008579
vn -0.013205 0.099039 -0.004108
vn -0.027576 0.095739 -0.008579
vn -0.027576 0.095739 -0.008579
vn -0.041825 0.089897 -0.013012
vn -0.041825 0.089897 -0.013012
vn -0.055344 0.081490 -0.017218
vn -0.055344 0.081490 -0.017218
vn -0.067519 0.070711 -0.021006
vn -0.067519 0.070711 -0.021006
vn -0.074131 0.063030 -0.023063
vn -0.074131 0.063030 -0.023063
vn -0.079921 0.054721 -0.024864
vn -0.079921 0.054721 -0.024864
vn -0.084818 0.045929 -0.026388
vn -0.084818 0.045929 -0.026388
vn -0.088781 0.036809 -0.027621
vn -0.088781 0.036809 -0.027621
vn -0.093892 0.018196 -0.029211
vn -0.093892 0.018196 -0.029211
vn -0.095486 0.000000 -0.029707
vn -0.093892 0.018196 -0.029211
vn -0.093892 0.018196 -0.029211
vn -0.088781 0.036809 -0.027621
vn -0.090849 0.030782 -0.028264
vn -0.087451 0.040151 -0.027207
vn -0.043465 0.089039 -0.013522
vn -0.041825 0.089897 -0.013012
vn -0.041825 0.089897 -0.013012
vn -0.057339 0.079962 -0.017839
vn -0.055344 0.081490 -0.017218
vn -0.055344 0.081490 -0.017218
vn -0.069812 0.068224 -0.021719
vn -0.067519 0.070711 -0.021006
vn -0.067519 0.070711 -0.021006
vn -0.067519 0.070711 -0.021006
vn -0.074131 0.063030 -0.023063
vn -0.074131 0.063030 -0.023063
vn -0.079921 0.054721 -0.024864
vn -0.079921 0.054721 -0.024864
vn -0.084818 0.045929 -0.026388
vn -0.084818 0.045929 -0.026388
vn -0.088781 0.036809 -0.027621
vn -0.088781 0.036809 -0.027621
vn -0.093892 0.018196 -0.029211
vn -0.093892 0.018196 -0.029211
vn -0.095486 0.000000 -0.029707
vn -0.093892 0.018196 -0.029211
vn -0.080405 0.053938 -0.025015
vn -0.074131 0.063030 -0.023063
vn -0.088542 0.037437 -0.027546
vn -0.084818 0.045929 -0.026388
vn -0.084818 0.045929 -0.026388
vn -0.079921 0.054721 -0.024864
vn -0.088781 0.036809 -0.027621
vn -0.091536 0.028463 -0.028478
vn -0.088781 0.036809 -0.027621
vn -0.093892 0.018196 -0.029211
vn -0.093892 0.018196 -0.029211
vn -0.093713 0.019182 -0.029155
vn -0.095038 0.009674 -0.029567
vn -0.095486 0.000000 -0.029707
vn -0.094952 0.010557 -0.029541
vn -0.093388 0.020846 -0.029054
vn -0.084818 0.045929 -0.026388
vn -0.083315 0.048855 -0.025920
vn -0.078544 0.056865 -0.024436
vn -0.067510 0.070720 -0.021003
vn -0.074131 0.063030 -0.023063
vn -0.079921 0.054721 -0.024864
vn -0.084818 0.045929 -0.026388
vn -0.088781 0.036809 -0.027621
vn -0.067519 0.070711 -0.021006
vn -0.055035 0.081719 -0.017122
vn -0.055344 0.081490 -0.017218
vn -0.041620 0.090001 -0.012948
vn -0.041825 0.089897 -0.013012
vn -0.027589 0.095735 -0.008583
vn -0.027576 0.095739 -0.008579
vn -0.013205 0.099039 -0.004108
vn -0.027576 0.095739 -0.008579
vn -0.088781 0.036809 -0.027621
vn -0.084818 0.045929 -0.026388
vn -0.079921 0.054721 -0.024864
vn -0.074131 0.063030 -0.023063
vn -0.067519 0.070711 -0.021006
vn -0.055344 0.081490 -0.017218
vn -0.079921 0.054721 -0.024864
vn -0.074131 0.063030 -0.023063
vn -0.067519 0.070711 -0.021006
vn -0.055344 0.081490 -0.017218
vn -0.041825 0.089897 -0.013012
vn -0.012303 0.000000 -0.099240
vn -0.012303 0.000000 -0.099240
vn -0.000036 0.100000 0.000203
vn -0.000030 0.100000 0.000167
vn -0.003168 0.098331 0.017918
vn -0.003168 0.098331 0.017918
vn -0.006408 0.092979 0.036247
vn -0.006408 0.092979 0.036247
vn -0.007996 0.088828 0.045228
vn -0.007996 0.088828 0.045228
vn -0.009527 0.083700 0.053885
vn -0.009527 0.083700 0.053885
vn -0.010973 0.077635 0.062067
vn -0.010973 0.077635 0.062067
vn -0.012311 0.070711 0.069631
vn -0.012311 0.070711 0.069631
vn -0.013516 0.063030 0.076450
vn -0.013516 0.063030 0.076450
vn -0.014572 0.054721 0.082421
vn -0.013516 0.063030 0.076450
vn -0.014572 0.054721 0.082421
vn -0.014291 0.057116 0.080830
vn -0.015578 0.044654 0.088110
vn -0.001830 0.099446 0.010350
vn -0.003168 0.098331 0.017918
vn -0.003650 0.097777 0.020648
vn -0.006408 0.092979 0.036247
vn -0.006408 0.092979 0.036247
vn -0.007996 0.088828 0.045228
vn -0.007996 0.088828 0.045228
vn -0.009527 0.083700 0.053885
vn -0.009527 0.083700 0.053885
vn -0.010973 0.077635 0.062067
vn -0.010973 0.077635 0.062067
vn -0.012311 0.070711 0.069631
vn -0.010973 0.077635 0.062067
vn -0.012311 0.070711 0.069631
vn -0.012311 0.070711 0.069631
vn -0.013516 0.063030 0.076450
vn -0.012766 0.067994 0.072207
vn -0.005472 0.094932 0.030951
vn -0.006408 0.092979 0.036247
vn -0.007996 0.088828 0.045228
vn -0.009527 0.083700 0.053885
vn -0.009527 0.083700 0.053885
vn -0.010973 0.077635 0.062067
vn -0.010973 0.077635 0.062067
vn -0.011060 0.077230 0.062556
vn -0.009527 0.083700 0.053885
vn -0.009527 0.083700 0.053885
vn -0.009218 0.084834 0.052137
vn -0.007276 0.090849 0.041152
vn -0.006408 0.092979 0.036247
vn -0.006408 0.092979 0.036247
vn -0.006408 0.092979 0.036247
vn -0.007996 0.088828 0.045228
vn -0.006408 0.092979 0.036247
vn -0.007996 0.088828 0.045228
vn -0.007996 0.088828 0.045228
vn -0.007996 0.088828 0.045228
vn -0.007996 0.088828 0.045228
vn -0.016567 0.030730 0.093708
vn -0.016187 0.036809 0.091559
vn -0.015465 0.045929 0.087472
vn -0.015465 0.045929 0.087472
vn -0.014572 0.054721 0.082421
vn -0.013516 0.063030 0.076450
vn -0.012311 0.070711 0.069631
vn -0.010973 0.077635 0.062067
vn -0.009527 0.083700 0.053885
vn -0.007996 0.088828 0.045228
vn -0.006408 0.092979 0.036247
vn -0.002921 0.098582 0.016523
vn -0.017194 0.015682 0.097254
vn -0.017119 0.018196 0.096829
vn -0.017119 0.018196 0.096829
vn -0.016187 0.036809 0.091559
vn -0.016187 0.036809 0.091559
vn -0.015465 0.045929 0.087472
vn -0.015465 0.045929 0.087472
vn -0.014572 0.054721 0.082421
vn -0.014572 0.054721 0.082421
vn -0.013516 0.063030 0.076450
vn -0.013516 0.063030 0.076450
vn -0.012311 0.070711 0.069631
vn -0.012311 0.070711 0.069631
vn -0.010973 0.077635 0.062067
vn -0.010973 0.077635 0.062067
vn -0.009527 0.083700 0.053885
vn -0.010339 0.080457 0.058478
vn -0.008148 0.088371 0.046089
vn -0.017410 0.000000 0.098473
vn -0.017119 0.018196 0.096829
vn -0.017119 0.018196 0.096829
vn -0.016187 0.036809 0.091559
vn -0.016187 0.036809 0.091559
vn -0.015465 0.045929 0.087472
vn -0.015465 0.045929 0.087472
vn -0.014572 0.054721 0.082421
vn -0.014572 0.054721 0.082421
vn -0.013516 0.063030 0.076450
vn -0.013516 0.063030 0.076450
vn -0.012311 0.070711 0.069631
vn -0.012325 0.070628 0.069712
vn -0.017410 -0.000000 0.098473
vn -0.017119 0.018196 0.096829
vn -0.017119 0.018196 0.096829
vn -0.017188 0.015907 0.097219
vn -0.017119 0.018196 0.096829
vn -0.017119 0.018196 0.096829
vn -0.016187 0.036809 0.091559
vn -0.016187 0.036809 0.091559
vn -0.015465 0.045929 0.087472
vn -0.016535 0.031305 0.093523
vn -0.016187 0.036809 0.091559
vn -0.015475 0.045820 0.087528
vn -0.015465 0.045929 0.087472
vn -0.014572 0.054721 0.082421
vn -0.014057 0.058995 0.079511
vn -0.005802 0.094283 0.032819
vn -0.007996 0.088828 0.045228
vn -0.009527 0.083700 0.053885
vn -0.010973 0.077635 0.062067
vn -0.012311 0.070711 0.069631
vn -0.013516 0.063030 0.076450
vn -0.014572 0.054721 0.082421
vn -0.015465 0.045929 0.087472
vn -0.016187 0.036809 0.091559
vn -0.009527 0.083700 0.053885
vn -0.000165 0.100000 0.000135
vn -0.014117 0.098331 0.011481
vn -0.014117 0.098331 0.011481
vn -0.000162 0.100000 0.000132
vn -0.014117 0.098331 0.011481
vn -0.014369 0.098270 0.011685
vn -0.028558 0.092979 0.023225
vn -0.028558 0.092979 0.023225
vn -0.035633 0.088828 0.028979
vn -0.035633 0.088828 0.028979
vn -0.042454 0.083700 0.034526
vn -0.041645 0.084372 0.033868
vn -0.042454 0.083700 0.034526
vn -0.047700 0.078866 0.038792
vn -0.048900 0.077635 0.039768
vn -0.053326 0.072633 0.043368
vn -0.054859 0.070711 0.044614
vn -0.058476 0.065719 0.047555
vn -0.060232 0.063030 0.048983
vn -0.060232 0.063030 0.048983
vn -0.063069 0.058237 0.051291
vn -0.028421 0.093049 0.023113
vn -0.035204 0.089112 0.028630
vn -0.064937 0.054721 0.052810
vn -0.067078 0.050247 0.054551
vn -0.068916 0.045929 0.056046
vn -0.070485 0.041786 0.057322
vn -0.072136 0.036809 0.058664
vn -0.072136 0.036809 0.058664
vn -0.073363 0.032532 0.059662
vn -0.075621 0.022344 0.061499
vn -0.076288 0.018196 0.062041
vn -0.076288 0.018196 0.062041
vn -0.072136 0.036809 0.058664
vn -0.068916 0.045929 0.056046
vn -0.068916 0.045929 0.056046
vn -0.064937 0.054721 0.052810
vn -0.064937 0.054721 0.052810
vn -0.060232 0.063030 0.048983
vn -0.060232 0.063030 0.048983
vn -0.054859 0.070711 0.044614
vn -0.054859 0.070711 0.044614
vn -0.048900 0.077635 0.039768
vn -0.048900 0.077635 0.039768
vn -0.042454 0.083700 0.034526
vn -0.042454 0.083700 0.034526
vn -0.035633 0.088828 0.028979
vn -0.042613 0.083566 0.034655
vn -0.029311 0.092589 0.023837
vn -0.077077 0.011403 0.062683
vn -0.077583 -0.000000 0.063094
vn -0.076288 0.018196 0.062041
vn -0.072136 0.036809 0.058664
vn -0.068916 0.045929 0.056046
vn -0.064937 0.054721 0.052810
vn -0.060232 0.063030 0.048983
vn -0.054859 0.070711 0.044614
vn -0.048900 0.077635 0.039768
vn -0.076288 0.018196 0.062041
vn -0.077583 -0.000000 0.063094
vn -0.076288 0.018196 0.062041
vn -0.076288 0.018196 0.062041
vn -0.072136 0.036809 0.058664
vn -0.072136 0.036809 0.058664
vn -0.068916 0.045929 0.056046
vn -0.068916 0.045929 0.056046
vn -0.064937 0.054721 0.052810
vn -0.064937 0.054721 0.052810
vn -0.060232 0.063030 0.048983
vn -0.064150 0.056241 0.052170
vn -0.054378 0.071325 0.044223
vn -0.077583 0.000000 0.063094
vn -0.076288 0.018196 0.062041
vn -0.076288 0.018196 0.062041
vn -0.076288 0.018196 0.062041
vn -0.072136 0.036809 0.058664
vn -0.077194 0.009996 0.062778
vn -0.076038 0.019856 0.061838
vn -0.074129 0.029506 0.060285
vn -0.072136 0.036809 0.058664
vn -0.071482 0.038872 0.058132
vn -0.068916 0.045929 0.056046
vn -0.054859 0.070711 0.044614
vn -0.060232 0.063030 0.048983
vn -0.064937 0.054721 0.052810
vn -0.068916 0.045929 0.056046
vn -0.072136 0.036809 0.058664
vn -0.028558 0.092979 0.023225
vn -0.015000 0.098113 0.012198
vn -0.028558 0.092979 0.023225
vn -0.035633 0.088828 0.028979
vn -0.035633 0.088828 0.028979
vn -0.042454 0.083700 0.034526
vn -0.042454 0.083700 0.034526
vn -0.048900 0.077635 0.039768
vn -0.054859 0.070711 0.044614
vn -0.060232 0.063030 0.048983
vn -0.064937 0.054721 0.052810
vn -0.048900 0.077635 0.039768
vn -0.054859 0.070711 0.044614
vn -0.000047 0.100000 -0.000206
vn -0.004069 0.098331 -0.017736
vn -0.000047 0.100000 -0.000204
vn -0.004069 0.098331 -0.017736
vn -0.004069 0.098331 -0.017736
vn -0.008231 0.092979 -0.035877
vn -0.008231 0.092979 -0.035877
vn -0.010270 0.088828 -0.044766
vn -0.010270 0.088828 -0.044766
vn -0.012236 0.083700 -0.053335
vn -0.012236 0.083700 -0.053335
vn -0.014094 0.077635 -0.061434
vn -0.014094 0.077635 -0.061434
vn -0.015812 0.070711 -0.068920
vn -0.015812 0.070711 -0.068920
vn -0.017360 0.063030 -0.075670
vn -0.017360 0.063030 -0.075670
vn -0.018716 0.054721 -0.081580
vn -0.018716 0.054721 -0.081580
vn -0.019863 0.045929 -0.086579
vn -0.019863 0.045929 -0.086579
vn -0.020791 0.036809 -0.090625
vn -0.020791 0.036809 -0.090625
vn -0.021988 0.018196 -0.095841
vn -0.021988 0.018196 -0.095841
vn -0.022361 0.000000 -0.097468
vn -0.021988 0.018196 -0.095841
vn -0.021988 0.018196 -0.095841
vn -0.020791 0.036809 -0.090625
vn -0.021145 0.032532 -0.092166
vn -0.020315 0.041786 -0.088551
vn -0.004198 0.098222 -0.018297
vn -0.004069 0.098331 -0.017736
vn -0.004069 0.098331 -0.017736
vn -0.008231 0.092979 -0.035877
vn -0.008231 0.092979 -0.035877
vn -0.010270 0.088828 -0.044766
vn -0.010270 0.088828 -0.044766
vn -0.012236 0.083700 -0.053335
vn -0.012236 0.083700 -0.053335
vn -0.014094 0.077635 -0.061434
vn -0.014094 0.077635 -0.061434
vn -0.015812 0.070711 -0.068920
vn -0.015812 0.070711 -0.068920
vn -0.017360 0.063030 -0.075670
vn -0.017360 0.063030 -0.075670
vn -0.018716 0.054721 -0.081580
vn -0.018716 0.054721 -0.081580
vn -0.019863 0.045929 -0.086579
vn -0.019863 0.045929 -0.086579
vn -0.020791 0.036809 -0.090625
vn -0.020791 0.036809 -0.090625
vn -0.021988 0.018196 -0.095841
vn -0.021988 0.018196 -0.095841
vn -0.008229 0.092983 -0.035867
vn -0.008231 0.092979 -0.035877
vn -0.008231 0.092979 -0.035877
vn -0.010270 0.088828 -0.044766
vn -0.012015 0.084339 -0.052370
vn -0.012236 0.083700 -0.053335
vn -0.014094 0.077635 -0.061434
vn -0.012236 0.083700 -0.053335
vn -0.014094 0.077635 -0.061434
vn -0.015415 0.072440 -0.067192
vn -0.015812 0.070711 -0.068920
vn -0.015812 0.070711 -0.068920
vn -0.015812 0.070711 -0.068920
vn -0.016931 0.065321 -0.073800
vn -0.017360 0.063030 -0.075670
vn -0.017360 0.063030 -0.075670
vn -0.018716 0.054721 -0.081580
vn -0.018716 0.054721 -0.081580
vn -0.019863 0.045929 -0.086579
vn -0.019863 0.045929 -0.086579
vn -0.020791 0.036809 -0.090625
vn -0.020791 0.036809 -0.090625
vn -0.021988 0.018196 -0.095841
vn -0.021988 0.018196 -0.095841
vn -0.022241 0.010340 -0.096945
vn -0.022361 0.000000 -0.097468
vn -0.018295 0.057497 -0.079746
vn -0.019488 0.049037 -0.084945
vn -0.020495 0.039991 -0.089335
vn -0.021301 0.030423 -0.092848
vn -0.021886 0.020507 -0.095396
vn -0.021988 0.018196 -0.095841
vn -0.020791 0.036809 -0.090625
vn -0.019863 0.045929 -0.086579
vn -0.018716 0.054721 -0.081580
vn -0.017360 0.063030 -0.075670
vn -0.022361 0.000000 -0.097468
vn -0.022215 0.011403 -0.096832
vn -0.021796 0.022344 -0.095004
vn -0.019863 0.045929 -0.086579
vn -0.019333 0.050247 -0.084270
vn -0.018716 0.054721 -0.081580
vn -0.018178 0.058237 -0.079234
vn -0.017360 0.063030 -0.075670
vn -0.016854 0.065719 -0.073464
vn -0.015812 0.070711 -0.068920
vn -0.015370 0.072633 -0.066994
vn -0.014094 0.077635 -0.061434
vn -0.013748 0.078866 -0.059926
vn -0.012003 0.084372 -0.052319
vn -0.010147 0.089112 -0.044227
vn -0.012236 0.083700 -0.053335
vn -0.014094 0.077635 -0.061434
vn -0.015812 0.070711 -0.068920
vn -0.017360 0.063030 -0.075670
vn -0.018716 0.054721 -0.081580
vn -0.019863 0.045929 -0.086579
vn -0.020791 0.036809 -0.090625
vn -0.010270 0.088828 -0.044766
vn -0.008191 0.093049 -0.035705
vn -0.004141 0.098270 -0.018052
vn -0.010270 0.088828 -0.044766
vn 0.011808 0.098331 -0.013845
vn 0.011808 0.098331 -0.013845
vn 0.011808 0.098331 -0.013845
vn 0.023886 0.092979 -0.028007
vn 0.023886 0.092979 -0.028007
vn 0.029804 0.088828 -0.034946
vn 0.029804 0.088828 -0.034946
vn 0.035509 0.083700 -0.041635
vn 0.035509 0.083700 -0.041635
vn 0.040900 0.077635 -0.047957
vn 0.040900 0.077635 -0.047957
vn 0.045885 0.070711 -0.053802
vn 0.045885 0.070711 -0.053802
vn 0.050378 0.063030 -0.059070
vn 0.050378 0.063030 -0.059070
vn 0.054313 0.054721 -0.063684
vn 0.054313 0.054721 -0.063684
vn 0.057641 0.045929 -0.067587
vn 0.057641 0.045929 -0.067587
vn 0.060335 0.036809 -0.070745
vn 0.060335 0.036809 -0.070745
vn 0.063807 0.018196 -0.074817
vn 0.063807 0.018196 -0.074817
vn 0.064891 -0.000000 -0.076087
vn 0.063807 0.018196 -0.074817
vn 0.064891 -0.000000 -0.076087
vn 0.064543 0.010340 -0.075679
vn 0.000140 0.100000 -0.000164
vn 0.011808 0.098331 -0.013845
vn 0.011808 0.098331 -0.013845
vn 0.011808 0.098331 -0.013845
vn 0.023886 0.092979 -0.028007
vn 0.023886 0.092979 -0.028007
vn 0.029804 0.088828 -0.034946
vn 0.029804 0.088828 -0.034946
vn 0.035509 0.083700 -0.041635
vn 0.035509 0.083700 -0.041635
vn 0.040900 0.077635 -0.047957
vn 0.040900 0.077635 -0.047957
vn 0.045885 0.070711 -0.053802
vn 0.045885 0.070711 -0.053802
vn 0.050378 0.063030 -0.059070
vn 0.050378 0.063030 -0.059070
vn 0.054313 0.054721 -0.063684
vn 0.054313 0.054721 -0.063684
vn 0.057641 0.045929 -0.067587
vn 0.057641 0.045929 -0.067587
vn 0.060335 0.036809 -0.070745
vn 0.060335 0.036809 -0.070745
vn 0.063807 0.018196 -0.074817
vn 0.063807 0.018196 -0.074817
vn 0.064891 0.000000 -0.076087
vn 0.012665 0.098077 -0.014851
vn 0.011808 0.098331 -0.013845
vn 0.011808 0.098331 -0.013845
vn 0.023886 0.092979 -0.028007
vn 0.023886 0.092979 -0.028007
vn 0.029804 0.088828 -0.034946
vn 0.029804 0.088828 -0.034946
vn 0.035509 0.083700 -0.041635
vn 0.035509 0.083700 -0.041635
vn 0.040900 0.077635 -0.047957
vn 0.040900 0.077635 -0.047957
vn 0.045885 0.070711 -0.053802
vn 0.045885 0.070711 -0.053802
vn 0.050378 0.063030 -0.059070
vn 0.050378 0.063030 -0.059070
vn 0.054313 0.054721 -0.063684
vn 0.054313 0.054721 -0.063684
vn 0.057641 0.045929 -0.067587
vn 0.057641 0.045929 -0.067587
vn 0.060335 0.036809 -0.070745
vn 0.060335 0.036809 -0.070745
vn 0.063807 0.018196 -0.074817
vn 0.063807 0.018196 -0.074817
vn 0.023886 0.092979 -0.028007
vn 0.024727 0.092455 -0.028994
vn 0.029804 0.088828 -0.034946
vn 0.035890 0.083312 -0.042083
vn 0.035509 0.083700 -0.041635
vn 0.045718 0.070967 -0.053606
vn 0.053827 0.055851 -0.063114
vn 0.059880 0.038531 -0.070212
vn 0.063624 0.019661 -0.074602
vn 0.063512 0.020507 -0.074470
vn 0.061815 0.030423 -0.072480
vn 0.060335 0.036809 -0.070745
vn 0.059476 0.039991 -0.069738
vn 0.057641 0.045929 -0.067587
vn 0.056553 0.049037 -0.066311
vn 0.054313 0.054721 -0.063684
vn 0.053092 0.057497 -0.062252
vn 0.049133 0.065321 -0.057611
vn 0.050378 0.063030 -0.059070
vn 0.044734 0.072440 -0.052452
vn 0.045885 0.070711 -0.053802
vn 0.040900 0.077635 -0.047957
vn 0.034866 0.084339 -0.040882
vn 0.035509 0.083700 -0.041635
vn 0.029804 0.088828 -0.034946
vn 0.023879 0.092983 -0.027999
vn 0.023886 0.092979 -0.028007
vn 0.012182 0.098222 -0.014283
vn 0.011808 0.098331 -0.013845
vn 0.000137 0.100000 -0.000161
vn 0.063807 0.018196 -0.074817
vn 0.060335 0.036809 -0.070745
vn 0.057641 0.045929 -0.067587
vn 0.054313 0.054721 -0.063684
vn 0.050378 0.063030 -0.059070
vn 0.045885 0.070711 -0.053802
vn 0.040900 0.077635 -0.047957
vn 0.035509 0.083700 -0.041635
vn 0.029804 0.088828 -0.034946
vn 0.023886 0.092979 -0.028007
vn 0.000064 0.100000 -0.000205
vn 0.005406 0.098331 -0.017375
vn 0.005798 0.098077 -0.018637
vn 0.010935 0.092979 -0.035148
vn 0.011320 0.092455 -0.036386
vn 0.013644 0.088828 -0.043856
vn 0.016430 0.083312 -0.052812
vn 0.016256 0.083700 -0.052251
vn 0.018724 0.077635 -0.060184
vn 0.018724 0.077635 -0.060184
vn 0.021006 0.070711 -0.067519
vn 0.021006 0.070711 -0.067519
vn 0.023063 0.063030 -0.074131
vn 0.023063 0.063030 -0.074131
vn 0.024864 0.054721 -0.079921
vn 0.024864 0.054721 -0.079921
vn 0.026388 0.045929 -0.084818
vn 0.026388 0.045929 -0.084818
vn 0.027621 0.036809 -0.088781
vn 0.027621 0.036809 -0.088781
vn 0.028076 0.032673 -0.090245
vn 0.026873 0.042624 -0.086377
vn 0.026388 0.045929 -0.084818
vn 0.024864 0.054721 -0.079921
vn 0.024864 0.054721 -0.079921
vn 0.023063 0.063030 -0.074131
vn 0.023063 0.063030 -0.074131
vn 0.021006 0.070711 -0.067519
vn 0.021006 0.070711 -0.067519
vn 0.018724 0.077635 -0.060184
vn 0.018724 0.077635 -0.060184
vn 0.016256 0.083700 -0.052251
vn 0.016256 0.083700 -0.052251
vn 0.013644 0.088828 -0.043856
vn 0.013644 0.088828 -0.043856
vn 0.010935 0.092979 -0.035148
vn 0.010935 0.092979 -0.035148
vn 0.005406 0.098331 -0.017375
vn 0.005406 0.098331 -0.017375
vn 0.005406 0.098331 -0.017375
vn 0.005406 0.098331 -0.017375
vn 0.010935 0.092979 -0.035148
vn 0.010935 0.092979 -0.035148
vn 0.013644 0.088828 -0.043856
vn 0.010327 0.093763 -0.033195
vn 0.015200 0.085919 -0.048856
vn 0.005406 0.098331 -0.017375
vn 0.005406 0.098331 -0.017375
vn 0.010935 0.092979 -0.035148
vn 0.010935 0.092979 -0.035148
vn 0.013644 0.088828 -0.043856
vn 0.013644 0.088828 -0.043856
vn 0.016256 0.083700 -0.052251
vn 0.016256 0.083700 -0.052251
vn 0.018724 0.077635 -0.060184
vn 0.018724 0.077635 -0.060184
vn 0.021006 0.070711 -0.067519
vn 0.021006 0.070711 -0.067519
vn 0.023063 0.063030 -0.074131
vn 0.000062 0.100000 -0.000201
vn 0.005245 0.098429 -0.016860
vn 0.005406 0.098331 -0.017375
vn 0.005406 0.098331 -0.017375
vn 0.019718 0.074795 -0.063379
vn 0.018724 0.077635 -0.060184
vn 0.016256 0.083700 -0.052251
vn 0.013644 0.088828 -0.043856
vn 0.013644 0.088828 -0.043856
vn 0.010935 0.092979 -0.035148
vn 0.021787 0.067980 -0.070029
vn 0.021006 0.070711 -0.067519
vn 0.018724 0.077635 -0.060184
vn 0.016256 0.083700 -0.052251
vn 0.023692 0.060326 -0.076154
vn 0.023063 0.063030 -0.074131
vn 0.025401 0.051855 -0.081645
vn 0.028971 0.022120 -0.093120
vn 0.029211 0.018196 -0.093892
vn 0.027621 0.036809 -0.088781
vn 0.029211 0.018196 -0.093892
vn 0.027621 0.036809 -0.088781
vn 0.029211 0.018196 -0.093892
vn 0.027621 0.036809 -0.088781
vn 0.029211 0.018196 -0.093892
vn 0.027621 0.036809 -0.088781
vn 0.029211 0.018196 -0.093892
vn 0.027621 0.036809 -0.088781
vn 0.029211 0.018196 -0.093892
vn 0.029127 0.019661 -0.093622
vn 0.029707 0.000000 -0.095486
vn 0.029707 -0.000000 -0.095486
vn 0.029520 0.011196 -0.094885
vn 0.027413 0.038531 -0.088113
vn 0.026388 0.045929 -0.084818
vn 0.026388 0.045929 -0.084818
vn 0.026388 0.045929 -0.084818
vn 0.026388 0.045929 -0.084818
vn 0.024642 0.055851 -0.079205
vn 0.024864 0.054721 -0.079921
vn 0.024864 0.054721 -0.079921
vn 0.024864 0.054721 -0.079921
vn 0.023063 0.063030 -0.074131
vn 0.020929 0.070967 -0.067273
vn 0.021006 0.070711 -0.067519
vn 0.005406 0.098331 -0.017375
vn 0.005406 0.098331 -0.017375
vn 0.010935 0.092979 -0.035148
vn 0.010935 0.092979 -0.035148
vn 0.013644 0.088828 -0.043856
vn 0.013644 0.088828 -0.043856
vn 0.016256 0.083700 -0.052251
vn 0.016256 0.083700 -0.052251
vn 0.018724 0.077635 -0.060184
vn 0.023063 0.063030 -0.074131
vn -0.000186 0.100000 -0.000097
vn -0.015653 0.098429 -0.008171
vn -0.016131 0.098331 -0.008420
vn -0.030818 0.093763 -0.016087
vn -0.032631 0.092979 -0.017033
vn -0.040716 0.088828 -0.021254
vn -0.040716 0.088828 -0.021254
vn -0.048510 0.083700 -0.025322
vn -0.048510 0.083700 -0.025322
vn -0.055875 0.077635 -0.029167
vn -0.055875 0.077635 -0.029167
vn -0.062685 0.070711 -0.032721
vn -0.062685 0.070711 -0.032721
vn -0.068823 0.063030 -0.035925
vn -0.068823 0.063030 -0.035925
vn -0.074199 0.054721 -0.038731
vn -0.074199 0.054721 -0.038731
vn -0.078746 0.045929 -0.041105
vn -0.078746 0.045929 -0.041105
vn -0.082425 0.036809 -0.043025
vn -0.082425 0.036809 -0.043025
vn -0.084404 0.030576 -0.044058
vn -0.081181 0.040174 -0.042376
vn -0.078746 0.045929 -0.041105
vn -0.074199 0.054721 -0.038731
vn -0.074199 0.054721 -0.038731
vn -0.068823 0.063030 -0.035925
vn -0.068823 0.063030 -0.035925
vn -0.062685 0.070711 -0.032721
vn -0.062685 0.070711 -0.032721
vn -0.055875 0.077635 -0.029167
vn -0.055875 0.077635 -0.029167
vn -0.048510 0.083700 -0.025322
vn -0.048510 0.083700 -0.025322
vn -0.040716 0.088828 -0.021254
vn -0.040716 0.088828 -0.021254
vn -0.032631 0.092979 -0.017033
vn -0.032631 0.092979 -0.017033
vn -0.016131 0.098331 -0.008420
vn -0.016131 0.098331 -0.008420
vn -0.000187 0.100000 -0.000098
vn -0.016131 0.098331 -0.008420
vn -0.016131 0.098331 -0.008420
vn -0.016131 0.098331 -0.008420
vn -0.032631 0.092979 -0.017033
vn -0.032631 0.092979 -0.017033
vn -0.040716 0.088828 -0.021254
vn -0.040716 0.088828 -0.021254
vn -0.048510 0.083700 -0.025322
vn -0.048510 0.083700 -0.025322
vn -0.055875 0.077635 -0.029167
vn -0.016564 0.098239 -0.008646
vn -0.016131 0.098331 -0.008420
vn -0.016131 0.098331 -0.008420
vn -0.016131 0.098331 -0.008420
vn -0.032631 0.092979 -0.017033
vn -0.032631 0.092979 -0.017033
vn -0.040716 0.088828 -0.021254
vn -0.040716 0.088828 -0.021254
vn -0.047461 0.084461 -0.024774
vn -0.048510 0.083700 -0.025322
vn -0.055875 0.077635 -0.029167
vn -0.032483 0.093045 -0.016956
vn -0.060948 0.072617 -0.031814
vn -0.062685 0.070711 -0.032721
vn -0.066972 0.065519 -0.034959
vn -0.068823 0.063030 -0.035925
vn -0.072403 0.057700 -0.037794
vn -0.077159 0.049236 -0.040277
vn -0.087169 0.018196 -0.045502
vn -0.086745 0.020616 -0.045280
vn -0.087169 0.018196 -0.045502
vn -0.088169 0.010397 -0.046023
vn -0.087169 0.018196 -0.045502
vn -0.082425 0.036809 -0.043025
vn -0.082425 0.036809 -0.043025
vn -0.078746 0.045929 -0.041105
vn -0.078746 0.045929 -0.041105
vn -0.074199 0.054721 -0.038731
vn -0.074199 0.054721 -0.038731
vn -0.068823 0.063030 -0.035925
vn -0.068823 0.063030 -0.035925
vn -0.062685 0.070711 -0.032721
vn -0.062685 0.070711 -0.032721
vn -0.055875 0.077635 -0.029167
vn -0.055875 0.077635 -0.029167
vn -0.048510 0.083700 -0.025322
vn -0.045359 0.085919 -0.023677
vn -0.088649 0.000000 -0.046274
vn -0.087169 0.018196 -0.045502
vn -0.082425 0.036809 -0.043025
vn -0.078746 0.045929 -0.041105
vn -0.074199 0.054721 -0.038731
vn -0.068823 0.063030 -0.035925
vn -0.062685 0.070711 -0.032721
vn -0.058841 0.074795 -0.030715
vn -0.088649 0.000000 -0.046274
vn -0.087169 0.018196 -0.045502
vn -0.087169 0.018196 -0.045502
vn -0.087169 0.018196 -0.045502
vn -0.082425 0.036809 -0.043025
vn -0.088092 0.011196 -0.045983
vn -0.087169 0.018196 -0.045502
vn -0.087169 0.018196 -0.045502
vn -0.082425 0.036809 -0.043025
vn -0.082425 0.036809 -0.043025
vn -0.078746 0.045929 -0.041105
vn -0.078746 0.045929 -0.041105
vn -0.074199 0.054721 -0.038731
vn -0.086453 0.022120 -0.045128
vn -0.082425 0.036809 -0.043025
vn -0.083784 0.032673 -0.043735
vn -0.080193 0.042624 -0.041860
vn -0.078746 0.045929 -0.041105
vn -0.075799 0.051855 -0.039567
vn -0.074199 0.054721 -0.038731
vn -0.070702 0.060326 -0.036906
vn -0.068823 0.063030 -0.035925
vn -0.065015 0.067980 -0.033937
vn -0.016131 0.098331 -0.008420
vn -0.032631 0.092979 -0.017033
vn -0.040716 0.088828 -0.021254
vn -0.048510 0.083700 -0.025322
vn -0.055875 0.077635 -0.029167
vn -0.062685 0.070711 -0.032721
vn -0.068823 0.063030 -0.035925
vn -0.016131 0.098331 -0.008420
vn -0.016131 0.098331 -0.008420
vn -0.032631 0.092979 -0.017033
vn -0.032631 0.092979 -0.017033
vn -0.040716 0.088828 -0.021254
vn -0.032631 0.092979 -0.017033
vn -0.040716 0.088828 -0.021254
vn -0.048510 0.083700 -0.025322
vn -0.055875 0.077635 -0.029167
vn -0.062685 0.070711 -0.032721
vn -0.029353 0.094283 0.015784
vn -0.032420 0.092979 0.017433
vn -0.021621 0.096940 0.011626
vn -0.032420 0.092979 0.017433
vn -0.016026 0.098331 0.008618
vn -0.016026 0.098331 0.008618
vn -0.010914 0.099229 0.005869
vn -0.000182 0.100000 0.000098
vn -0.016026 0.098331 0.008618
vn -0.016026 0.098331 0.008618
vn -0.032420 0.092979 0.017433
vn -0.032420 0.092979 0.017433
vn -0.040452 0.088828 0.021752
vn -0.040452 0.088828 0.021752
vn -0.048195 0.083700 0.025915
vn -0.048195 0.083700 0.025915
vn -0.055513 0.077635 0.029850
vn -0.055513 0.077635 0.029850
vn -0.062278 0.070711 0.033488
vn -0.062278 0.070711 0.033488
vn -0.068377 0.063030 0.036767
vn -0.068377 0.063030 0.036767
vn -0.073718 0.054721 0.039639
vn -0.073718 0.054721 0.039639
vn -0.078235 0.045929 0.042068
vn -0.078235 0.045929 0.042068
vn -0.081891 0.036809 0.044034
vn -0.081891 0.036809 0.044034
vn -0.086604 0.018196 0.046568
vn -0.086604 0.018196 0.046568
vn -0.088075 0.000000 0.047359
vn -0.087597 0.010397 0.047102
vn -0.041222 0.088371 0.022166
vn -0.032420 0.092979 0.017433
vn -0.032420 0.092979 0.017433
vn -0.032420 0.092979 0.017433
vn -0.040452 0.088828 0.021752
vn -0.040452 0.088828 0.021752
vn -0.048195 0.083700 0.025915
vn -0.048195 0.083700 0.025915
vn -0.055513 0.077635 0.029850
vn -0.055513 0.077635 0.029850
vn -0.062278 0.070711 0.033488
vn -0.062278 0.070711 0.033488
vn -0.068377 0.063030 0.036767
vn -0.068377 0.063030 0.036767
vn -0.073718 0.054721 0.039639
vn -0.073718 0.054721 0.039639
vn -0.078235 0.045929 0.042068
vn -0.078235 0.045929 0.042068
vn -0.081891 0.036809 0.044034
vn -0.081891 0.036809 0.044034
vn -0.083648 0.031305 0.044978
vn -0.086604 0.018196 0.046568
vn -0.086604 0.018196 0.046568
vn -0.086953 0.015907 0.046756
vn -0.052303 0.080457 0.028124
vn -0.048195 0.083700 0.025915
vn -0.040452 0.088828 0.021752
vn -0.062351 0.070628 0.033527
vn -0.055513 0.077635 0.029850
vn -0.071115 0.058995 0.038239
vn -0.062278 0.070711 0.033488
vn -0.078285 0.045820 0.042095
vn -0.088075 0.000000 0.047359
vn -0.086604 0.018196 0.046568
vn -0.081891 0.036809 0.044034
vn -0.081891 0.036809 0.044034
vn -0.078235 0.045929 0.042068
vn -0.078235 0.045929 0.042068
vn -0.073718 0.054721 0.039639
vn -0.073718 0.054721 0.039639
vn -0.068377 0.063030 0.036767
vn -0.086604 0.018196 0.046568
vn -0.086604 0.018196 0.046568
vn -0.086604 0.018196 0.046568
vn -0.081891 0.036809 0.044034
vn -0.086183 0.020616 0.046341
vn -0.083857 0.030576 0.045091
vn -0.080655 0.040174 0.043369
vn -0.076659 0.049236 0.041221
vn -0.071934 0.057700 0.038680
vn -0.066538 0.065519 0.035778
vn -0.060552 0.072617 0.032560
vn -0.047153 0.084461 0.025355
vn -0.032272 0.093045 0.017353
vn -0.016457 0.098239 0.008849
vn -0.000186 0.100000 0.000100
vn -0.032420 0.092979 0.017433
vn -0.040452 0.088828 0.021752
vn -0.040452 0.088828 0.021752
vn -0.048195 0.083700 0.025915
vn -0.048195 0.083700 0.025915
vn -0.055513 0.077635 0.029850
vn -0.055513 0.077635 0.029850
vn -0.062278 0.070711 0.033488
vn -0.062278 0.070711 0.033488
vn -0.068377 0.063030 0.036767
vn -0.068377 0.063030 0.036767
vn -0.073718 0.054721 0.039639
vn -0.073718 0.054721 0.039639
vn -0.078235 0.045929 0.042068
vn -0.081891 0.036809 0.044034
vn -0.078235 0.045929 0.042068
vn -0.068377 0.063030 0.036767
vn -0.062278 0.070711 0.033488
vn -0.062278 0.070711 0.033488
vn -0.055513 0.077635 0.029850
vn -0.055513 0.077635 0.029850
vn -0.048195 0.083700 0.025915
vn -0.048195 0.083700 0.025915
vn -0.040452 0.088828 0.021752
vn -0.040452 0.088828 0.021752
vn -0.032420 0.092979 0.017433
vn 0.050555 0.084834 0.015728
vn 0.039904 0.090849 0.012414
vn 0.041825 0.089897 0.013012
vn 0.026662 0.096022 0.008295
vn 0.027576 0.095739 0.008579
vn 0.013205 0.099039 0.004108
vn 0.027576 0.095739 0.008579
vn 0.013205 0.099039 0.004108
vn 0.027576 0.095739 0.008579
vn 0.027576 0.095739 0.008579
vn 0.041825 0.089897 0.013012
vn 0.027589 0.095735 0.008583
vn 0.041825 0.089897 0.013012
vn 0.041620 0.090001 0.012948
vn 0.055035 0.081719 0.017122
vn 0.055344 0.081490 0.017218
vn 0.067510 0.070720 0.021003
vn 0.067519 0.070711 0.021006
vn 0.067519 0.070711 0.021006
vn 0.074131 0.063030 0.023063
vn 0.078544 0.056865 0.024436
vn 0.083315 0.048855 0.025920
vn 0.079921 0.054721 0.024864
vn 0.079921 0.054721 0.024864
vn 0.074131 0.063030 0.023063
vn 0.067519 0.070711 0.021006
vn 0.055344 0.081490 0.017218
vn 0.041825 0.089897 0.013012
vn 0.084818 0.045929 0.026388
vn 0.087451 0.040151 0.027207
vn 0.088781 0.036809 0.027621
vn 0.088781 0.036809 0.027621
vn 0.090849 0.030782 0.028264
vn 0.093388 0.020846 0.029054
vn 0.093892 0.018196 0.029211
vn 0.093892 0.018196 0.029211
vn 0.088781 0.036809 0.027621
vn 0.084818 0.045929 0.026388
vn 0.084818 0.045929 0.026388
vn 0.079921 0.054721 0.024864
vn 0.079921 0.054721 0.024864
vn 0.074131 0.063030 0.023063
vn 0.074131 0.063030 0.023063
vn 0.067519 0.070711 0.021006
vn 0.067519 0.070711 0.021006
vn 0.055344 0.081490 0.017218
vn 0.055344 0.081490 0.017218
vn 0.041825 0.089897 0.013012
vn 0.094952 0.010557 0.029541
vn 0.093892 0.018196 0.029211
vn 0.095486 -0.000000 0.029707
vn 0.093892 0.018196 0.029211
vn 0.093892 0.018196 0.029211
vn 0.088781 0.036809 0.027621
vn 0.088781 0.036809 0.027621
vn 0.084818 0.045929 0.026388
vn 0.084818 0.045929 0.026388
vn 0.079921 0.054721 0.024864
vn 0.079921 0.054721 0.024864
vn 0.074131 0.063030 0.023063
vn 0.074131 0.063030 0.023063
vn 0.067519 0.070711 0.021006
vn 0.070016 0.067994 0.021783
vn 0.060658 0.077230 0.018871
vn 0.095486 -0.000000 0.029707
vn 0.093892 0.018196 0.029211
vn 0.093892 0.018196 0.029211
vn 0.094304 0.015682 0.029339
vn 0.093892 0.018196 0.029211
vn 0.093892 0.018196 0.029211
vn 0.088781 0.036809 0.027621
vn 0.088781 0.036809 0.027621
vn 0.084818 0.045929 0.026388
vn 0.090865 0.030730 0.028269
vn 0.088781 0.036809 0.027621
vn 0.085437 0.044654 0.026580
vn 0.084818 0.045929 0.026388
vn 0.079921 0.054721 0.024864
vn 0.078378 0.057116 0.024384
vn 0.055344 0.081490 0.017218
vn 0.067519 0.070711 0.021006
vn 0.074131 0.063030 0.023063
vn 0.079921 0.054721 0.024864
vn 0.084818 0.045929 0.026388
vn 0.088781 0.036809 0.027621
vn -0.008583 0.095735 0.027589
vn -0.004108 0.099039 0.013205
vn -0.008579 0.095739 0.027576
vn -0.008583 0.095735 0.027589
vn -0.013012 0.089897 0.041825
vn -0.013012 0.089897 0.041825
vn -0.017218 0.081490 0.055344
vn -0.017218 0.081490 0.055344
vn -0.021006 0.070711 0.067519
vn -0.021006 0.070711 0.067519
vn -0.023063 0.063030 0.074131
vn -0.021003 0.070720 0.067510
vn -0.024436 0.056865 0.078544
vn -0.012948 0.090001 0.041620
vn -0.017122 0.081719 0.055035
vn -0.024864 0.054721 0.079921
vn -0.025920 0.048855 0.083315
vn -0.026388 0.045929 0.084818
vn -0.027207 0.040151 0.087451
vn -0.027621 0.036809 0.088781
vn -0.027621 0.036809 0.088781
vn -0.028264 0.030782 0.090849
vn -0.029054 0.020846 0.093388
vn -0.029211 0.018196 0.093892
vn -0.029211 0.018196 0.093892
vn -0.027621 0.036809 0.088781
vn -0.026388 0.045929 0.084818
vn -0.026388 0.045929 0.084818
vn -0.024864 0.054721 0.079921
vn -0.024864 0.054721 0.079921
vn -0.023063 0.063030 0.074131
vn -0.023063 0.063030 0.074131
vn -0.021006 0.070711 0.067519
vn -0.021006 0.070711 0.067519
vn -0.017218 0.081490 0.055344
vn -0.021003 0.070720 0.067510
vn -0.017122 0.081719 0.055035
vn -0.029541 0.010557 0.094952
vn -0.029707 0.000000 0.095486
vn -0.029211 0.018196 0.093892
vn -0.027621 0.036809 0.088781
vn -0.026388 0.045929 0.084818
vn -0.024864 0.054721 0.079921
vn -0.023063 0.063030 0.074131
vn -0.029211 0.018196 0.093892
vn -0.029707 0.000000 0.095486
vn -0.029211 0.018196 0.093892
vn -0.029211 0.018196 0.093892
vn -0.027621 0.036809 0.088781
vn -0.027621 0.036809 0.088781
vn -0.026388 0.045929 0.084818
vn -0.027207 0.040151 0.087451
vn -0.025920 0.048855 0.083315
vn -0.029211 0.018196 0.093892
vn -0.029707 0.000000 0.095486
vn -0.029541 0.010557 0.094952
vn -0.029054 0.020846 0.093388
vn -0.028264 0.030782 0.090849
vn -0.024436 0.056865 0.078544
vn -0.024864 0.054721 0.079921
vn -0.026388 0.045929 0.084818
vn -0.012948 0.090001 0.041620
vn -0.017218 0.081490 0.055344
vn -0.021006 0.070711 0.067519
vn -0.023063 0.063030 0.074131
vn -0.024864 0.054721 0.079921
vn -0.027621 0.036809 0.088781
vn -0.035675 0.093411 0.001280
vn -0.046981 0.088070 -0.006035
vn -0.046985 0.086989 -0.015011
vn -0.056947 0.081229 -0.012607
vn -0.057119 0.080016 -0.018301
vn -0.064760 0.074039 -0.018012
vn -0.071233 0.066390 -0.022764
vn -0.077760 0.057762 -0.024840
vn -0.071776 0.065746 -0.022928
vn -0.071203 0.066429 -0.022745
vn -0.058454 0.078959 -0.018673
vn -0.056964 0.080150 -0.018197
vn -0.047058 0.086946 -0.015032
vn -0.058454 0.078959 -0.018673
vn -0.041294 0.090116 -0.013191
vn -0.041294 0.090116 -0.013191
vn -0.021159 0.097502 -0.006759
vn -0.021159 0.097502 -0.006759
vn -0.021159 0.097502 -0.006759
vn -0.021159 0.097502 -0.006759
vn -0.041294 0.090116 -0.013191
vn -0.041294 0.090116 -0.013191
vn -0.058454 0.078959 -0.018673
vn -0.058454 0.078959 -0.018673
vn -0.071776 0.065746 -0.022928
vn -0.071776 0.065746 -0.022928
vn -0.078437 0.056743 -0.025056
vn -0.078437 0.056743 -0.025056
vn -0.083683 0.047776 -0.026732
vn -0.083683 0.047776 -0.026732
vn -0.087710 0.039012 -0.028018
vn -0.087710 0.039012 -0.028018
vn -0.090706 0.030544 -0.028975
vn -0.090706 0.030544 -0.028975
vn -0.094235 0.014616 -0.030103
vn -0.094235 0.014616 -0.030103
vn -0.095258 -0.000000 -0.030430
vn -0.094235 0.014616 -0.030103
vn -0.094235 0.014616 -0.030103
vn -0.090706 0.030544 -0.028975
vn -0.090706 0.030544 -0.028975
vn -0.087710 0.039012 -0.028018
vn -0.087364 0.039858 -0.027908
vn -0.083683 0.047776 -0.026732
vn -0.079905 0.054439 -0.025525
vn -0.078437 0.056743 -0.025056
vn -0.068398 0.069601 -0.021849
vn -0.071776 0.065746 -0.022928
vn -0.060694 0.077074 -0.019388
vn -0.058454 0.078959 -0.018673
vn -0.051461 0.084152 -0.016439
vn -0.041294 0.090116 -0.013191
vn -0.040579 0.090473 -0.012963
vn -0.028187 0.095522 -0.009004
vn -0.078437 0.056743 -0.025056
vn -0.082975 0.049117 -0.026506
vn -0.083683 0.047776 -0.026732
vn -0.087066 0.040570 -0.027813
vn -0.087710 0.039012 -0.028018
vn -0.090199 0.032155 -0.028814
vn -0.090706 0.030544 -0.028975
vn -0.092487 0.023944 -0.029544
vn -0.090706 0.030544 -0.028975
vn -0.094235 0.014616 -0.030103
vn -0.090706 0.030544 -0.028975
vn -0.094235 0.014616 -0.030103
vn -0.090706 0.030544 -0.028975
vn -0.094235 0.014616 -0.030103
vn -0.094235 0.014616 -0.030103
vn -0.094047 0.015893 -0.030043
vn -0.095258 -0.000000 -0.030430
vn -0.094235 0.014616 -0.030103
vn -0.091970 0.026044 -0.029379
vn -0.094467 0.012859 -0.030177
vn -0.021159 0.097502 -0.006759
vn -0.014604 0.098818 -0.004665
vn -0.000272 0.100000 -0.000087
vn -0.021159 0.097502 -0.006759
vn -0.021159 0.097502 -0.006759
vn -0.041294 0.090116 -0.013191
vn -0.021159 0.097502 -0.006759
vn -0.021159 0.097502 -0.006759
vn -0.041294 0.090116 -0.013191
vn -0.087710 0.039012 -0.028018
vn -0.087710 0.039012 -0.028018
vn -0.087710 0.039012 -0.028018
vn -0.083683 0.047776 -0.026732
vn -0.083683 0.047776 -0.026732
vn -0.083683 0.047776 -0.026732
vn -0.078437 0.056743 -0.025056
vn -0.078437 0.056743 -0.025056
vn -0.078437 0.056743 -0.025056
vn -0.071776 0.065746 -0.022928
vn -0.071776 0.065746 -0.022928
vn -0.071776 0.065746 -0.022928
vn -0.041294 0.090116 -0.013191
vn -0.058454 0.078959 -0.018673
vn -0.058454 0.078959 -0.018673
vn -0.071776 0.065746 -0.022928
vn -0.071776 0.065746 -0.022928
vn -0.078437 0.056743 -0.025056
vn -0.078437 0.056743 -0.025056
vn -0.083683 0.047776 -0.026732
vn -0.083683 0.047776 -0.026732
vn -0.087710 0.039012 -0.028018
vn -0.087710 0.039012 -0.028018
vn -0.090706 0.030544 -0.028975
vn -0.041294 0.090116 -0.013191
vn -0.058454 0.078959 -0.018673
vn -0.058454 0.078959 -0.018673
vn -0.072500 0.000000 -0.068875
vn -0.072500 0.000000 -0.068875
vn -0.072500 0.000000 -0.068875
vn -0.072500 0.000000 -0.068875
vn -0.072500 0.000000 -0.068875
vn -0.072500 0.000000 -0.068875
vn -0.072500 0.000000 -0.068875
vn -0.072500 0.000000 -0.068875
vn -0.072500 0.000000 -0.068875
vn -0.072500 0.000000 -0.068875
vn -0.000294 0.100000 -0.000049
vn -0.015579 0.098745 -0.002579
vn -0.021914 0.097502 -0.003628
vn -0.029978 0.095271 -0.004963
vn -0.042768 0.090116 -0.007080
vn -0.042848 0.090076 -0.007094
vn -0.053886 0.083766 -0.008921
vn -0.060540 0.078959 -0.010023
vn -0.070736 0.069708 -0.011711
vn -0.074337 0.065746 -0.012307
vn -0.082256 0.055213 -0.013618
vn -0.081236 0.056743 -0.013449
vn -0.086670 0.047776 -0.014349
vn -0.086670 0.047776 -0.014349
vn -0.090840 0.039012 -0.015039
vn -0.090840 0.039012 -0.015039
vn -0.093943 0.030544 -0.015553
vn -0.093943 0.030544 -0.015553
vn -0.097598 0.014616 -0.016158
vn -0.097598 0.014616 -0.016158
vn -0.098657 -0.000000 -0.016333
vn -0.097598 0.014616 -0.016158
vn -0.097598 0.014616 -0.016158
vn -0.093943 0.030544 -0.015553
vn -0.093943 0.030544 -0.015553
vn -0.090840 0.039012 -0.015039
vn -0.090840 0.039012 -0.015039
vn -0.086670 0.047776 -0.014349
vn -0.086670 0.047776 -0.014349
vn -0.081236 0.056743 -0.013449
vn -0.081236 0.056743 -0.013449
vn -0.074337 0.065746 -0.012307
vn -0.074337 0.065746 -0.012307
vn -0.060540 0.078959 -0.010023
vn -0.060540 0.078959 -0.010023
vn -0.042768 0.090116 -0.007080
vn -0.042768 0.090116 -0.007080
vn -0.021914 0.097502 -0.003628
vn -0.021914 0.097502 -0.003628
vn -0.015554 0.098749 -0.002575
vn -0.021914 0.097502 -0.003628
vn -0.021914 0.097502 -0.003628
vn -0.029940 0.095284 -0.004957
vn -0.000288 0.100000 -0.000048
vn -0.021914 0.097502 -0.003628
vn -0.021914 0.097502 -0.003628
vn -0.042768 0.090116 -0.007080
vn -0.042768 0.090116 -0.007080
vn -0.060540 0.078959 -0.010023
vn -0.060540 0.078959 -0.010023
vn -0.074337 0.065746 -0.012307
vn -0.042806 0.090097 -0.007087
vn -0.042768 0.090116 -0.007080
vn -0.042768 0.090116 -0.007080
vn -0.053848 0.083791 -0.008915
vn -0.070717 0.069728 -0.011708
vn -0.060540 0.078959 -0.010023
vn -0.060540 0.078959 -0.010023
vn -0.082247 0.055227 -0.013616
vn -0.074337 0.065746 -0.012307
vn -0.074337 0.065746 -0.012307
vn -0.090059 0.040831 -0.014910
vn -0.086670 0.047776 -0.014349
vn -0.081236 0.056743 -0.013449
vn -0.095041 0.026828 -0.015735
vn -0.093943 0.030544 -0.015553
vn -0.090840 0.039012 -0.015039
vn -0.086670 0.047776 -0.014349
vn -0.081236 0.056743 -0.013449
vn -0.097778 0.013316 -0.016188
vn -0.097598 0.014616 -0.016158
vn -0.097598 0.014616 -0.016158
vn -0.093943 0.030544 -0.015553
vn -0.098657 -0.000000 -0.016333
vn -0.097598 0.014616 -0.016158
vn -0.093943 0.030544 -0.015553
vn -0.090840 0.039012 -0.015039
vn -0.090063 0.040821 -0.014910
vn -0.098657 0.000000 -0.016333
vn -0.097598 0.014616 -0.016158
vn -0.097598 0.014616 -0.016158
vn -0.097779 0.013313 -0.016188
vn -0.095042 0.026821 -0.015735
vn -0.093943 0.030544 -0.015553
vn -0.021914 0.097502 -0.003628
vn -0.042768 0.090116 -0.007080
vn -0.021914 0.097502 -0.003628
vn -0.042768 0.090116 -0.007080
vn -0.060540 0.078959 -0.010023
vn -0.060540 0.078959 -0.010023
vn -0.074337 0.065746 -0.012307
vn -0.074337 0.065746 -0.012307
vn -0.074337 0.065746 -0.012307
vn -0.081236 0.056743 -0.013449
vn -0.081236 0.056743 -0.013449
vn -0.081236 0.056743 -0.013449
vn -0.081236 0.056743 -0.013449
vn -0.086670 0.047776 -0.014349
vn -0.090840 0.039012 -0.015039
vn -0.093943 0.030544 -0.015553
vn -0.090840 0.039012 -0.015039
vn -0.086670 0.047776 -0.014349
vn -0.086670 0.047776 -0.014349
vn -0.090840 0.039012 -0.015039
vn -0.038040 0.090830 -0.017404
vn -0.020199 0.097502 -0.009242
vn -0.016801 0.098278 -0.007687
vn -0.020199 0.097502 -0.009242
vn -0.020199 0.097502 -0.009242
vn -0.039420 0.090116 -0.018036
vn -0.039420 0.090116 -0.018036
vn -0.055800 0.078959 -0.025531
vn -0.055800 0.078959 -0.025531
vn -0.068518 0.065746 -0.031349
vn -0.068518 0.065746 -0.031349
vn -0.074877 0.056743 -0.034259
vn -0.074877 0.056743 -0.034259
vn -0.079885 0.047776 -0.036550
vn -0.079885 0.047776 -0.036550
vn -0.081738 0.043822 -0.037398
vn -0.083729 0.039012 -0.038309
vn -0.084765 0.036204 -0.038783
vn -0.086588 0.030544 -0.039617
vn -0.087058 0.028884 -0.039832
vn -0.088695 0.022054 -0.040581
vn -0.039420 0.090116 -0.018036
vn -0.054048 0.080419 -0.024729
vn -0.065352 0.069535 -0.029901
vn -0.069714 0.064208 -0.031896
vn -0.074061 0.058023 -0.033886
vn -0.078176 0.051080 -0.035768
vn -0.089898 0.015052 -0.041131
vn -0.089957 0.014616 -0.041159
vn -0.086588 0.030544 -0.039617
vn -0.083729 0.039012 -0.038309
vn -0.090664 0.007703 -0.041482
vn -0.089957 0.014616 -0.041159
vn -0.086588 0.030544 -0.039617
vn -0.083729 0.039012 -0.038309
vn -0.083008 0.040831 -0.037979
vn -0.079885 0.047776 -0.036550
vn -0.075808 0.055227 -0.034685
vn -0.074877 0.056743 -0.034259
vn -0.068518 0.065746 -0.031349
vn -0.089957 0.014616 -0.041159
vn -0.087601 0.026828 -0.040080
vn -0.090124 0.013316 -0.041235
vn -0.065181 0.069728 -0.029823
vn -0.055800 0.078959 -0.025531
vn -0.049633 0.083791 -0.022709
vn -0.039420 0.090116 -0.018036
vn -0.039455 0.090097 -0.018052
vn -0.027597 0.095284 -0.012626
vn -0.020199 0.097502 -0.009242
vn -0.014336 0.098749 -0.006559
vn -0.000265 0.100000 -0.000121
vn -0.020199 0.097502 -0.009242
vn -0.033829 0.092822 -0.015478
vn -0.020199 0.097502 -0.009242
vn -0.020199 0.097502 -0.009242
vn -0.017667 0.098095 -0.008083
vn -0.020199 0.097502 -0.009242
vn -0.000177 0.100000 0.000224
vn -0.000177 0.100000 0.000224
vn -0.009515 0.098818 0.012021
vn -0.018365 0.095522 0.023202
vn -0.013786 0.097502 0.017416
vn -0.013786 0.097502 0.017416
vn -0.013786 0.097502 0.017416
vn -0.026905 0.090116 0.033990
vn -0.026905 0.090116 0.033990
vn -0.038085 0.078959 0.048115
vn -0.038085 0.078959 0.048115
vn -0.046765 0.065746 0.059080
vn -0.046765 0.065746 0.059080
vn -0.051105 0.056743 0.064563
vn -0.051105 0.056743 0.064563
vn -0.054524 0.047776 0.068882
vn -0.054524 0.047776 0.068882
vn -0.057147 0.039012 0.072196
vn -0.057147 0.039012 0.072196
vn -0.059099 0.030544 0.074662
vn -0.059099 0.030544 0.074662
vn -0.061398 0.014616 0.077567
vn -0.061398 0.014616 0.077567
vn -0.062065 0.000000 0.078409
vn -0.061398 0.014616 0.077567
vn -0.061572 0.012574 0.077786
vn -0.060014 0.025493 0.075818
vn -0.026439 0.090473 0.033401
vn -0.026905 0.090116 0.033990
vn -0.026905 0.090116 0.033990
vn -0.033529 0.084152 0.042359
vn -0.038085 0.078959 0.048115
vn -0.038085 0.078959 0.048115
vn -0.038085 0.078959 0.048115
vn -0.039545 0.077074 0.049958
vn -0.046765 0.065746 0.059080
vn -0.046765 0.065746 0.059080
vn -0.046765 0.065746 0.059080
vn -0.044565 0.069601 0.056300
vn -0.046765 0.065746 0.059080
vn -0.052062 0.054439 0.065772
vn -0.051105 0.056743 0.064563
vn -0.054524 0.047776 0.068882
vn -0.051105 0.056743 0.064563
vn -0.054524 0.047776 0.068882
vn -0.051105 0.056743 0.064563
vn -0.054524 0.047776 0.068882
vn -0.051105 0.056743 0.064563
vn -0.054524 0.047776 0.068882
vn -0.054524 0.047776 0.068882
vn -0.056922 0.039858 0.071911
vn -0.057147 0.039012 0.072196
vn -0.059099 0.030544 0.074662
vn -0.059099 0.030544 0.074662
vn -0.059923 0.026044 0.075703
vn -0.061398 0.014616 0.077567
vn -0.061398 0.014616 0.077567
vn -0.061550 0.012859 0.077758
vn -0.062065 0.000000 0.078409
vn -0.061398 0.014616 0.077567
vn -0.059099 0.030544 0.074662
vn -0.059099 0.030544 0.074662
vn -0.057147 0.039012 0.072196
vn -0.057147 0.039012 0.072196
vn -0.061398 0.014616 0.077567
vn -0.061398 0.014616 0.077567
vn -0.059099 0.030544 0.074662
vn -0.059099 0.030544 0.074662
vn -0.057147 0.039012 0.072196
vn -0.059099 0.030544 0.074662
vn -0.057136 0.039056 0.072181
vn -0.057147 0.039012 0.072196
vn -0.054524 0.047776 0.068882
vn -0.052442 0.053483 0.066252
vn -0.051105 0.056743 0.064563
vn -0.045133 0.068643 0.057018
vn -0.046765 0.065746 0.059080
vn -0.038085 0.078959 0.048115
vn -0.040178 0.076219 0.050758
vn -0.034187 0.083462 0.043190
vn -0.026905 0.090116 0.033990
vn -0.027057 0.089997 0.034182
vn -0.018847 0.095278 0.023810
vn -0.013786 0.097502 0.017416
vn -0.009786 0.098749 0.012363
vn -0.061398 0.014616 0.077567
vn -0.057147 0.039012 0.072196
vn -0.098639 0.000000 -0.016440
vn -0.098639 0.000000 -0.016440
vn -0.098364 0.000000 0.018014
vn -0.098364 0.000000 0.018014
vn -0.018014 0.000000 -0.098364
vn -0.018014 0.000000 -0.098364
vn 0.086475 -0.000000 0.050220
vn 0.086475 -0.000000 0.050220
vn 0.086475 -0.000000 0.050220
vn 0.086475 -0.000000 0.050220
vn 0.091064 -0.000000 0.041319
vn 0.091064 -0.000000 0.041319
vn 0.091064 -0.000000 0.041319
vn 0.091064 -0.000000 0.041319
vn 0.091064 -0.000000 0.041319
vn 0.091064 -0.000000 0.041319
vn -0.096147 0.000000 0.027490
vn -0.096147 0.000000 0.027490
vn -0.096147 0.000000 0.027490
vn -0.096147 0.000000 0.027490
vn 0.000000 -0.100000 0.000000
vn 0.000000 -0.100000 0.000000
vn 0.000000 -0.100000 0.000000
vn 0.000000 -0.100000 0.000000
vn 0.000000 -0.100000 0.000000
vn 0.000000 -0.100000 0.000000
vn 0.000000 -0.100000 0.000000
vn 0.000000 -0.100000 0.000000
vn 0.000000 -0.100000 0.000000
vn 0.000000 -0.100000 0.000000
vn 0.000000 -0.100000 0.000000
vn 0.000000 -0.100000 0.000000
vn 0.000000 -0.100000 0.000000
vn 0.000000 -0.100000 0.000000
vn 0.000000 -0.100000 0.000000
vn 0.000000 -0.100000 0.000000
vn 0.000000 0.100000 0.000000
vn 0.000000 0.100000 0.000000
vn 0.000000 0.100000 0.000000
vn -0.094136 0.000000 -0.033741
vn -0.094136 0.000000 -0.033741
vn 0.095102 -0.000000 0.030912
vn 0.095102 -0.000000 0.030912
vn 0.095102 -0.000000 0.030912
vn 0.095102 -0.000000 0.030912
vn 0.095102 -0.000000 0.030912
vn -0.041605 0.000000 0.090934
vn -0.041605 0.000000 0.090934
vn -0.041605 0.000000 0.090934
vn -0.041605 0.000000 0.090934
vn -0.041605 0.000000 0.090934
vn 0.000000 0.100000 0.000000
vn 0.000000 0.100000 0.000000
vn -0.099165 0.000000 -0.012899
vn -0.099165 0.000000 -0.012899
vn -0.099165 0.000000 -0.012899
vn -0.099165 0.000000 -0.012899
vn -0.099165 0.000000 -0.012899
vn -0.099165 0.000000 -0.012899
vn -0.056793 0.000000 0.082308
vn -0.056793 0.000000 0.082308
vn -0.076083 0.000000 0.064895
vn -0.076083 0.000000 0.064895
vn -0.082308 0.000000 -0.056793
vn -0.082308 0.000000 -0.056793
vn 0.030339 0.000000 -0.095287
vn 0.030339 0.000000 -0.095287
vn 0.062638 0.000000 -0.077952
vn 0.062638 0.000000 -0.077952
vn 0.100000 0.000000 0.000000
vn 0.100000 0.000000 0.000000
vn 0.100000 0.000000 0.000000
vn 0.100000 0.000000 0.000000
vn 0.100000 0.000000 0.000000
vn 0.100000 0.000000 0.000000
vn 0.100000 0.000000 0.000000
vn 0.100000 0.000000 0.000000
vn 0.100000 0.000000 0.000000
vn 0.100000 0.000000 0.000000
vn 0.100000 0.000000 0.000000
vn 0.100000 0.000000 0.000000
vn 0.100000 0.000000 0.000000
vn 0.100000 0.000000 0.000000
vn 0.100000 0.000000 0.000000
vn 0.100000 0.000000 0.000000
vn 0.100000 0.000000 0.000000
vn 0.100000 0.000000 0.000000
vn 0.100000 0.000000 0.000000
vn 0.100000 0.000000 0.000000
vn 0.100000 0.000000 0.000000
vn 0.100000 0.000000 0.000000
vn 0.100000 0.000000 0.000000
vn 0.100000 0.000000 0.000000
vn -0.010568 0.000000 0.099440
vn -0.010568 0.000000 0.099440
vn -0.010568 0.000000 0.099440
vn -0.010568 0.000000 0.099440
vn -0.010568 0.000000 0.099440
vn -0.010568 0.000000 0.099440
vn -0.010568 0.000000 0.099440
vn -0.010568 0.000000 0.099440
vn -0.010568 0.000000 0.099440
vn -0.010568 0.000000 0.099440
vn -0.010568 0.000000 0.099440
vn -0.010568 0.000000 0.099440
vn -0.010568 0.000000 0.099440
vn -0.010568 0.000000 0.099440
vn -0.010568 0.000000 0.099440
vn -0.010568 0.000000 0.099440
vn -0.010568 0.000000 0.099440
vn -0.010568 0.000000 0.099440
vn -0.010568 0.000000 0.099440
vn -0.010568 0.000000 0.099440
vn -0.010568 0.000000 0.099440
vn -0.010568 0.000000 0.099440
vn -0.010568 0.000000 0.099440
vn -0.010568 0.000000 0.099440
vn -0.010568 0.000000 0.099440
vn -0.010568 0.000000 0.099440
vn -0.010568 0.000000 0.099440
vn -0.010568 0.000000 0.099440
vn -0.010568 0.000000 0.099440
vn -0.010568 0.000000 0.099440
vn -0.010568 0.000000 0.099440
vn -0.010568 0.000000 0.099440
vn -0.010568 0.000000 0.099440
vn -0.010568 0.000000 0.099440
vn -0.010568 0.000000 0.099440
vn -0.010568 0.000000 0.099440
vn -0.010568 0.000000 0.099440
vn -0.010568 0.000000 0.099440
vn -0.010568 0.000000 0.099440
vn -0.010568 0.000000 0.099440
vn -0.010568 0.000000 0.099440
vn -0.010568 0.000000 0.099440
vn -0.010568 0.000000 0.099440
vn -0.095258 0.000000 -0.030430
vn -0.095258 0.000000 -0.030430
vn -0.095258 0.000000 -0.030430
vn -0.095258 0.000000 -0.030430
vn -0.095258 0.000000 -0.030430
vn -0.095258 0.000000 -0.030430
vn -0.095258 0.000000 -0.030430
vn -0.095258 0.000000 -0.030430
vn -0.095258 0.000000 -0.030430
vn -0.095258 0.000000 -0.030430
vn 0.000000 0.100000 0.000000
vn 0.000000 0.100000 0.000000
vn 0.000000 0.100000 0.000000
vn -0.095486 0.000000 -0.029707
vn -0.095486 0.000000 -0.029707
vn 0.078260 0.000000 -0.062252
vn 0.078260 0.000000 -0.062252
vn -0.077583 0.000000 0.063094
vn -0.077583 0.000000 0.063094
vn -0.022361 0.000000 -0.097468
vn -0.022361 0.000000 -0.097468
vn 0.064891 0.000000 -0.076087
vn 0.064891 0.000000 -0.076087
vn 0.029707 0.000000 -0.095486
vn 0.029707 0.000000 -0.095486
vn -0.088649 0.000000 -0.046274
vn -0.088649 0.000000 -0.046274
vn -0.088075 0.000000 0.047359
vn -0.088075 0.000000 0.047359
vn -0.017410 0.000000 0.098473
vn -0.017410 0.000000 0.098473
vn 0.095486 -0.000000 0.029707
vn 0.095486 -0.000000 0.029707
vn -0.029707 0.000000 0.095486
vn -0.029707 0.000000 0.095486
vn 0.000000 -0.100000 0.000000
vn 0.000000 -0.100000 0.000000
vn 0.000000 -0.100000 0.000000
vn 0.000000 -0.100000 0.000000
vn 0.000000 -0.100000 0.000000
vn 0.000000 -0.100000 0.000000
vn 0.000000 -0.100000 0.000000
vn 0.000000 -0.100000 0.000000
vn 0.000000 -0.100000 0.000000
vn 0.000000 -0.100000 0.000000
vn 0.000000 -0.100000 0.000000
vn 0.000000 -0.100000 0.000000
vn 0.000000 -0.100000 0.000000
vn 0.000000 -0.100000 0.000000
vn 0.000000 -0.100000 0.000000
vn 0.000000 -0.100000 0.000000
vn 0.000000 -0.100000 0.000000
usemtl Steel_-_Satin
f 1/1/1 2/2/2 28/3/3
f 28/3/3 2/2/2 27/4/4
f 27/4/4 2/2/2 3/5/5
f 27/4/4 3/5/5 4/6/6
f 27/4/4 4/6/6 26/7/7
f 26/7/7 4/6/6 5/8/8
f 26/7/7 5/8/8 25/9/9
f 25/9/9 5/8/8 6/10/10
f 25/9/9 6/10/10 24/11/11
f 24/11/11 6/10/10 23/12/12
f 23/12/12 6/10/10 7/13/13
f 23/12/12 7/13/13 22/14/14
f 22/14/14 7/13/13 8/15/15
f 22/14/14 8/15/15 21/16/16
f 21/16/16 8/15/15 20/17/17
f 20/17/17 8/15/15 9/18/18
f 20/17/17 9/18/18 19/19/19
f 19/19/19 9/18/18 10/20/20
f 19/19/19 10/20/20 18/21/21
f 18/21/21 10/20/20 11/22/22
f 18/21/21 11/22/22 17/23/23
f 17/23/23 11/22/22 16/24/24
f 16/24/24 11/22/22 12/25/25
f 16/24/24 12/25/25 15/26/26
f 15/26/26 12/25/25 13/27/27
f 15/26/26 13/27/27 14/28/28
f 15/29/29 14/30/30 59/31/31
f 59/31/31 14/30/30 29/32/32
f 59/31/31 29/32/32 58/33/33
f 58/33/33 29/32/32 30/34/34
f 58/33/33 30/34/34 57/35/35
f 57/35/35 30/34/34 31/36/36
f 57/35/35 31/36/36 56/37/37
f 56/37/37 31/36/36 32/38/38
f 56/37/37 32/38/38 55/39/39
f 55/40/39 32/41/38 33/42/40
f 55/40/39 33/42/40 54/43/41
f 54/43/41 33/42/40 34/44/42
f 54/43/41 34/44/42 53/45/43
f 53/45/43 34/44/42 35/46/44
f 53/45/43 35/46/44 52/47/45
f 52/47/45 35/46/44 36/48/46
f 52/47/45 36/48/46 51/49/47
f 51/49/47 36/48/46 37/50/48
f 51/49/47 37/50/48 50/51/49
f 50/51/49 37/50/48 38/52/50
f 50/51/49 38/52/50 49/53/51
f 49/53/51 38/52/50 39/54/52
f 49/53/51 39/54/52 48/55/53
f 48/55/53 39/54/52 40/56/54
f 48/55/53 40/56/54 47/57/55
f 47/57/55 40/56/54 41/58/56
f 47/57/55 41/58/56 28/59/57
f 47/57/55 28/59/57 46/60/58
f 46/60/58 28/59/57 27/61/59
f 46/60/58 27/61/59 45/62/60
f 45/62/60 27/61/59 26/63/61
f 45/62/60 26/63/61 44/64/62
f 44/64/62 26/63/61 25/65/63
f 44/64/62 25/65/63 43/66/64
f 43/66/64 25/65/63 24/67/65
f 43/66/64 24/67/65 42/68/66
f 42/68/66 24/67/65 23/69/67
f 42/68/66 23/69/67 67/70/68
f 67/70/68 23/69/67 22/71/69
f 67/70/68 22/71/69 66/72/70
f 66/72/70 22/71/69 21/73/71
f 66/72/70 21/73/71 65/74/72
f 65/74/72 21/73/71 20/75/73
f 65/74/72 20/75/73 64/76/74
f 64/76/74 20/75/73 19/77/75
f 64/76/74 19/77/75 63/78/76
f 63/78/76 19/77/75 18/79/77
f 63/78/76 18/79/77 62/80/78
f 62/80/78 18/79/77 17/81/79
f 62/80/78 17/81/79 61/82/80
f 61/82/80 17/81/79 16/83/81
f 61/82/80 16/83/81 60/84/82
f 60/84/82 16/83/81 15/29/29
f 60/84/82 15/29/29 59/31/31
f 1/85/83 28/86/84 87/87/85
f 87/87/85 28/86/84 86/88/86
f 86/88/86 28/86/84 41/89/87
f 86/88/86 41/89/87 85/90/88
f 85/90/88 41/89/87 40/91/89
f 85/90/88 40/91/89 84/92/90
f 84/92/90 40/91/89 83/93/91
f 83/93/91 40/91/89 82/94/92
f 82/94/92 40/91/89 68/95/93
f 82/94/92 68/95/93 81/96/94
f 81/96/94 68/95/93 80/97/95
f 80/97/95 68/95/93 79/98/96
f 79/98/96 68/95/93 78/99/97
f 78/99/97 68/95/93 77/100/98
f 77/100/98 68/95/93 76/101/99
f 76/101/99 68/95/93 75/102/100
f 75/102/100 68/95/93 74/103/101
f 74/103/101 68/95/93 73/104/102
f 73/104/102 68/95/93 72/105/103
f 72/105/103 68/95/93 71/106/104
f 71/106/104 68/95/93 70/107/105
f 70/107/105 68/95/93 69/108/106
f 88/109/107 89/110/108 90/111/109
f 90/112/110 89/113/111 94/114/112
f 94/114/112 89/113/111 91/115/113
f 94/114/112 91/115/113 93/116/114
f 93/116/114 91/115/113 92/117/115
f 40/118/116 39/119/117 68/120/118
f 68/120/118 39/119/117 38/121/119
f 68/120/118 38/121/119 37/122/120
f 37/122/120 36/123/121 68/120/118
f 68/120/118 36/123/121 115/124/122
f 68/120/118 115/124/122 126/125/123
f 126/125/123 115/124/122 125/126/124
f 125/126/124 115/124/122 116/127/125
f 125/126/124 116/127/125 124/128/126
f 124/128/126 116/127/125 123/129/127
f 123/129/127 116/127/125 122/130/128
f 122/130/128 116/127/125 121/131/129
f 121/131/129 116/127/125 120/132/130
f 120/132/130 116/127/125 119/133/131
f 119/133/131 116/127/125 118/134/132
f 118/134/132 116/127/125 117/135/133
f 117/135/133 116/127/125 93/136/134
f 117/135/133 93/136/134 92/137/135
f 36/123/121 35/138/136 115/124/122
f 115/124/122 35/138/136 34/139/137
f 115/124/122 34/139/137 97/140/138
f 97/140/138 34/139/137 33/141/139
f 97/140/138 33/141/139 32/142/140
f 32/142/140 31/143/141 97/140/138
f 97/140/138 31/143/141 96/144/142
f 96/144/142 31/143/141 30/145/143
f 96/144/142 30/145/143 95/146/144
f 95/146/144 30/145/143 29/147/145
f 98/148/146 112/149/147 97/140/138
f 97/140/138 112/149/147 113/150/148
f 97/140/138 113/150/148 114/151/149
f 99/152/150 100/153/151 98/148/146
f 98/148/146 100/153/151 101/154/152
f 98/148/146 101/154/152 102/155/153
f 102/155/153 103/156/154 98/148/146
f 98/148/146 103/156/154 104/157/155
f 98/148/146 104/157/155 105/158/156
f 105/158/156 106/159/157 98/148/146
f 98/148/146 106/159/157 107/160/158
f 98/148/146 107/160/158 108/161/159
f 108/161/159 109/162/160 98/148/146
f 98/148/146 109/162/160 110/163/161
f 98/148/146 110/163/161 111/164/162
f 111/164/162 112/149/147 98/148/146
f 114/151/149 115/124/122 97/140/138
f 126/125/123 127/165/163 68/120/118
f 129/166/164 130/167/165 128/168/166
f 128/168/166 130/167/165 131/169/167
f 132/170/168 94/171/169 116/172/170
f 116/172/170 94/171/169 93/173/171
f 133/174/172 132/175/173 115/176/174
f 115/176/174 132/175/173 116/177/175
f 131/178/176 130/179/177 134/180/178
f 134/180/178 130/179/177 142/181/179
f 142/181/179 130/179/177 141/182/180
f 141/182/180 130/179/177 140/183/181
f 140/183/181 130/179/177 133/184/182
f 140/183/181 133/184/182 139/185/183
f 139/185/183 133/184/182 115/186/184
f 139/185/183 115/186/184 138/187/185
f 138/187/185 115/186/184 137/188/186
f 137/188/186 115/186/184 136/189/187
f 136/189/187 115/186/184 135/190/188
f 135/190/188 115/186/184 114/191/189
f 143/192/190 144/193/191 146/194/192
f 146/194/192 144/193/191 145/195/193
f 148/196/194 146/197/195 147/198/196
f 147/198/196 146/197/195 145/199/197
f 149/200/198 147/201/199 151/202/200
f 151/202/200 147/201/199 145/203/201
f 151/202/200 145/203/201 150/204/202
f 150/204/202 145/203/201 144/205/203
f 152/206/204 148/207/205 161/208/206
f 161/208/206 148/207/205 147/209/207
f 161/208/206 147/209/207 153/210/208
f 153/210/208 147/209/207 149/211/209
f 161/208/206 153/210/208 160/212/210
f 160/212/210 153/210/208 154/213/211
f 160/212/210 154/213/211 155/214/212
f 156/215/213 158/216/214 155/214/212
f 155/214/212 158/216/214 159/217/215
f 155/214/212 159/217/215 160/212/210
f 156/215/213 157/218/216 158/216/214
f 151/219/217 162/220/218 149/221/219
f 149/221/219 162/220/218 153/222/220
f 150/223/221 163/224/222 151/225/223
f 151/225/223 163/224/222 162/226/224
f 162/226/224 163/224/222 172/227/225
f 172/227/225 163/224/222 167/228/226
f 172/227/225 167/228/226 171/229/227
f 171/229/227 167/228/226 168/230/228
f 171/229/227 168/230/228 170/231/229
f 170/231/229 168/230/228 169/232/230
f 163/224/222 164/233/231 167/228/226
f 167/228/226 164/233/231 165/234/232
f 167/228/226 165/234/232 166/235/233
f 150/236/234 144/237/235 163/238/236
f 163/238/236 144/237/235 176/239/237
f 176/239/237 144/237/235 175/240/238
f 175/240/238 144/237/235 143/241/239
f 175/240/238 143/241/239 174/242/240
f 174/242/240 143/241/239 173/243/241
f 125/244/242 211/245/243 126/246/244
f 126/246/244 211/245/243 212/247/245
f 126/246/244 212/247/245 198/248/246
f 198/248/246 212/247/245 197/249/247
f 197/249/247 212/247/245 213/250/248
f 197/249/247 213/250/248 196/251/249
f 196/251/249 213/250/248 204/252/250
f 196/251/249 204/252/250 195/253/251
f 195/253/251 204/252/250 194/254/252
f 194/254/252 204/252/250 193/255/253
f 193/255/253 204/252/250 192/256/254
f 192/256/254 204/252/250 225/257/255
f 192/256/254 225/257/255 224/258/256
f 224/258/256 225/257/255 226/259/257
f 224/258/256 226/259/257 223/260/258
f 223/260/258 226/259/257 227/261/259
f 223/260/258 227/261/259 222/262/260
f 222/262/260 227/261/259 228/263/261
f 222/262/260 228/263/261 221/264/262
f 221/264/262 228/263/261 229/265/263
f 221/264/262 229/265/263 220/266/264
f 220/266/264 229/265/263 230/267/265
f 220/266/264 230/267/265 219/268/266
f 219/268/266 230/267/265 231/269/267
f 219/268/266 231/269/267 218/270/268
f 218/270/268 231/269/267 232/271/269
f 218/270/268 232/271/269 217/272/270
f 217/272/270 232/271/269 233/273/271
f 217/272/270 233/273/271 216/274/272
f 216/274/272 233/273/271 234/275/273
f 216/274/272 234/275/273 215/276/274
f 215/276/274 234/275/273 235/277/275
f 215/276/274 235/277/275 214/278/276
f 214/278/276 235/277/275 177/279/277
f 214/278/276 177/279/277 179/280/278
f 179/280/278 177/279/277 178/281/279
f 211/245/243 125/244/242 210/282/280
f 210/282/280 125/244/242 124/283/281
f 210/282/280 124/283/281 209/284/282
f 209/284/282 124/283/281 123/285/283
f 209/284/282 123/285/283 208/286/284
f 208/286/284 123/285/283 122/287/285
f 208/286/284 122/287/285 207/288/286
f 207/288/286 122/287/285 121/289/287
f 207/288/286 121/289/287 206/290/288
f 206/290/288 121/289/287 120/291/289
f 206/290/288 120/291/289 205/292/290
f 205/292/290 120/291/289 119/293/291
f 205/292/290 119/293/291 203/294/292
f 203/294/292 119/293/291 118/295/293
f 203/294/292 118/295/293 177/279/277
f 180/296/294 246/297/295 179/280/278
f 179/280/278 246/297/295 199/298/296
f 179/280/278 199/298/296 288/299/297
f 288/299/297 199/298/296 276/300/298
f 288/299/297 276/300/298 287/301/299
f 287/301/299 276/300/298 275/302/300
f 287/301/299 275/302/300 286/303/301
f 286/303/301 275/302/300 274/304/302
f 286/303/301 274/304/302 285/305/303
f 285/305/303 274/304/302 273/306/304
f 285/305/303 273/306/304 284/307/305
f 284/307/305 273/306/304 272/308/306
f 284/307/305 272/308/306 283/309/307
f 283/309/307 272/308/306 271/310/308
f 283/309/307 271/310/308 282/311/309
f 282/311/309 271/310/308 270/312/310
f 282/311/309 270/312/310 281/313/311
f 281/313/311 270/312/310 269/314/312
f 281/313/311 269/314/312 280/315/313
f 280/315/313 269/314/312 268/316/314
f 280/315/313 268/316/314 279/317/315
f 279/317/315 268/316/314 267/318/316
f 279/317/315 267/318/316 278/319/317
f 278/319/317 267/318/316 191/320/318
f 278/319/317 191/320/318 201/321/319
f 201/321/319 191/320/318 298/322/320
f 201/321/319 298/322/320 299/323/321
f 299/323/321 298/322/320 310/324/322
f 299/323/321 310/324/322 311/325/323
f 311/325/323 310/324/322 320/326/324
f 311/325/323 320/326/324 321/327/325
f 321/327/325 320/326/324 263/328/326
f 321/327/325 263/328/326 262/329/327
f 262/329/327 263/328/326 220/266/264
f 262/329/327 220/266/264 219/268/266
f 181/330/328 253/331/329 180/296/294
f 180/296/294 253/331/329 245/332/330
f 180/296/294 245/332/330 246/297/295
f 246/297/295 245/332/330 199/298/296
f 182/333/331 254/334/332 181/330/328
f 181/330/328 254/334/332 243/335/333
f 181/330/328 243/335/333 244/336/334
f 244/336/334 243/335/333 275/302/300
f 244/336/334 275/302/300 276/300/298
f 183/337/335 248/338/336 182/333/331
f 182/333/331 248/338/336 247/339/337
f 182/333/331 247/339/337 242/340/338
f 242/340/338 247/339/337 248/338/336
f 242/340/338 248/338/336 241/341/339
f 241/341/339 248/338/336 183/337/335
f 241/341/339 183/337/335 249/342/340
f 249/342/340 183/337/335 184/343/341
f 249/342/340 184/343/341 250/344/342
f 250/344/342 184/343/341 185/345/343
f 250/344/342 185/345/343 186/346/344
f 187/347/345 251/348/346 186/346/344
f 186/346/344 251/348/346 238/349/347
f 186/346/344 238/349/347 239/350/348
f 239/350/348 238/349/347 270/312/310
f 239/350/348 270/312/310 271/310/308
f 251/348/346 187/347/345 252/351/349
f 252/351/349 187/347/345 188/352/350
f 252/351/349 188/352/350 189/353/351
f 190/354/352 255/355/353 189/353/351
f 189/353/351 255/355/353 236/356/354
f 189/353/351 236/356/354 237/357/355
f 237/357/355 236/356/354 268/316/314
f 237/357/355 268/316/314 269/314/312
f 190/354/352 191/320/318 255/355/353
f 255/355/353 191/320/318 236/356/354
f 298/322/320 191/320/318 309/358/356
f 309/358/356 191/320/318 192/256/254
f 309/358/356 192/256/254 202/359/357
f 202/359/357 192/256/254 266/360/358
f 202/359/357 266/360/358 265/361/359
f 265/361/359 266/360/358 223/260/258
f 265/361/359 223/260/258 222/262/260
f 179/280/278 277/362/360 308/363/361
f 308/363/361 277/362/360 297/364/362
f 308/363/361 297/364/362 307/365/363
f 307/365/363 297/364/362 296/366/364
f 307/365/363 296/366/364 306/367/365
f 306/367/365 296/366/364 295/368/366
f 306/367/365 295/368/366 305/369/367
f 305/369/367 295/368/366 294/370/368
f 305/369/367 294/370/368 304/371/369
f 304/371/369 294/370/368 293/372/370
f 304/371/369 293/372/370 303/373/371
f 303/373/371 293/372/370 292/374/372
f 303/373/371 292/374/372 302/375/373
f 302/375/373 292/374/372 291/376/374
f 302/375/373 291/376/374 301/377/375
f 301/377/375 291/376/374 290/378/376
f 301/377/375 290/378/376 300/379/377
f 300/379/377 290/378/376 289/380/378
f 300/379/377 289/380/378 299/323/321
f 299/323/321 289/380/378 201/321/319
f 179/280/278 308/363/361 200/381/379
f 200/381/379 308/363/361 307/365/363
f 200/381/379 307/365/363 318/382/380
f 318/382/380 307/365/363 306/367/365
f 318/382/380 306/367/365 317/383/381
f 317/383/381 306/367/365 305/369/367
f 317/383/381 305/369/367 316/384/382
f 316/384/382 305/369/367 304/371/369
f 316/384/382 304/371/369 315/385/383
f 315/385/383 304/371/369 303/373/371
f 315/385/383 303/373/371 314/386/384
f 314/386/384 303/373/371 302/375/373
f 314/386/384 302/375/373 313/387/385
f 313/387/385 302/375/373 301/377/375
f 313/387/385 301/377/375 312/388/386
f 312/388/386 301/377/375 300/379/377
f 312/388/386 300/379/377 311/325/323
f 311/325/323 300/379/377 299/323/321
f 179/280/278 256/389/387 214/278/276
f 214/278/276 256/389/387 257/390/388
f 214/278/276 257/390/388 215/276/274
f 215/276/274 257/390/388 258/391/389
f 215/276/274 258/391/389 216/274/272
f 216/274/272 258/391/389 259/392/390
f 216/274/272 259/392/390 217/272/270
f 217/272/270 259/392/390 260/393/391
f 217/272/270 260/393/391 218/270/268
f 218/270/268 260/393/391 261/394/392
f 218/270/268 261/394/392 219/268/266
f 219/268/266 261/394/392 262/329/327
f 268/316/314 236/356/354 267/318/316
f 267/318/316 236/356/354 191/320/318
f 310/324/322 298/322/320 309/358/356
f 177/279/277 235/277/275 203/294/292
f 203/294/292 235/277/275 234/275/273
f 203/294/292 234/275/273 205/292/290
f 205/292/290 234/275/273 233/273/271
f 205/292/290 233/273/271 206/290/288
f 206/290/288 233/273/271 232/271/269
f 206/290/288 232/271/269 207/288/286
f 207/288/286 232/271/269 231/269/267
f 207/288/286 231/269/267 208/286/284
f 208/286/284 231/269/267 230/267/265
f 208/286/284 230/267/265 209/284/282
f 209/284/282 230/267/265 229/265/263
f 209/284/282 229/265/263 210/282/280
f 210/282/280 229/265/263 228/263/261
f 210/282/280 228/263/261 211/245/243
f 211/245/243 228/263/261 227/261/259
f 211/245/243 227/261/259 212/247/245
f 212/247/245 227/261/259 226/259/257
f 212/247/245 226/259/257 213/250/248
f 213/250/248 226/259/257 225/257/255
f 213/250/248 225/257/255 204/252/250
f 220/266/264 263/328/326 221/264/262
f 221/264/262 263/328/326 264/395/393
f 221/264/262 264/395/393 222/262/260
f 222/262/260 264/395/393 265/361/359
f 192/256/254 224/258/256 266/360/358
f 266/360/358 224/258/256 223/260/258
f 252/351/349 189/353/351 237/357/355
f 251/348/346 252/351/349 238/349/347
f 238/349/347 252/351/349 237/357/355
f 238/349/347 237/357/355 269/314/312
f 250/344/342 186/346/344 239/350/348
f 270/312/310 238/349/347 269/314/312
f 249/342/340 250/344/342 240/396/394
f 240/396/394 250/344/342 239/350/348
f 240/396/394 239/350/348 271/310/308
f 249/342/340 240/396/394 241/341/339
f 241/341/339 240/396/394 272/308/306
f 241/341/339 272/308/306 273/306/304
f 272/308/306 240/396/394 271/310/308
f 254/334/332 182/333/331 243/335/333
f 243/335/333 182/333/331 242/340/338
f 243/335/333 242/340/338 274/304/302
f 274/304/302 242/340/338 273/306/304
f 242/340/338 241/341/339 273/306/304
f 253/331/329 181/330/328 244/336/334
f 275/302/300 243/335/333 274/304/302
f 253/331/329 244/336/334 245/332/330
f 245/332/330 244/336/334 276/300/298
f 245/332/330 276/300/298 199/298/296
f 277/362/360 179/280/278 288/299/297
f 257/390/388 256/389/387 327/397/395
f 327/397/395 256/389/387 328/398/396
f 327/397/395 328/398/396 318/382/380
f 318/382/380 328/398/396 200/381/379
f 258/391/389 257/390/388 326/399/397
f 326/399/397 257/390/388 327/397/395
f 326/399/397 327/397/395 317/383/381
f 317/383/381 327/397/395 318/382/380
f 259/392/390 258/391/389 325/400/398
f 325/400/398 258/391/389 326/399/397
f 325/400/398 326/399/397 316/384/382
f 316/384/382 326/399/397 317/383/381
f 260/393/391 259/392/390 324/401/399
f 324/401/399 259/392/390 325/400/398
f 324/401/399 325/400/398 315/385/383
f 315/385/383 325/400/398 316/384/382
f 261/394/392 260/393/391 323/402/400
f 323/402/400 260/393/391 324/401/399
f 323/402/400 324/401/399 314/386/384
f 314/386/384 324/401/399 315/385/383
f 262/329/327 261/394/392 322/403/401
f 322/403/401 261/394/392 323/402/400
f 322/403/401 323/402/400 313/387/385
f 313/387/385 323/402/400 314/386/384
f 263/328/326 320/326/324 264/395/393
f 264/395/393 320/326/324 319/404/402
f 264/395/393 319/404/402 265/361/359
f 265/361/359 319/404/402 202/359/357
f 328/398/396 256/389/387 179/280/278
f 201/321/319 289/380/378 278/319/317
f 278/319/317 289/380/378 279/317/315
f 289/380/378 290/378/376 279/317/315
f 279/317/315 290/378/376 280/315/313
f 290/378/376 291/376/374 280/315/313
f 280/315/313 291/376/374 281/313/311
f 291/376/374 292/374/372 281/313/311
f 281/313/311 292/374/372 282/311/309
f 292/374/372 293/372/370 282/311/309
f 282/311/309 293/372/370 283/309/307
f 293/372/370 294/370/368 283/309/307
f 283/309/307 294/370/368 284/307/305
f 294/370/368 295/368/366 284/307/305
f 284/307/305 295/368/366 285/305/303
f 295/368/366 296/366/364 285/305/303
f 285/305/303 296/366/364 286/303/301
f 277/362/360 288/299/297 287/301/299
f 296/366/364 297/364/362 286/303/301
f 286/303/301 297/364/362 287/301/299
f 179/280/278 200/381/379 328/398/396
f 297/364/362 277/362/360 287/301/299
f 202/359/357 319/404/402 309/358/356
f 309/358/356 319/404/402 310/324/322
f 319/404/402 320/326/324 310/324/322
f 322/403/401 313/387/385 312/388/386
f 322/403/401 312/388/386 321/327/325
f 321/327/325 312/388/386 311/325/323
f 262/329/327 322/403/401 321/327/325
f 329/405/403 129/406/404 174/407/405
f 174/407/405 129/406/404 175/408/406
f 175/408/406 129/406/404 330/409/407
f 330/409/407 129/406/404 128/410/408
f 126/411/409 332/412/410 127/413/411
f 127/413/411 332/412/410 333/414/412
f 127/413/411 333/414/412 334/415/413
f 332/412/410 126/411/409 331/416/414
f 331/416/414 126/411/409 198/417/415
f 331/416/414 198/417/415 197/418/416
f 331/416/414 197/418/416 193/419/417
f 193/419/417 197/418/416 196/420/418
f 193/419/417 196/420/418 195/421/419
f 195/421/419 194/422/420 193/419/417
f 334/415/413 335/423/421 127/413/411
f 127/413/411 335/423/421 336/424/422
f 127/413/411 336/424/422 337/425/423
f 337/425/423 338/426/424 127/413/411
f 127/413/411 338/426/424 339/427/425
f 127/413/411 339/427/425 340/428/426
f 340/428/426 341/429/427 127/413/411
f 127/413/411 341/429/427 342/430/428
f 127/413/411 342/430/428 343/431/429
f 343/431/429 344/432/430 127/413/411
f 127/433/431 344/434/432 68/435/433
f 68/435/433 344/434/432 69/436/434
f 69/436/434 344/434/432 345/437/435
f 69/436/434 345/437/435 352/438/436
f 352/438/436 345/437/435 351/439/437
f 351/439/437 345/437/435 346/440/438
f 351/439/437 346/440/438 347/441/439
f 347/441/439 348/442/440 351/439/437
f 351/439/437 348/442/440 350/443/441
f 350/443/441 348/442/440 349/444/442
f 128/445/443 131/446/444 330/447/445
f 330/447/445 131/446/444 353/448/446
f 330/447/445 353/448/446 355/449/447
f 355/449/447 353/448/446 354/450/448
f 131/446/444 134/451/449 353/448/446
f 353/452/446 134/453/449 382/454/450
f 382/454/450 134/453/449 142/455/451
f 382/454/450 142/455/451 356/456/452
f 382/454/450 356/456/452 391/457/453
f 391/457/453 356/456/452 357/458/454
f 391/457/453 357/458/454 390/459/455
f 390/459/455 357/458/454 389/460/456
f 390/459/455 389/460/456 405/461/457
f 405/461/457 389/460/456 406/462/458
f 405/461/457 406/462/458 400/463/459
f 400/463/459 406/462/458 399/464/460
f 400/463/459 399/464/460 443/465/461
f 443/465/461 399/464/460 442/466/462
f 443/465/461 442/466/462 454/467/463
f 454/467/463 442/466/462 453/468/464
f 454/467/463 453/468/464 464/469/465
f 464/469/465 453/468/464 463/470/466
f 464/469/465 463/470/466 474/471/467
f 474/471/467 463/470/466 473/472/468
f 474/471/467 473/472/468 486/473/469
f 486/473/469 473/472/468 485/474/470
f 486/473/469 485/474/470 496/475/471
f 496/475/471 485/474/470 495/476/472
f 496/475/471 495/476/472 506/477/473
f 506/477/473 495/476/472 505/478/474
f 506/477/473 505/478/474 416/479/475
f 416/479/475 505/478/474 417/480/476
f 416/479/475 417/480/476 431/481/477
f 431/481/477 417/480/476 430/482/478
f 431/481/477 430/482/478 372/483/479
f 372/483/479 430/482/478 429/484/480
f 372/483/479 429/484/480 371/485/481
f 371/485/481 429/484/480 428/486/482
f 371/485/481 428/486/482 427/487/483
f 427/487/483 428/486/482 420/488/484
f 427/487/483 420/488/484 421/489/485
f 421/489/485 420/488/484 501/490/486
f 421/489/485 501/490/486 500/491/487
f 500/491/487 501/490/486 490/492/488
f 500/491/487 490/492/488 489/493/489
f 489/493/489 490/492/488 479/494/490
f 489/493/489 479/494/490 478/495/491
f 478/495/491 479/494/490 466/496/492
f 478/495/491 466/496/492 367/497/493
f 367/497/493 466/496/492 378/498/494
f 367/497/493 378/498/494 446/499/495
f 446/499/495 378/498/494 457/500/496
f 446/499/495 457/500/496 447/501/497
f 447/501/497 457/500/496 458/502/498
f 447/501/497 458/502/498 448/503/499
f 448/503/499 458/502/498 459/504/500
f 448/503/499 459/504/500 449/505/501
f 449/505/501 459/504/500 460/506/502
f 449/505/501 460/506/502 450/507/503
f 450/507/503 460/506/502 461/508/504
f 450/507/503 461/508/504 451/509/505
f 451/509/505 461/508/504 462/510/506
f 451/509/505 462/510/506 452/511/507
f 452/511/507 462/510/506 463/470/466
f 452/511/507 463/470/466 453/468/464
f 357/458/454 358/512/508 389/460/456
f 389/460/456 358/512/508 388/513/509
f 389/460/456 388/513/509 406/462/458
f 406/462/458 388/513/509 407/514/510
f 406/462/458 407/514/510 399/464/460
f 399/464/460 407/514/510 398/515/511
f 399/464/460 398/515/511 442/466/462
f 442/466/462 398/515/511 441/516/512
f 442/466/462 441/516/512 453/468/464
f 453/468/464 441/516/512 452/511/507
f 358/512/508 359/517/513 388/513/509
f 388/513/509 359/517/513 387/518/514
f 388/513/509 387/518/514 407/514/510
f 407/514/510 387/518/514 408/519/515
f 407/514/510 408/519/515 398/515/511
f 398/515/511 408/519/515 397/520/516
f 398/515/511 397/520/516 441/516/512
f 441/516/512 397/520/516 440/521/517
f 441/516/512 440/521/517 452/511/507
f 452/511/507 440/521/517 451/509/505
f 387/518/514 359/517/513 386/522/518
f 386/522/518 359/517/513 360/523/519
f 386/522/518 360/523/519 385/524/520
f 385/524/520 360/523/519 384/525/521
f 385/524/520 384/525/521 410/526/522
f 410/526/522 384/525/521 411/527/523
f 410/526/522 411/527/523 395/528/524
f 395/528/524 411/527/523 394/529/525
f 395/528/524 394/529/525 438/530/526
f 438/530/526 394/529/525 437/531/527
f 438/530/526 437/531/527 449/505/501
f 449/505/501 437/531/527 448/503/499
f 360/523/519 361/532/528 384/525/521
f 384/525/521 361/532/528 383/533/529
f 384/525/521 383/533/529 411/527/523
f 411/527/523 383/533/529 412/534/530
f 411/527/523 412/534/530 394/529/525
f 394/529/525 412/534/530 393/535/531
f 394/529/525 393/535/531 437/531/527
f 437/531/527 393/535/531 436/536/532
f 437/531/527 436/536/532 448/503/499
f 448/503/499 436/536/532 447/501/497
f 383/533/529 361/532/528 381/537/533
f 381/537/533 361/532/528 362/538/534
f 381/537/533 362/538/534 363/539/535
f 364/540/536 365/541/537 363/539/535
f 363/539/535 365/541/537 381/537/533
f 366/542/538 367/497/493 365/541/537
f 365/541/537 367/497/493 392/543/539
f 365/541/537 392/543/539 413/544/540
f 413/544/540 392/543/539 393/535/531
f 413/544/540 393/535/531 412/534/530
f 368/545/541 424/546/542 367/497/493
f 367/497/493 424/546/542 377/547/543
f 367/497/493 377/547/543 488/548/544
f 488/548/544 377/547/543 499/549/545
f 488/548/544 499/549/545 489/493/489
f 489/493/489 499/549/545 500/491/487
f 369/550/546 433/551/547 368/545/541
f 368/545/541 433/551/547 423/552/548
f 368/545/541 423/552/548 424/546/542
f 424/546/542 423/552/548 377/547/543
f 370/553/549 425/554/550 369/550/546
f 369/550/546 425/554/550 422/555/551
f 369/550/546 422/555/551 423/552/548
f 423/552/548 422/555/551 499/549/545
f 423/552/548 499/549/545 377/547/543
f 371/485/481 427/487/483 370/553/549
f 370/553/549 427/487/483 426/556/552
f 370/553/549 426/556/552 425/554/550
f 425/554/550 426/556/552 422/555/551
f 372/483/479 373/557/553 431/481/477
f 431/481/477 373/557/553 432/558/554
f 431/481/477 432/558/554 416/479/475
f 416/479/475 432/558/554 415/559/555
f 416/479/475 415/559/555 506/477/473
f 506/477/473 415/559/555 507/560/556
f 506/477/473 507/560/556 496/475/471
f 496/475/471 507/560/556 497/561/557
f 496/475/471 497/561/557 486/473/469
f 486/473/469 497/561/557 487/562/558
f 486/473/469 487/562/558 474/471/467
f 474/471/467 487/562/558 475/563/559
f 474/471/467 475/563/559 464/469/465
f 464/469/465 475/563/559 465/564/560
f 464/469/465 465/564/560 454/467/463
f 454/467/463 465/564/560 455/565/561
f 454/467/463 455/565/561 443/465/461
f 443/465/461 455/565/561 444/566/562
f 443/465/461 444/566/562 400/463/459
f 400/463/459 444/566/562 401/567/563
f 400/463/459 401/567/563 405/461/457
f 405/461/457 401/567/563 404/568/564
f 405/461/457 404/568/564 390/459/455
f 390/459/455 404/568/564 391/457/453
f 373/557/553 374/569/565 432/558/554
f 432/558/554 374/569/565 415/559/555
f 375/570/566 434/571/567 374/569/565
f 374/569/565 434/571/567 414/572/568
f 374/569/565 414/572/568 415/559/555
f 415/559/555 414/572/568 507/560/556
f 375/570/566 376/573/569 434/571/567
f 434/571/567 376/573/569 414/572/568
f 376/573/569 354/574/448 414/572/568
f 414/572/568 354/574/448 476/575/570
f 414/572/568 476/575/570 507/560/556
f 507/560/556 476/575/570 497/561/557
f 353/452/446 456/576/571 354/574/448
f 354/574/448 456/576/571 477/577/572
f 354/574/448 477/577/572 379/578/573
f 379/578/573 477/577/572 475/563/559
f 379/578/573 475/563/559 487/562/558
f 367/497/493 435/579/574 392/543/539
f 392/543/539 435/579/574 436/536/532
f 392/543/539 436/536/532 393/535/531
f 380/580/575 353/452/446 445/581/576
f 445/581/576 353/452/446 402/582/577
f 445/581/576 402/582/577 401/567/563
f 401/567/563 402/582/577 404/568/564
f 365/541/537 413/544/540 381/537/533
f 381/537/533 413/544/540 412/534/530
f 381/537/533 412/534/530 383/533/529
f 408/519/515 387/518/514 386/522/518
f 386/522/518 385/524/520 409/583/578
f 409/583/578 385/524/520 410/526/522
f 409/583/578 410/526/522 396/584/579
f 396/584/579 410/526/522 395/528/524
f 396/584/579 395/528/524 439/585/580
f 439/585/580 395/528/524 438/530/526
f 439/585/580 438/530/526 450/507/503
f 450/507/503 438/530/526 449/505/501
f 353/452/446 382/454/450 403/586/581
f 403/586/581 382/454/450 391/457/453
f 403/586/581 391/457/453 404/568/564
f 396/584/579 397/520/516 409/583/578
f 409/583/578 397/520/516 408/519/515
f 409/583/578 408/519/515 386/522/518
f 397/520/516 396/584/579 440/521/517
f 440/521/517 396/584/579 439/585/580
f 440/521/517 439/585/580 451/509/505
f 451/509/505 439/585/580 450/507/503
f 403/586/581 404/568/564 402/582/577
f 445/581/576 401/567/563 444/566/562
f 353/452/446 403/586/581 402/582/577
f 429/484/480 430/482/478 418/587/582
f 418/587/582 430/482/478 417/480/476
f 418/587/582 417/480/476 504/588/583
f 504/588/583 417/480/476 505/478/474
f 504/588/583 505/478/474 494/589/584
f 494/589/584 505/478/474 495/476/472
f 494/589/584 495/476/472 484/590/585
f 484/590/585 495/476/472 485/474/470
f 484/590/585 485/474/470 472/591/586
f 472/591/586 485/474/470 473/472/468
f 472/591/586 473/472/468 462/510/506
f 462/510/506 473/472/468 463/470/466
f 428/486/482 429/484/480 419/592/587
f 419/592/587 429/484/480 418/587/582
f 419/592/587 418/587/582 503/593/588
f 503/593/588 418/587/582 504/588/583
f 503/593/588 504/588/583 493/594/589
f 493/594/589 504/588/583 494/589/584
f 493/594/589 494/589/584 483/595/590
f 483/595/590 494/589/584 484/590/585
f 483/595/590 484/590/585 471/596/591
f 471/596/591 484/590/585 472/591/586
f 471/596/591 472/591/586 461/508/504
f 461/508/504 472/591/586 462/510/506
f 428/486/482 419/592/587 420/488/484
f 420/488/484 419/592/587 502/597/592
f 420/488/484 502/597/592 501/490/486
f 501/490/486 502/597/592 491/598/593
f 501/490/486 491/598/593 490/492/488
f 490/492/488 491/598/593 480/599/594
f 490/492/488 480/599/594 479/494/490
f 479/494/490 480/599/594 467/600/595
f 479/494/490 467/600/595 466/496/492
f 466/496/492 467/600/595 378/498/494
f 502/597/592 419/592/587 503/593/588
f 426/556/552 427/487/483 421/489/485
f 426/556/552 421/489/485 422/555/551
f 422/555/551 421/489/485 500/491/487
f 422/555/551 500/491/487 499/549/545
f 433/551/547 369/550/546 423/552/548
f 478/495/491 367/497/493 488/548/544
f 447/501/497 436/536/532 435/579/574
f 446/499/495 447/501/497 435/579/574
f 380/580/575 445/581/576 444/566/562
f 380/580/575 444/566/562 455/565/561
f 353/452/446 380/580/575 456/576/571
f 456/576/571 380/580/575 455/565/561
f 456/576/571 455/565/561 465/564/560
f 446/499/495 435/579/574 367/497/493
f 378/498/494 467/600/595 457/500/496
f 457/500/496 467/600/595 468/601/596
f 457/500/496 468/601/596 458/502/498
f 458/502/498 468/601/596 469/602/597
f 458/502/498 469/602/597 459/504/500
f 459/504/500 469/602/597 470/603/598
f 459/504/500 470/603/598 460/506/502
f 460/506/502 470/603/598 471/596/591
f 460/506/502 471/596/591 461/508/504
f 477/577/572 456/576/571 465/564/560
f 477/577/572 465/564/560 475/563/559
f 354/574/448 379/578/573 498/604/599
f 498/604/599 379/578/573 487/562/558
f 498/604/599 487/562/558 497/561/557
f 467/600/595 480/599/594 468/601/596
f 468/601/596 480/599/594 481/605/600
f 468/601/596 481/605/600 469/602/597
f 469/602/597 481/605/600 482/606/601
f 469/602/597 482/606/601 470/603/598
f 470/603/598 482/606/601 483/595/590
f 470/603/598 483/595/590 471/596/591
f 497/561/557 476/575/570 498/604/599
f 498/604/599 476/575/570 354/574/448
f 488/548/544 489/493/489 478/495/491
f 480/599/594 491/598/593 481/605/600
f 481/605/600 491/598/593 492/607/602
f 481/605/600 492/607/602 482/606/601
f 482/606/601 492/607/602 493/594/589
f 482/606/601 493/594/589 483/595/590
f 503/593/588 493/594/589 492/607/602
f 503/593/588 492/607/602 502/597/592
f 502/597/592 492/607/602 491/598/593
f 142/608/603 141/609/604 356/610/605
f 356/610/605 141/609/604 520/611/606
f 356/610/605 520/611/606 140/612/607
f 140/612/607 520/611/606 141/609/604
f 356/610/605 140/612/607 519/613/608
f 519/613/608 140/612/607 139/614/609
f 519/613/608 139/614/609 138/615/610
f 137/616/611 518/617/612 138/615/610
f 138/615/610 518/617/612 357/618/613
f 138/615/610 357/618/613 519/613/608
f 519/613/608 357/618/613 356/610/605
f 137/616/611 136/619/614 518/617/612
f 518/617/612 136/619/614 358/620/615
f 518/617/612 358/620/615 357/618/613
f 358/620/615 136/619/614 512/621/616
f 512/621/616 136/619/614 135/622/617
f 512/621/616 135/622/617 513/623/618
f 513/623/618 135/622/617 114/624/619
f 513/623/618 114/624/619 514/625/620
f 514/625/620 114/624/619 521/626/621
f 514/625/620 521/626/621 522/627/622
f 522/627/622 521/626/621 113/628/623
f 522/627/622 113/628/623 527/629/624
f 527/629/624 113/628/623 112/630/625
f 527/629/624 112/630/625 526/631/626
f 526/631/626 112/630/625 528/632/627
f 526/631/626 528/632/627 524/633/628
f 524/633/628 528/632/627 511/634/629
f 524/633/628 511/634/629 509/635/630
f 509/635/630 511/634/629 530/636/631
f 509/635/630 530/636/631 508/637/632
f 508/637/632 530/636/631 111/638/633
f 111/638/633 530/636/631 511/634/629
f 111/638/633 511/634/629 529/639/634
f 529/639/634 511/634/629 528/632/627
f 529/639/634 528/632/627 112/630/625
f 114/624/619 113/628/623 521/626/621
f 112/630/625 111/638/633 529/639/634
f 509/635/630 364/640/536 524/633/628
f 524/633/628 364/640/536 525/641/635
f 524/633/628 525/641/635 526/631/626
f 526/631/626 525/641/635 523/642/636
f 526/631/626 523/642/636 522/627/622
f 522/627/622 523/642/636 515/643/637
f 522/627/622 515/643/637 514/625/620
f 514/625/620 515/643/637 360/644/638
f 514/625/620 360/644/638 513/623/618
f 513/623/618 360/644/638 359/645/639
f 513/623/618 359/645/639 512/621/616
f 512/621/616 359/645/639 358/620/615
f 525/641/635 364/640/536 510/646/640
f 510/646/640 364/640/536 363/647/641
f 510/646/640 363/647/641 517/648/642
f 517/648/642 363/647/641 362/649/643
f 517/648/642 362/649/643 361/650/644
f 360/644/638 515/643/637 361/650/644
f 361/650/644 515/643/637 516/651/645
f 361/650/644 516/651/645 517/648/642
f 517/648/642 516/651/645 510/646/640
f 510/646/640 516/651/645 523/642/636
f 523/642/636 516/651/645 515/643/637
f 523/642/636 525/641/635 510/646/640
f 527/629/624 526/631/626 522/627/622
f 508/637/646 111/638/647 534/652/648
f 534/652/648 111/653/647 110/654/649
f 534/652/648 110/654/649 533/655/650
f 533/655/650 110/654/649 535/656/651
f 533/655/650 535/656/651 532/657/652
f 532/657/652 535/656/651 531/658/653
f 531/658/653 535/656/651 109/659/654
f 109/659/654 535/656/651 110/654/649
f 532/657/652 509/660/630 533/655/650
f 533/655/650 509/660/630 534/652/648
f 509/660/630 508/661/646 534/652/648
f 536/662/655 537/663/656 538/664/657
f 540/665/658 620/666/659 539/667/660
f 539/667/660 620/666/659 640/668/661
f 539/667/660 640/668/661 557/669/662
f 557/669/662 640/668/661 639/670/663
f 557/669/662 639/670/663 649/671/664
f 649/671/664 639/670/663 638/672/665
f 649/671/664 638/672/665 648/673/666
f 648/673/666 638/672/665 637/674/667
f 648/673/666 637/674/667 647/675/668
f 647/675/668 637/674/667 636/676/669
f 647/675/668 636/676/669 646/677/670
f 646/677/670 636/676/669 635/678/671
f 646/677/670 635/678/671 645/679/672
f 645/679/672 635/678/671 634/680/673
f 645/679/672 634/680/673 644/681/674
f 644/681/674 634/680/673 633/682/675
f 644/681/674 633/682/675 643/683/676
f 643/683/676 633/682/675 632/684/677
f 643/683/676 632/684/677 642/685/678
f 642/685/678 632/684/677 631/686/679
f 642/685/678 631/686/679 641/687/680
f 641/687/680 631/686/679 556/688/681
f 641/687/680 556/688/681 571/689/682
f 571/689/682 556/688/681 542/690/683
f 571/689/682 542/690/683 650/691/684
f 650/691/684 542/690/683 555/692/685
f 650/691/684 555/692/685 570/693/686
f 570/693/686 555/692/685 573/694/687
f 570/693/686 573/694/687 574/695/688
f 574/695/688 573/694/687 545/696/689
f 574/695/688 545/696/689 575/697/690
f 575/697/690 545/696/689 546/698/691
f 575/697/690 546/698/691 568/699/692
f 568/699/692 546/698/691 576/700/693
f 568/699/692 576/700/693 567/701/694
f 567/701/694 576/700/693 577/702/695
f 567/701/694 577/702/695 566/703/696
f 566/703/696 577/702/695 547/704/697
f 566/703/696 547/704/697 565/705/698
f 565/705/698 547/704/697 548/706/699
f 565/705/698 548/706/699 564/707/700
f 564/707/700 548/706/699 549/708/701
f 564/707/700 549/708/701 550/709/702
f 191/710/703 560/711/704 540/665/658
f 540/665/658 560/711/704 579/712/705
f 540/665/658 579/712/705 599/713/706
f 599/713/706 579/712/705 580/714/707
f 599/713/706 580/714/707 598/715/708
f 598/715/708 580/714/707 581/716/709
f 598/715/708 581/716/709 597/717/710
f 597/717/710 581/716/709 582/718/711
f 597/717/710 582/718/711 596/719/712
f 596/719/712 582/718/711 583/720/713
f 596/719/712 583/720/713 595/721/714
f 595/721/714 583/720/713 584/722/715
f 595/721/714 584/722/715 594/723/716
f 594/723/716 584/722/715 585/724/717
f 594/723/716 585/724/717 593/725/718
f 593/725/718 585/724/717 586/726/719
f 593/725/718 586/726/719 592/727/720
f 592/727/720 586/726/719 587/728/721
f 592/727/720 587/728/721 591/729/722
f 591/729/722 587/728/721 588/730/723
f 591/729/722 588/730/723 590/731/724
f 590/731/724 588/730/723 558/732/725
f 590/731/724 558/732/725 589/733/726
f 589/733/726 558/732/725 541/734/727
f 589/733/726 541/734/727 610/735/728
f 610/735/728 541/734/727 621/736/729
f 610/735/728 621/736/729 622/737/730
f 622/737/730 621/736/729 631/686/679
f 622/737/730 631/686/679 632/684/677
f 191/710/703 190/738/731 560/711/704
f 560/711/704 190/738/731 189/739/732
f 560/711/704 189/739/732 609/740/733
f 609/740/733 189/739/732 188/741/734
f 609/740/733 188/741/734 187/742/735
f 609/740/733 187/742/735 608/743/736
f 608/743/736 187/742/735 186/744/737
f 608/743/736 186/744/737 607/745/738
f 607/745/738 186/744/737 185/746/739
f 607/745/738 185/746/739 184/747/740
f 607/745/738 184/747/740 606/748/741
f 606/748/741 184/747/740 183/749/742
f 606/748/741 183/749/742 605/750/743
f 605/750/743 183/749/742 182/751/744
f 605/750/743 182/751/744 604/752/745
f 604/752/745 182/751/744 603/753/746
f 604/752/745 603/753/746 585/724/717
f 585/724/717 603/753/746 586/726/719
f 182/751/744 181/754/747 603/753/746
f 603/753/746 181/754/747 602/755/748
f 603/753/746 602/755/748 586/726/719
f 586/726/719 602/755/748 587/728/721
f 181/754/747 180/756/749 602/755/748
f 602/755/748 180/756/749 601/757/750
f 602/755/748 601/757/750 587/728/721
f 587/728/721 601/757/750 588/730/723
f 601/757/750 180/756/749 600/758/751
f 600/758/751 180/756/749 179/759/752
f 600/758/751 179/759/752 178/760/279
f 178/760/279 541/734/727 600/758/751
f 600/758/751 541/734/727 558/732/725
f 600/758/751 558/732/725 588/730/723
f 621/736/729 541/734/727 556/688/681
f 556/688/681 541/734/727 542/690/683
f 542/690/683 543/761/753 555/692/685
f 555/692/685 543/761/753 572/762/754
f 555/692/685 572/762/754 573/694/687
f 573/694/687 572/762/754 544/763/755
f 573/694/687 544/763/755 545/696/689
f 543/761/753 544/763/755 572/762/754
f 576/700/693 546/698/691 577/702/695
f 577/702/695 546/698/691 547/704/697
f 564/707/700 550/709/702 563/764/756
f 563/764/756 550/709/702 551/765/757
f 563/764/756 551/765/757 552/766/758
f 563/764/756 552/766/758 561/767/759
f 561/767/759 552/766/758 553/768/760
f 561/767/759 553/768/760 562/769/761
f 562/769/761 553/768/760 659/770/762
f 562/769/761 659/770/762 649/671/664
f 649/671/664 659/770/762 557/669/662
f 659/770/762 553/768/760 578/771/763
f 578/771/763 553/768/760 554/772/764
f 578/771/763 554/772/764 659/770/762
f 659/770/762 554/772/764 539/667/660
f 659/770/762 539/667/660 557/669/662
f 540/665/658 599/713/706 559/773/765
f 559/773/765 599/713/706 598/715/708
f 559/773/765 598/715/708 619/774/766
f 619/774/766 598/715/708 597/717/710
f 619/774/766 597/717/710 618/775/767
f 618/775/767 597/717/710 596/719/712
f 618/775/767 596/719/712 617/776/768
f 617/776/768 596/719/712 595/721/714
f 617/776/768 595/721/714 616/777/769
f 616/777/769 595/721/714 594/723/716
f 616/777/769 594/723/716 615/778/770
f 615/778/770 594/723/716 593/725/718
f 615/778/770 593/725/718 614/779/771
f 614/779/771 593/725/718 592/727/720
f 614/779/771 592/727/720 613/780/772
f 613/780/772 592/727/720 591/729/722
f 613/780/772 591/729/722 612/781/773
f 612/781/773 591/729/722 590/731/724
f 612/781/773 590/731/724 611/782/774
f 611/782/774 590/731/724 589/733/726
f 611/782/774 589/733/726 610/735/728
f 563/764/756 561/767/759 658/783/775
f 658/783/775 561/767/759 562/769/761
f 658/783/775 562/769/761 648/673/666
f 648/673/666 562/769/761 649/671/664
f 564/707/700 563/764/756 657/784/776
f 657/784/776 563/764/756 658/783/775
f 657/784/776 658/783/775 647/675/668
f 647/675/668 658/783/775 648/673/666
f 565/705/698 564/707/700 656/785/777
f 656/785/777 564/707/700 657/784/776
f 656/785/777 657/784/776 646/677/670
f 646/677/670 657/784/776 647/675/668
f 566/703/696 565/705/698 655/786/778
f 655/786/778 565/705/698 656/785/777
f 655/786/778 656/785/777 645/679/672
f 645/679/672 656/785/777 646/677/670
f 567/701/694 566/703/696 654/787/779
f 654/787/779 566/703/696 655/786/778
f 654/787/779 655/786/778 644/681/674
f 644/681/674 655/786/778 645/679/672
f 574/695/688 575/697/690 569/788/780
f 569/788/780 575/697/690 568/699/692
f 569/788/780 568/699/692 652/789/781
f 652/789/781 568/699/692 653/790/782
f 652/789/781 653/790/782 642/685/678
f 642/685/678 653/790/782 643/683/676
f 568/699/692 567/701/694 653/790/782
f 653/790/782 567/701/694 654/787/779
f 653/790/782 654/787/779 643/683/676
f 643/683/676 654/787/779 644/681/674
f 574/695/688 569/788/780 570/693/686
f 570/693/686 569/788/780 651/791/783
f 570/693/686 651/791/783 650/691/684
f 650/691/684 651/791/783 571/689/682
f 651/791/783 569/788/780 652/789/781
f 560/711/704 609/740/733 579/712/705
f 579/712/705 609/740/733 580/714/707
f 609/740/733 608/743/736 580/714/707
f 580/714/707 608/743/736 581/716/709
f 608/743/736 607/745/738 581/716/709
f 581/716/709 607/745/738 582/718/711
f 607/745/738 606/748/741 582/718/711
f 582/718/711 606/748/741 583/720/713
f 604/752/745 585/724/717 584/722/715
f 606/748/741 605/750/743 583/720/713
f 583/720/713 605/750/743 584/722/715
f 605/750/743 604/752/745 584/722/715
f 600/758/751 588/730/723 601/757/750
f 540/665/658 559/773/765 620/666/659
f 620/666/659 559/773/765 619/774/766
f 620/666/659 619/774/766 630/792/784
f 630/792/784 619/774/766 618/775/767
f 630/792/784 618/775/767 629/793/785
f 629/793/785 618/775/767 617/776/768
f 629/793/785 617/776/768 628/794/786
f 628/794/786 617/776/768 616/777/769
f 628/794/786 616/777/769 627/795/787
f 627/795/787 616/777/769 615/778/770
f 627/795/787 615/778/770 626/796/788
f 626/796/788 615/778/770 614/779/771
f 626/796/788 614/779/771 625/797/789
f 625/797/789 614/779/771 613/780/772
f 625/797/789 613/780/772 624/798/790
f 624/798/790 613/780/772 612/781/773
f 624/798/790 612/781/773 623/799/791
f 623/799/791 612/781/773 611/782/774
f 623/799/791 611/782/774 622/737/730
f 622/737/730 611/782/774 610/735/728
f 556/688/681 631/686/679 621/736/729
f 622/737/730 632/684/677 623/799/791
f 623/799/791 632/684/677 633/682/675
f 623/799/791 633/682/675 624/798/790
f 624/798/790 633/682/675 634/680/673
f 624/798/790 634/680/673 625/797/789
f 625/797/789 634/680/673 635/678/671
f 625/797/789 635/678/671 626/796/788
f 626/796/788 635/678/671 636/676/669
f 626/796/788 636/676/669 627/795/787
f 627/795/787 636/676/669 637/674/667
f 627/795/787 637/674/667 628/794/786
f 628/794/786 637/674/667 638/672/665
f 628/794/786 638/672/665 629/793/785
f 629/793/785 638/672/665 639/670/663
f 629/793/785 639/670/663 630/792/784
f 630/792/784 639/670/663 640/668/661
f 630/792/784 640/668/661 620/666/659
f 652/789/781 642/685/678 641/687/680
f 652/789/781 641/687/680 651/791/783
f 651/791/783 641/687/680 571/689/682
f 661/800/792 754/801/793 660/802/794
f 660/802/794 754/801/793 773/803/795
f 660/802/794 773/803/795 678/804/796
f 678/804/796 773/803/795 772/805/797
f 678/804/796 772/805/797 783/806/798
f 783/806/798 772/805/797 771/807/799
f 783/806/798 771/807/799 782/808/800
f 782/808/800 771/807/799 770/809/801
f 782/808/800 770/809/801 781/810/802
f 781/810/802 770/809/801 769/811/803
f 781/810/802 769/811/803 780/812/804
f 780/812/804 769/811/803 768/813/805
f 780/812/804 768/813/805 779/814/806
f 779/814/806 768/813/805 767/815/807
f 779/814/806 767/815/807 778/816/808
f 778/816/808 767/815/807 766/817/809
f 778/816/808 766/817/809 777/818/810
f 777/818/810 766/817/809 765/819/811
f 777/818/810 765/819/811 776/820/812
f 776/820/812 765/819/811 764/821/813
f 776/820/812 764/821/813 775/822/814
f 775/822/814 764/821/813 692/823/815
f 775/822/814 692/823/815 774/824/816
f 774/824/816 692/823/815 663/825/817
f 774/824/816 663/825/817 676/826/818
f 676/826/818 663/825/817 693/827/819
f 676/826/818 693/827/819 694/828/820
f 694/828/820 693/827/819 665/829/821
f 694/828/820 665/829/821 666/830/822
f 539/831/823 681/832/824 661/800/792
f 661/800/792 681/832/824 702/833/825
f 661/800/792 702/833/825 723/834/826
f 723/834/826 702/833/825 703/835/827
f 723/834/826 703/835/827 722/836/828
f 722/836/828 703/835/827 704/837/829
f 722/836/828 704/837/829 721/838/830
f 721/838/830 704/837/829 705/839/831
f 721/838/830 705/839/831 720/840/832
f 720/840/832 705/839/831 706/841/833
f 720/840/832 706/841/833 719/842/834
f 719/842/834 706/841/833 707/843/835
f 719/842/834 707/843/835 718/844/836
f 718/844/836 707/843/835 708/845/837
f 718/844/836 708/845/837 717/846/838
f 717/846/838 708/845/837 709/847/839
f 717/846/838 709/847/839 716/848/840
f 716/848/840 709/847/839 710/849/841
f 716/848/840 710/849/841 715/850/842
f 715/850/842 710/849/841 711/851/843
f 715/850/842 711/851/843 714/852/844
f 714/852/844 711/851/843 712/853/845
f 714/852/844 712/853/845 713/854/846
f 713/854/846 712/853/845 662/855/847
f 713/854/846 662/855/847 744/856/848
f 744/856/848 662/855/847 677/857/849
f 744/856/848 677/857/849 755/858/850
f 755/858/850 677/857/849 764/821/813
f 755/858/850 764/821/813 765/819/811
f 681/832/824 539/831/823 733/859/851
f 733/859/851 539/831/823 554/860/852
f 733/859/851 554/860/852 553/861/853
f 733/859/851 553/861/853 732/862/854
f 732/862/854 553/861/853 552/863/855
f 732/862/854 552/863/855 731/864/856
f 731/864/856 552/863/855 551/865/857
f 731/864/856 551/865/857 550/866/858
f 731/864/856 550/866/858 730/867/859
f 730/867/859 550/866/858 549/868/860
f 730/867/859 549/868/860 548/869/861
f 730/867/859 548/869/861 729/870/862
f 729/870/862 548/869/861 547/871/863
f 729/870/862 547/871/863 728/872/864
f 728/872/864 547/871/863 546/873/865
f 728/872/864 546/873/865 727/874/866
f 727/874/866 546/873/865 726/875/867
f 727/874/866 726/875/867 738/876/868
f 738/876/868 726/875/867 737/877/869
f 738/876/868 737/877/869 708/845/837
f 708/845/837 737/877/869 709/847/839
f 546/873/865 545/878/870 726/875/867
f 726/875/867 545/878/870 725/879/871
f 726/875/867 725/879/871 737/877/869
f 737/877/869 725/879/871 736/880/872
f 737/877/869 736/880/872 709/847/839
f 709/847/839 736/880/872 710/849/841
f 725/879/871 545/878/870 724/881/873
f 724/881/873 545/878/870 544/882/874
f 724/881/873 544/882/874 680/883/875
f 680/883/875 544/882/874 543/884/876
f 680/883/875 543/884/876 662/855/847
f 662/855/847 543/884/876 542/885/683
f 662/855/847 663/825/817 677/857/849
f 677/857/849 663/825/817 692/823/815
f 677/857/849 692/823/815 764/821/813
f 663/825/817 664/886/877 693/827/819
f 693/827/819 664/886/877 665/829/821
f 667/887/878 696/888/879 666/830/822
f 666/830/822 696/888/879 695/889/880
f 666/830/822 695/889/880 694/828/820
f 694/828/820 695/889/880 691/890/881
f 694/828/820 691/890/881 676/826/818
f 676/826/818 691/890/881 774/824/816
f 668/891/882 698/892/883 667/887/878
f 667/887/878 698/892/883 697/893/884
f 667/887/878 697/893/884 696/888/879
f 696/888/879 697/893/884 689/894/885
f 696/888/879 689/894/885 690/895/886
f 690/895/886 689/894/885 776/820/812
f 690/895/886 776/820/812 775/822/814
f 669/896/887 700/897/888 668/891/882
f 668/891/882 700/897/888 687/898/889
f 668/891/882 687/898/889 698/892/883
f 698/892/883 687/898/889 688/899/890
f 698/892/883 688/899/890 697/893/884
f 697/893/884 688/899/890 689/894/885
f 670/900/891 701/901/892 669/896/887
f 669/896/887 701/901/892 686/902/893
f 669/896/887 686/902/893 700/897/888
f 700/897/888 686/902/893 687/898/889
f 670/900/891 671/903/894 701/901/892
f 701/901/892 671/903/894 685/904/895
f 701/901/892 685/904/895 686/902/893
f 686/902/893 685/904/895 780/812/804
f 686/902/893 780/812/804 779/814/806
f 672/905/896 699/906/897 671/903/894
f 671/903/894 699/906/897 684/907/898
f 671/903/894 684/907/898 685/904/895
f 685/904/895 684/907/898 781/810/802
f 685/904/895 781/810/802 780/812/804
f 699/906/897 672/905/896 684/907/898
f 684/907/898 672/905/896 673/908/899
f 684/907/898 673/908/899 683/909/900
f 683/909/900 673/908/899 674/910/901
f 683/909/900 674/910/901 682/911/902
f 682/911/902 674/910/901 675/912/903
f 682/911/902 675/912/903 660/802/794
f 682/911/902 660/802/794 678/804/796
f 661/800/792 723/834/826 679/913/904
f 679/913/904 723/834/826 722/836/828
f 679/913/904 722/836/828 753/914/905
f 753/914/905 722/836/828 721/838/830
f 753/914/905 721/838/830 752/915/906
f 752/915/906 721/838/830 720/840/832
f 752/915/906 720/840/832 751/916/907
f 751/916/907 720/840/832 719/842/834
f 751/916/907 719/842/834 750/917/908
f 750/917/908 719/842/834 718/844/836
f 750/917/908 718/844/836 749/918/909
f 749/918/909 718/844/836 717/846/838
f 749/918/909 717/846/838 748/919/910
f 748/919/910 717/846/838 716/848/840
f 748/919/910 716/848/840 747/920/911
f 747/920/911 716/848/840 715/850/842
f 747/920/911 715/850/842 746/921/912
f 746/921/912 715/850/842 714/852/844
f 746/921/912 714/852/844 745/922/913
f 745/922/913 714/852/844 713/854/846
f 745/922/913 713/854/846 744/856/848
f 662/855/847 712/853/845 734/923/914
f 734/923/914 712/853/845 711/851/843
f 734/923/914 711/851/843 735/924/915
f 735/924/915 711/851/843 710/849/841
f 735/924/915 710/849/841 736/880/872
f 662/855/847 734/923/914 680/883/875
f 680/883/875 734/923/914 735/924/915
f 680/883/875 735/924/915 724/881/873
f 724/881/873 735/924/915 736/880/872
f 724/881/873 736/880/872 725/879/871
f 678/804/796 783/806/798 682/911/902
f 682/911/902 783/806/798 683/909/900
f 783/806/798 782/808/800 683/909/900
f 683/909/900 782/808/800 684/907/898
f 782/808/800 781/810/802 684/907/898
f 686/902/893 779/814/806 687/898/889
f 687/898/889 779/814/806 778/816/808
f 687/898/889 778/816/808 688/899/890
f 688/899/890 778/816/808 777/818/810
f 688/899/890 777/818/810 689/894/885
f 689/894/885 777/818/810 776/820/812
f 695/889/880 696/888/879 690/895/886
f 695/889/880 690/895/886 691/890/881
f 691/890/881 690/895/886 775/822/814
f 691/890/881 775/822/814 774/824/816
f 703/835/827 702/833/825 743/925/916
f 743/925/916 702/833/825 681/832/824
f 743/925/916 681/832/824 732/862/854
f 732/862/854 681/832/824 733/859/851
f 704/837/829 703/835/827 742/926/917
f 742/926/917 703/835/827 743/925/916
f 742/926/917 743/925/916 731/864/856
f 731/864/856 743/925/916 732/862/854
f 705/839/831 704/837/829 741/927/918
f 741/927/918 704/837/829 742/926/917
f 741/927/918 742/926/917 730/867/859
f 730/867/859 742/926/917 731/864/856
f 706/841/833 705/839/831 740/928/919
f 740/928/919 705/839/831 741/927/918
f 740/928/919 741/927/918 729/870/862
f 729/870/862 741/927/918 730/867/859
f 738/876/868 708/845/837 707/843/835
f 707/843/835 706/841/833 739/929/920
f 739/929/920 706/841/833 740/928/919
f 739/929/920 740/928/919 728/872/864
f 728/872/864 740/928/919 729/870/862
f 661/800/792 679/913/904 754/801/793
f 754/801/793 679/913/904 753/914/905
f 754/801/793 753/914/905 763/930/921
f 763/930/921 753/914/905 752/915/906
f 763/930/921 752/915/906 762/931/922
f 762/931/922 752/915/906 751/916/907
f 762/931/922 751/916/907 761/932/923
f 761/932/923 751/916/907 750/917/908
f 761/932/923 750/917/908 760/933/924
f 760/933/924 750/917/908 749/918/909
f 760/933/924 749/918/909 759/934/925
f 759/934/925 749/918/909 748/919/910
f 759/934/925 748/919/910 758/935/926
f 758/935/926 748/919/910 747/920/911
f 758/935/926 747/920/911 757/936/927
f 757/936/927 747/920/911 746/921/912
f 757/936/927 746/921/912 756/937/928
f 756/937/928 746/921/912 745/922/913
f 756/937/928 745/922/913 755/858/850
f 755/858/850 745/922/913 744/856/848
f 739/929/920 728/872/864 727/874/866
f 739/929/920 727/874/866 738/876/868
f 707/843/835 739/929/920 738/876/868
f 755/858/850 765/819/811 756/937/928
f 756/937/928 765/819/811 766/817/809
f 756/937/928 766/817/809 757/936/927
f 757/936/927 766/817/809 767/815/807
f 757/936/927 767/815/807 758/935/926
f 758/935/926 767/815/807 768/813/805
f 758/935/926 768/813/805 759/934/925
f 759/934/925 768/813/805 769/811/803
f 759/934/925 769/811/803 760/933/924
f 760/933/924 769/811/803 770/809/801
f 760/933/924 770/809/801 761/932/923
f 761/932/923 770/809/801 771/807/799
f 761/932/923 771/807/799 762/931/922
f 762/931/922 771/807/799 772/805/797
f 762/931/922 772/805/797 763/930/921
f 763/930/921 772/805/797 773/803/795
f 763/930/921 773/803/795 754/801/793
f 785/938/929 846/939/930 784/940/931
f 784/940/931 846/939/930 857/941/932
f 784/940/931 857/941/932 801/942/933
f 801/942/933 857/941/932 856/943/934
f 801/942/933 856/943/934 862/944/935
f 862/944/935 856/943/934 855/945/936
f 862/944/935 855/945/936 861/946/937
f 861/946/937 855/945/936 854/947/938
f 861/946/937 854/947/938 860/948/939
f 860/948/939 854/947/938 853/949/940
f 860/948/939 853/949/940 859/950/941
f 859/950/941 853/949/940 792/951/942
f 859/950/941 792/951/942 793/952/943
f 660/953/944 804/954/945 785/938/929
f 785/938/929 804/954/945 808/955/946
f 785/938/929 808/955/946 827/956/947
f 827/956/947 808/955/946 809/957/948
f 827/956/947 809/957/948 826/958/949
f 826/958/949 809/957/948 810/959/950
f 826/958/949 810/959/950 825/960/951
f 825/960/951 810/959/950 811/961/952
f 825/960/951 811/961/952 824/962/953
f 824/962/953 811/961/952 812/963/954
f 824/962/953 812/963/954 823/964/955
f 823/964/955 812/963/954 813/965/956
f 823/964/955 813/965/956 822/966/957
f 822/966/957 813/965/956 814/967/958
f 822/966/957 814/967/958 821/968/959
f 821/968/959 814/967/958 815/969/960
f 821/968/959 815/969/960 820/970/961
f 820/970/961 815/969/960 816/971/962
f 820/970/961 816/971/962 819/972/963
f 819/972/963 816/971/962 817/973/964
f 819/972/963 817/973/964 789/974/965
f 789/974/965 817/973/964 788/975/966
f 788/975/966 817/973/964 818/976/967
f 788/975/966 818/976/967 787/977/968
f 787/977/968 818/976/967 803/978/969
f 787/977/968 803/978/969 828/979/970
f 828/979/970 803/978/969 867/980/971
f 828/979/970 867/980/971 829/981/972
f 829/981/972 867/980/971 868/982/973
f 829/981/972 868/982/973 830/983/974
f 830/983/974 868/982/973 869/984/975
f 830/983/974 869/984/975 831/985/976
f 831/985/976 869/984/975 870/986/977
f 831/985/976 870/986/977 832/987/978
f 832/987/978 870/986/977 871/988/979
f 832/987/978 871/988/979 833/989/980
f 833/989/980 871/988/979 872/990/981
f 833/989/980 872/990/981 834/991/982
f 834/991/982 872/990/981 873/992/983
f 834/991/982 873/992/983 835/993/984
f 835/993/984 873/992/983 874/994/985
f 835/993/984 874/994/985 836/995/986
f 836/995/986 874/994/985 875/996/987
f 836/995/986 875/996/987 837/997/988
f 837/997/988 875/996/987 804/954/945
f 837/997/988 804/954/945 838/998/989
f 838/998/989 804/954/945 660/953/944
f 838/998/989 660/953/944 675/999/990
f 675/999/990 674/1000/991 838/998/989
f 838/998/989 674/1000/991 837/997/988
f 674/1000/991 673/1001/992 837/997/988
f 837/997/988 673/1001/992 836/995/986
f 673/1001/992 672/1002/993 836/995/986
f 836/995/986 672/1002/993 671/1003/994
f 836/995/986 671/1003/994 835/993/984
f 835/993/984 671/1003/994 670/1004/995
f 835/993/984 670/1004/995 669/1005/996
f 835/993/984 669/1005/996 834/991/982
f 834/991/982 669/1005/996 668/1006/997
f 834/991/982 668/1006/997 833/989/980
f 833/989/980 668/1006/997 667/1007/998
f 833/989/980 667/1007/998 832/987/978
f 832/987/978 667/1007/998 831/985/976
f 667/1007/998 666/1008/999 831/985/976
f 831/985/976 666/1008/999 830/983/974
f 830/983/974 666/1008/999 829/981/972
f 829/981/972 666/1008/999 665/1009/1000
f 829/981/972 665/1009/1000 828/979/970
f 828/979/970 665/1009/1000 664/1010/1001
f 828/979/970 664/1010/1001 787/977/968
f 787/977/968 664/1010/1001 786/1011/1002
f 786/1011/1002 664/1010/1001 663/1012/817
f 790/1013/1003 839/1014/1004 789/974/965
f 789/974/965 839/1014/1004 820/970/961
f 789/974/965 820/970/961 819/972/963
f 791/1015/1005 852/1016/1006 790/1013/1003
f 790/1013/1003 852/1016/1006 840/1017/1007
f 790/1013/1003 840/1017/1007 839/1014/1004
f 839/1014/1004 840/1017/1007 820/970/961
f 792/951/942 858/1018/1008 791/1015/1005
f 791/1015/1005 858/1018/1008 851/1019/1009
f 791/1015/1005 851/1019/1009 852/1016/1006
f 852/1016/1006 851/1019/1009 840/1017/1007
f 793/952/943 794/1020/1010 859/950/941
f 859/950/941 794/1020/1010 860/948/939
f 860/948/939 794/1020/1010 863/1021/1011
f 863/1021/1011 794/1020/1010 795/1022/1012
f 863/1021/1011 795/1022/1012 807/1023/1013
f 807/1023/1013 795/1022/1012 796/1024/1014
f 807/1023/1013 796/1024/1014 866/1025/1015
f 866/1025/1015 796/1024/1014 797/1026/1016
f 866/1025/1015 797/1026/1016 807/1023/1013
f 807/1023/1013 797/1026/1016 806/1027/1017
f 807/1023/1013 806/1027/1017 864/1028/1018
f 864/1028/1018 806/1027/1017 805/1029/1019
f 864/1028/1018 805/1029/1019 865/1030/1020
f 865/1030/1020 805/1029/1019 800/1031/1021
f 865/1030/1020 800/1031/1021 784/940/931
f 797/1026/1016 798/1032/1022 806/1027/1017
f 806/1027/1017 798/1032/1022 805/1029/1019
f 798/1032/1022 799/1033/1023 805/1029/1019
f 805/1029/1019 799/1033/1023 800/1031/1021
f 865/1030/1020 784/940/931 801/942/933
f 785/938/929 827/956/947 802/1034/1024
f 802/1034/1024 827/956/947 826/958/949
f 802/1034/1024 826/958/949 845/1035/1025
f 845/1035/1025 826/958/949 825/960/951
f 845/1035/1025 825/960/951 844/1036/1026
f 844/1036/1026 825/960/951 824/962/953
f 844/1036/1026 824/962/953 843/1037/1027
f 843/1037/1027 824/962/953 823/964/955
f 843/1037/1027 823/964/955 842/1038/1028
f 842/1038/1028 823/964/955 822/966/957
f 842/1038/1028 822/966/957 841/1039/1029
f 841/1039/1029 822/966/957 821/968/959
f 841/1039/1029 821/968/959 840/1017/1007
f 840/1017/1007 821/968/959 820/970/961
f 804/954/945 875/996/987 808/955/946
f 808/955/946 875/996/987 809/957/948
f 875/996/987 874/994/985 809/957/948
f 809/957/948 874/994/985 810/959/950
f 874/994/985 873/992/983 810/959/950
f 810/959/950 873/992/983 811/961/952
f 873/992/983 872/990/981 811/961/952
f 811/961/952 872/990/981 812/963/954
f 872/990/981 871/988/979 812/963/954
f 812/963/954 871/988/979 813/965/956
f 871/988/979 870/986/977 813/965/956
f 813/965/956 870/986/977 814/967/958
f 870/986/977 869/984/975 814/967/958
f 814/967/958 869/984/975 815/969/960
f 869/984/975 868/982/973 815/969/960
f 815/969/960 868/982/973 816/971/962
f 803/978/969 818/976/967 817/973/964
f 868/982/973 867/980/971 816/971/962
f 816/971/962 867/980/971 817/973/964
f 867/980/971 803/978/969 817/973/964
f 785/938/929 802/1034/1024 846/939/930
f 846/939/930 802/1034/1024 845/1035/1025
f 846/939/930 845/1035/1025 847/1040/1030
f 847/1040/1030 845/1035/1025 844/1036/1026
f 847/1040/1030 844/1036/1026 848/1041/1031
f 848/1041/1031 844/1036/1026 843/1037/1027
f 848/1041/1031 843/1037/1027 849/1042/1032
f 849/1042/1032 843/1037/1027 842/1038/1028
f 849/1042/1032 842/1038/1028 850/1043/1033
f 850/1043/1033 842/1038/1028 841/1039/1029
f 850/1043/1033 841/1039/1029 851/1019/1009
f 851/1019/1009 841/1039/1029 840/1017/1007
f 856/943/934 857/941/932 847/1040/1030
f 847/1040/1030 857/941/932 846/939/930
f 855/945/936 856/943/934 848/1041/1031
f 848/1041/1031 856/943/934 847/1040/1030
f 854/947/938 855/945/936 849/1042/1032
f 849/1042/1032 855/945/936 848/1041/1031
f 853/949/940 854/947/938 850/1043/1033
f 850/1043/1033 854/947/938 849/1042/1032
f 792/951/942 853/949/940 851/1019/1009
f 851/1019/1009 853/949/940 850/1043/1033
f 858/1018/1008 792/951/942 851/1019/1009
f 863/1021/1011 807/1023/1013 860/948/939
f 860/948/939 807/1023/1013 861/946/937
f 865/1030/1020 801/942/933 862/944/935
f 807/1023/1013 864/1028/1018 861/946/937
f 861/946/937 864/1028/1018 862/944/935
f 864/1028/1018 865/1030/1020 862/944/935
f 876/1044/1034 890/1045/1035 786/1046/1002
f 786/1046/1002 890/1045/1035 893/1047/1036
f 786/1046/1002 893/1047/1036 787/1048/1037
f 787/1048/1037 893/1047/1036 913/1049/1038
f 787/1048/1037 913/1049/1038 788/1050/1039
f 788/1050/1039 913/1049/1038 944/1051/1040
f 788/1050/1039 944/1051/1040 931/1052/1041
f 931/1052/1041 944/1051/1040 945/1053/1042
f 931/1052/1041 945/1053/1042 946/1054/1043
f 946/1054/1043 945/1053/1042 910/1055/1044
f 946/1054/1043 910/1055/1044 909/1056/1045
f 909/1056/1045 910/1055/1044 897/1057/1046
f 909/1056/1045 897/1057/1046 898/1058/1047
f 898/1058/1047 897/1057/1046 919/1059/1048
f 898/1058/1047 919/1059/1048 918/1060/1049
f 918/1060/1049 919/1059/1048 880/1061/1050
f 918/1060/1049 880/1061/1050 881/1062/1051
f 876/1044/1034 877/1063/1052 890/1045/1035
f 890/1045/1035 877/1063/1052 923/1064/1053
f 890/1045/1035 923/1064/1053 893/1047/1036
f 893/1047/1036 923/1064/1053 894/1065/1054
f 893/1047/1036 894/1065/1054 913/1049/1038
f 913/1049/1038 894/1065/1054 912/1066/1055
f 913/1049/1038 912/1066/1055 944/1051/1040
f 944/1051/1040 912/1066/1055 911/1067/1056
f 944/1051/1040 911/1067/1056 945/1053/1042
f 945/1053/1042 911/1067/1056 910/1055/1044
f 923/1064/1053 877/1063/1052 922/1068/1057
f 922/1068/1057 877/1063/1052 878/1069/1058
f 922/1068/1057 878/1069/1058 921/1070/1059
f 921/1070/1059 878/1069/1058 879/1071/1060
f 921/1070/1059 879/1071/1060 920/1072/1061
f 920/1072/1061 879/1071/1060 919/1059/1048
f 920/1072/1061 919/1059/1048 897/1057/1046
f 879/1071/1060 880/1061/1050 919/1059/1048
f 918/1060/1049 881/1062/1051 917/1073/1062
f 917/1073/1062 881/1062/1051 882/1074/1063
f 917/1073/1062 882/1074/1063 883/1075/1064
f 917/1073/1062 883/1075/1064 916/1076/1065
f 916/1076/1065 883/1075/1064 884/1077/1066
f 916/1076/1065 884/1077/1066 915/1078/1067
f 915/1078/1067 884/1077/1066 885/1079/1068
f 915/1078/1067 885/1079/1068 886/1080/1069
f 915/1078/1067 886/1080/1069 914/1081/1070
f 914/1081/1070 886/1080/1069 887/1082/1071
f 914/1081/1070 887/1082/1071 888/1083/1072
f 914/1081/1070 888/1083/1072 903/1084/1073
f 903/1084/1073 888/1083/1072 889/1085/1074
f 903/1084/1073 889/1085/1074 891/1086/1075
f 891/1086/1075 889/1085/1074 953/1087/1076
f 891/1086/1075 953/1087/1076 952/1088/1077
f 952/1088/1077 953/1087/1076 938/1089/1078
f 952/1088/1077 938/1089/1078 937/1090/1079
f 937/1090/1079 938/1089/1078 926/1091/1080
f 937/1090/1079 926/1091/1080 927/1092/1081
f 927/1092/1081 926/1091/1080 941/1093/1082
f 927/1092/1081 941/1093/1082 940/1094/1083
f 940/1094/1083 941/1093/1082 793/1095/1084
f 940/1094/1083 793/1095/1084 792/1096/1085
f 784/1097/1086 892/1098/1087 889/1085/1074
f 889/1085/1074 892/1098/1087 924/1099/1088
f 889/1085/1074 924/1099/1088 939/1100/1089
f 939/1100/1089 924/1099/1088 925/1101/1090
f 939/1100/1089 925/1101/1090 938/1089/1078
f 938/1089/1078 925/1101/1090 926/1091/1080
f 784/1097/1086 800/1102/1091 892/1098/1087
f 892/1098/1087 800/1102/1091 799/1103/1092
f 892/1098/1087 799/1103/1092 798/1104/1093
f 892/1098/1087 798/1104/1093 943/1105/1094
f 943/1105/1094 798/1104/1093 797/1106/1095
f 943/1105/1094 797/1106/1095 942/1107/1096
f 942/1107/1096 797/1106/1095 796/1108/1097
f 942/1107/1096 796/1108/1097 795/1109/1098
f 942/1107/1096 795/1109/1098 941/1093/1082
f 941/1093/1082 795/1109/1098 794/1110/1099
f 941/1093/1082 794/1110/1099 793/1095/1084
f 791/1111/1100 929/1112/1101 792/1096/1085
f 792/1096/1085 929/1112/1101 928/1113/1102
f 792/1096/1085 928/1113/1102 940/1094/1083
f 940/1094/1083 928/1113/1102 927/1092/1081
f 929/1112/1101 791/1111/1100 930/1114/1103
f 930/1114/1103 791/1111/1100 790/1115/1104
f 930/1114/1103 790/1115/1104 933/1116/1105
f 933/1116/1105 790/1115/1104 932/1117/1106
f 933/1116/1105 932/1117/1106 947/1118/1107
f 947/1118/1107 932/1117/1106 946/1054/1043
f 947/1118/1107 946/1054/1043 909/1056/1045
f 790/1115/1104 789/1119/1108 932/1117/1106
f 932/1117/1106 789/1119/1108 931/1052/1041
f 932/1117/1106 931/1052/1041 946/1054/1043
f 789/1119/1108 788/1050/1039 931/1052/1041
f 938/1089/1078 953/1087/1076 939/1100/1089
f 939/1100/1089 953/1087/1076 889/1085/1074
f 911/1067/1056 912/1066/1055 895/1120/1109
f 895/1120/1109 912/1066/1055 894/1065/1054
f 895/1120/1109 894/1065/1054 922/1068/1057
f 922/1068/1057 894/1065/1054 923/1064/1053
f 910/1055/1044 911/1067/1056 896/1121/1110
f 896/1121/1110 911/1067/1056 895/1120/1109
f 896/1121/1110 895/1120/1109 921/1070/1059
f 921/1070/1059 895/1120/1109 922/1068/1057
f 920/1072/1061 897/1057/1046 896/1121/1110
f 896/1121/1110 897/1057/1046 910/1055/1044
f 920/1072/1061 896/1121/1110 921/1070/1059
f 898/1058/1047 899/1122/1111 908/1123/1112
f 908/1123/1112 899/1122/1111 907/1124/1113
f 908/1123/1112 907/1124/1113 948/1125/1114
f 948/1125/1114 907/1124/1113 949/1126/1115
f 948/1125/1114 949/1126/1115 934/1127/1116
f 934/1127/1116 949/1126/1115 935/1128/1117
f 934/1127/1116 935/1128/1117 929/1112/1101
f 929/1112/1101 935/1128/1117 928/1113/1102
f 899/1122/1111 900/1129/1118 907/1124/1113
f 907/1124/1113 900/1129/1118 906/1130/1119
f 907/1124/1113 906/1130/1119 949/1126/1115
f 949/1126/1115 906/1130/1119 950/1131/1120
f 949/1126/1115 950/1131/1120 935/1128/1117
f 935/1128/1117 950/1131/1120 936/1132/1121
f 935/1128/1117 936/1132/1121 928/1113/1102
f 928/1113/1102 936/1132/1121 927/1092/1081
f 898/1058/1047 918/1060/1049 899/1122/1111
f 899/1122/1111 918/1060/1049 917/1073/1062
f 899/1122/1111 917/1073/1062 900/1129/1118
f 900/1129/1118 917/1073/1062 916/1076/1065
f 900/1129/1118 916/1076/1065 901/1133/1122
f 901/1133/1122 916/1076/1065 915/1078/1067
f 901/1133/1122 915/1078/1067 902/1134/1123
f 902/1134/1123 915/1078/1067 914/1081/1070
f 902/1134/1123 914/1081/1070 903/1084/1073
f 900/1129/1118 901/1133/1122 906/1130/1119
f 906/1130/1119 901/1133/1122 905/1135/1124
f 906/1130/1119 905/1135/1124 950/1131/1120
f 950/1131/1120 905/1135/1124 951/1136/1125
f 950/1131/1120 951/1136/1125 936/1132/1121
f 936/1132/1121 951/1136/1125 937/1090/1079
f 936/1132/1121 937/1090/1079 927/1092/1081
f 901/1133/1122 902/1134/1123 905/1135/1124
f 905/1135/1124 902/1134/1123 904/1137/1126
f 905/1135/1124 904/1137/1126 951/1136/1125
f 951/1136/1125 904/1137/1126 952/1088/1077
f 951/1136/1125 952/1088/1077 937/1090/1079
f 902/1134/1123 903/1084/1073 904/1137/1126
f 904/1137/1126 903/1084/1073 891/1086/1075
f 904/1137/1126 891/1086/1075 952/1088/1077
f 947/1118/1107 909/1056/1045 908/1123/1112
f 908/1123/1112 909/1056/1045 898/1058/1047
f 947/1118/1107 908/1123/1112 948/1125/1114
f 892/1098/1087 943/1105/1094 924/1099/1088
f 924/1099/1088 943/1105/1094 925/1101/1090
f 943/1105/1094 942/1107/1096 925/1101/1090
f 925/1101/1090 942/1107/1096 926/1091/1080
f 942/1107/1096 941/1093/1082 926/1091/1080
f 929/1112/1101 930/1114/1103 934/1127/1116
f 934/1127/1116 930/1114/1103 933/1116/1105
f 934/1127/1116 933/1116/1105 948/1125/1114
f 948/1125/1114 933/1116/1105 947/1118/1107
f 887/1138/1127 876/1139/1128 888/1140/1129
f 888/1140/1129 876/1139/1128 955/1141/1130
f 888/1140/1129 955/1141/1130 956/1142/1131
f 887/1138/1127 886/1143/1132 876/1139/1128
f 876/1139/1128 886/1143/1132 885/1144/1133
f 876/1139/1128 885/1144/1133 884/1145/1134
f 884/1145/1134 883/1146/1135 876/1139/1128
f 876/1139/1128 883/1146/1135 882/1147/1136
f 876/1139/1128 882/1147/1136 881/1148/1137
f 881/1148/1137 880/1149/1138 876/1139/1128
f 876/1139/1128 880/1149/1138 879/1150/1139
f 876/1139/1128 879/1150/1139 878/1151/1140
f 878/1151/1140 877/1152/1141 876/1139/1128
f 876/1139/1128 954/1153/1142 955/1141/1130
f 118/1154/293 117/1155/1143 177/1156/277
f 177/1156/277 117/1155/1143 957/1157/1144
f 177/1156/277 957/1157/1144 178/1158/279
f 178/1158/279 957/1157/1144 541/1159/727
f 541/1159/727 957/1157/1144 542/1160/683
f 542/1160/683 957/1157/1144 954/1161/1145
f 542/1160/683 954/1161/1145 662/1162/847
f 662/1162/847 954/1161/1145 663/1163/817
f 663/1163/817 954/1161/1145 876/1164/1034
f 663/1163/817 876/1164/1034 786/1165/1002
f 536/1166/1146 538/1167/1147 88/1168/1148
f 88/1168/1148 538/1167/1147 958/1169/1149
f 88/1168/1148 958/1169/1149 959/1170/1150
f 88/1168/1148 959/1170/1150 89/1171/1151
f 89/1171/1151 959/1170/1150 960/1172/1152
f 89/1171/1151 960/1172/1152 91/1173/1153
f 967/1174/1154 961/1175/1155 968/1176/1156
f 968/1176/1156 961/1175/1155 86/1177/1157
f 968/1176/1156 86/1177/1157 85/1178/1158
f 85/1178/1158 84/1179/1159 968/1176/1156
f 968/1176/1156 84/1179/1159 83/1180/1160
f 968/1176/1156 83/1180/1160 82/1181/1161
f 82/1181/1161 81/1182/1162 968/1176/1156
f 968/1176/1156 81/1182/1162 969/1183/1163
f 968/1176/1156 969/1183/1163 966/1184/1164
f 966/1184/1164 969/1183/1163 965/1185/1165
f 965/1185/1165 969/1183/1163 970/1186/1166
f 965/1185/1165 970/1186/1166 964/1187/1167
f 964/1187/1167 970/1186/1166 971/1188/1168
f 964/1187/1167 971/1188/1168 963/1189/1169
f 963/1189/1169 971/1188/1168 972/1190/1170
f 963/1189/1169 972/1190/1170 962/1191/1171
f 962/1191/1171 972/1190/1170 973/1192/1172
f 962/1191/1171 973/1192/1172 352/1193/436
f 352/1193/436 973/1192/1172 70/1194/1173
f 352/1193/436 70/1194/1173 69/1195/434
f 81/1182/1162 80/1196/1174 969/1183/1163
f 969/1183/1163 80/1196/1174 79/1197/1175
f 969/1183/1163 79/1197/1175 78/1198/1176
f 969/1183/1163 78/1198/1176 970/1186/1166
f 970/1186/1166 78/1198/1176 77/1199/1177
f 970/1186/1166 77/1199/1177 76/1200/1178
f 970/1186/1166 76/1200/1178 971/1188/1168
f 971/1188/1168 76/1200/1178 75/1201/1179
f 971/1188/1168 75/1201/1179 74/1202/1180
f 971/1188/1168 74/1202/1180 972/1190/1170
f 972/1190/1170 74/1202/1180 73/1203/1181
f 972/1190/1170 73/1203/1181 72/1204/1182
f 72/1204/1182 71/1205/1183 972/1190/1170
f 972/1190/1170 71/1205/1183 973/1192/1172
f 71/1205/1183 70/1194/1173 973/1192/1172
f 966/1184/1164 967/1174/1154 968/1176/1156
f 962/1206/1184 352/1207/436 982/1208/1185
f 982/1208/1185 352/1207/436 351/1209/437
f 982/1208/1185 351/1209/437 974/1210/1186
f 974/1210/1186 975/1211/1187 982/1208/1185
f 982/1208/1185 975/1211/1187 983/1212/1188
f 982/1208/1185 983/1212/1188 962/1206/1184
f 962/1206/1184 983/1212/1188 963/1213/1189
f 963/1213/1189 983/1212/1188 984/1214/1190
f 963/1213/1189 984/1214/1190 964/1215/1191
f 964/1215/1191 984/1214/1190 985/1216/1192
f 964/1215/1191 985/1216/1192 965/1217/1193
f 965/1217/1193 985/1216/1192 986/1218/1194
f 965/1217/1193 986/1218/1194 966/1219/1195
f 966/1219/1195 986/1218/1194 987/1220/1196
f 966/1219/1195 987/1220/1196 967/1221/1197
f 967/1221/1197 987/1220/1196 961/1222/1198
f 961/1222/1198 987/1220/1196 980/1223/1199
f 961/1222/1198 980/1223/1199 981/1224/1200
f 975/1211/1187 976/1225/1201 983/1212/1188
f 983/1212/1188 976/1225/1201 984/1214/1190
f 976/1225/1201 977/1226/1202 984/1214/1190
f 984/1214/1190 977/1226/1202 985/1216/1192
f 977/1226/1202 978/1227/1203 985/1216/1192
f 985/1216/1192 978/1227/1203 986/1218/1194
f 978/1227/1203 979/1228/1204 986/1218/1194
f 986/1218/1194 979/1228/1204 987/1220/1196
f 979/1228/1204 980/1223/1199 987/1220/1196
f 351/1229/437 350/1230/441 974/1231/1205
f 974/1231/1205 350/1230/441 995/1232/1206
f 974/1231/1205 995/1232/1206 975/1233/1207
f 975/1233/1207 995/1232/1206 996/1234/1208
f 975/1233/1207 996/1234/1208 976/1235/1209
f 976/1235/1209 996/1234/1208 997/1236/1210
f 976/1235/1209 997/1236/1210 977/1237/1211
f 977/1237/1211 997/1236/1210 998/1238/1212
f 977/1237/1211 998/1238/1212 978/1239/1213
f 978/1239/1213 998/1238/1212 999/1240/1214
f 978/1239/1213 999/1240/1214 979/1241/1215
f 979/1241/1215 999/1240/1214 1000/1242/1216
f 979/1241/1215 1000/1242/1216 980/1243/1217
f 980/1243/1217 1000/1242/1216 981/1244/1218
f 981/1244/1218 1000/1242/1216 994/1245/1219
f 994/1245/1219 1000/1242/1216 993/1246/1220
f 993/1246/1220 1000/1242/1216 992/1247/1221
f 992/1247/1221 1000/1242/1216 999/1240/1214
f 992/1247/1221 999/1240/1214 991/1248/1222
f 991/1248/1222 999/1240/1214 998/1238/1212
f 991/1248/1222 998/1238/1212 990/1249/1223
f 990/1249/1223 998/1238/1212 997/1236/1210
f 990/1249/1223 997/1236/1210 989/1250/1224
f 989/1250/1224 997/1236/1210 996/1234/1208
f 989/1250/1224 996/1234/1208 988/1251/1225
f 988/1251/1225 996/1234/1208 995/1232/1206
f 988/1251/1225 995/1232/1206 350/1230/441
f 1001/1252/1226 994/1253/1227 1010/1254/1228
f 1010/1254/1228 994/1253/1227 993/1255/1229
f 1010/1254/1228 993/1255/1229 1009/1256/1230
f 1009/1256/1230 993/1255/1229 1008/1257/1231
f 1008/1257/1231 993/1255/1229 992/1258/1232
f 1008/1257/1231 992/1258/1232 1007/1259/1233
f 1007/1259/1233 992/1258/1232 1006/1260/1234
f 1006/1260/1234 992/1258/1232 991/1261/1235
f 1006/1260/1234 991/1261/1235 1005/1262/1236
f 1005/1262/1236 991/1261/1235 990/1263/1237
f 1005/1262/1236 990/1263/1237 1004/1264/1238
f 1004/1264/1238 990/1263/1237 989/1265/1239
f 1004/1264/1238 989/1265/1239 1003/1266/1240
f 1003/1266/1240 989/1265/1239 988/1267/1241
f 1003/1266/1240 988/1267/1241 1002/1268/1242
f 1002/1268/1242 988/1267/1241 350/1269/441
f 1002/1268/1242 350/1269/441 349/1270/442
f 1001/1271/1243 1010/1272/1244 1011/1273/1245
f 1011/1273/1245 1010/1272/1244 1018/1274/1246
f 1018/1274/1246 1010/1272/1244 1009/1275/1247
f 1018/1274/1246 1009/1275/1247 1008/1276/1248
f 1018/1274/1246 1008/1276/1248 1017/1277/1249
f 1017/1277/1249 1008/1276/1248 1007/1278/1250
f 1017/1277/1249 1007/1278/1250 1006/1279/1251
f 1017/1277/1249 1006/1279/1251 1016/1280/1252
f 1016/1280/1252 1006/1279/1251 1005/1281/1253
f 1016/1280/1252 1005/1281/1253 1015/1282/1254
f 1015/1282/1254 1005/1281/1253 1004/1283/1255
f 1015/1282/1254 1004/1283/1255 1014/1284/1256
f 1014/1284/1256 1004/1283/1255 1003/1285/1257
f 1014/1284/1256 1003/1285/1257 1013/1286/1258
f 1013/1286/1258 1003/1285/1257 1002/1287/1259
f 1013/1286/1258 1002/1287/1259 1012/1288/1260
f 1012/1288/1260 1002/1287/1259 349/1289/442
f 1012/1288/1260 349/1289/442 348/1290/440
f 1025/1291/1261 1019/1292/1262 1026/1293/1263
f 1026/1293/1263 1019/1292/1262 1011/1294/1264
f 1026/1293/1263 1011/1294/1264 1018/1295/1265
f 1018/1295/1265 1017/1296/1266 1026/1293/1263
f 1026/1293/1263 1017/1296/1266 1027/1297/1267
f 1026/1293/1263 1027/1297/1267 1024/1298/1268
f 1024/1298/1268 1027/1297/1267 1023/1299/1269
f 1023/1299/1269 1027/1297/1267 1028/1300/1270
f 1023/1299/1269 1028/1300/1270 1022/1301/1271
f 1022/1301/1271 1028/1300/1270 1029/1302/1272
f 1022/1301/1271 1029/1302/1272 1021/1303/1273
f 1021/1303/1273 1029/1302/1272 1030/1304/1274
f 1021/1303/1273 1030/1304/1274 1020/1305/1275
f 1020/1305/1275 1030/1304/1274 1031/1306/1276
f 1020/1305/1275 1031/1306/1276 347/1307/439
f 347/1307/439 1031/1306/1276 1012/1308/1277
f 347/1307/439 1012/1308/1277 348/1309/440
f 1017/1296/1266 1016/1310/1278 1027/1297/1267
f 1027/1297/1267 1016/1310/1278 1028/1300/1270
f 1016/1310/1278 1015/1311/1279 1028/1300/1270
f 1028/1300/1270 1015/1311/1279 1029/1302/1272
f 1015/1311/1279 1014/1312/1280 1029/1302/1272
f 1029/1302/1272 1014/1312/1280 1030/1304/1274
f 1014/1312/1280 1013/1313/1281 1030/1304/1274
f 1030/1304/1274 1013/1313/1281 1031/1306/1276
f 1013/1313/1281 1012/1308/1277 1031/1306/1276
f 1024/1298/1268 1025/1291/1261 1026/1293/1263
f 1033/1314/1282 1076/1315/1283 1032/1316/1284
f 1032/1316/1284 1076/1315/1283 1077/1317/1285
f 1032/1316/1284 1077/1317/1285 1078/1318/1286
f 1078/1318/1286 1077/1317/1285 1114/1319/1287
f 1078/1318/1286 1114/1319/1287 1115/1320/1288
f 1115/1320/1288 1114/1319/1287 1129/1321/1289
f 1115/1320/1288 1129/1321/1289 1128/1322/1290
f 1128/1322/1290 1129/1321/1289 1052/1323/1291
f 1128/1322/1290 1052/1323/1291 1127/1324/1292
f 1127/1324/1292 1052/1323/1291 1126/1325/1293
f 1127/1324/1292 1126/1325/1293 1117/1326/1294
f 1117/1326/1294 1126/1325/1293 1118/1327/1295
f 1117/1326/1294 1118/1327/1295 1081/1328/1296
f 1081/1328/1296 1118/1327/1295 1082/1329/1297
f 1081/1328/1296 1082/1329/1297 1089/1330/1298
f 1089/1330/1298 1082/1329/1297 1088/1331/1299
f 1089/1330/1298 1088/1331/1299 1141/1332/1300
f 1141/1332/1300 1088/1331/1299 1140/1333/1301
f 1141/1332/1300 1140/1333/1301 1144/1334/1302
f 1144/1334/1302 1140/1333/1301 1145/1335/1303
f 1144/1334/1302 1145/1335/1303 1151/1336/1304
f 1151/1336/1304 1145/1335/1303 1150/1337/1305
f 1151/1336/1304 1150/1337/1305 1064/1338/1306
f 1064/1338/1306 1150/1337/1305 1153/1339/1307
f 1064/1338/1306 1153/1339/1307 1154/1340/1308
f 1154/1340/1308 1153/1339/1307 1152/1341/1309
f 1154/1340/1308 1152/1341/1309 1062/1342/1310
f 1062/1342/1310 1152/1341/1309 1061/1343/1311
f 1061/1343/1311 1152/1341/1309 1149/1344/1312
f 1061/1343/1311 1149/1344/1312 1148/1345/1313
f 1148/1345/1313 1149/1344/1312 1147/1346/1314
f 1148/1345/1313 1147/1346/1314 1060/1347/1315
f 1060/1347/1315 1147/1346/1314 1069/1348/1316
f 1060/1347/1315 1069/1348/1316 1059/1349/1317
f 1059/1349/1317 1069/1348/1316 1058/1350/1318
f 1058/1350/1318 1069/1348/1316 1137/1351/1319
f 1058/1350/1318 1137/1351/1319 1057/1352/1320
f 1057/1352/1320 1137/1351/1319 1056/1353/1321
f 1056/1353/1321 1137/1351/1319 1085/1354/1322
f 1056/1353/1321 1085/1354/1322 1070/1355/1323
f 1070/1355/1323 1085/1354/1322 1086/1356/1324
f 1070/1355/1323 1086/1356/1324 1084/1357/1325
f 1084/1357/1325 1086/1356/1324 1087/1358/1326
f 1084/1357/1325 1087/1358/1326 1083/1359/1327
f 1083/1359/1327 1087/1358/1326 1088/1331/1299
f 1083/1359/1327 1088/1331/1299 1082/1329/1297
f 1034/1360/1328 1097/1361/1329 1033/1314/1282
f 1033/1314/1282 1097/1361/1329 1092/1362/1330
f 1033/1314/1282 1092/1362/1330 1076/1315/1283
f 1076/1315/1283 1092/1362/1330 1075/1363/1331
f 1076/1315/1283 1075/1363/1331 1112/1364/1332
f 1112/1364/1332 1075/1363/1331 1111/1365/1333
f 1112/1364/1332 1111/1365/1333 1132/1366/1334
f 1132/1366/1334 1111/1365/1333 1133/1367/1335
f 1132/1366/1334 1133/1367/1335 1050/1368/1336
f 1050/1368/1336 1133/1367/1335 1049/1369/1337
f 1049/1369/1337 1133/1367/1335 1134/1370/1338
f 1049/1369/1337 1134/1370/1338 1048/1371/1339
f 1048/1371/1339 1134/1370/1338 1135/1372/1340
f 1048/1371/1339 1135/1372/1340 1136/1373/1341
f 1136/1373/1341 1135/1372/1340 1108/1374/1342
f 1136/1373/1341 1108/1374/1342 1107/1375/1343
f 1107/1375/1343 1108/1374/1342 1071/1376/1344
f 1107/1375/1343 1071/1376/1344 1045/1377/1345
f 1045/1377/1345 1071/1376/1344 1044/1378/1346
f 1044/1378/1346 1071/1376/1344 1096/1379/1347
f 1044/1378/1346 1096/1379/1347 1043/1380/1348
f 1043/1380/1348 1096/1379/1347 1100/1381/1349
f 1043/1380/1348 1100/1381/1349 1042/1382/1350
f 1042/1382/1350 1100/1381/1349 1101/1383/1351
f 1042/1382/1350 1101/1383/1351 1041/1384/1352
f 1041/1384/1352 1101/1383/1351 1068/1385/1353
f 1041/1384/1352 1068/1385/1353 1040/1386/1354
f 1040/1386/1354 1068/1385/1353 1105/1387/1355
f 1040/1386/1354 1105/1387/1355 1106/1388/1356
f 1106/1388/1356 1105/1387/1355 1104/1389/1357
f 1106/1388/1356 1104/1389/1357 1036/1390/1358
f 1036/1390/1358 1104/1389/1357 1035/1391/1359
f 1035/1391/1359 1104/1389/1357 1103/1392/1360
f 1035/1391/1359 1103/1392/1360 1067/1393/1361
f 1067/1393/1361 1103/1392/1360 1102/1394/1362
f 1067/1393/1361 1102/1394/1362 1098/1395/1363
f 1098/1395/1363 1102/1394/1362 1099/1396/1364
f 1098/1395/1363 1099/1396/1364 1094/1397/1365
f 1094/1397/1365 1099/1396/1364 1095/1398/1366
f 1094/1397/1365 1095/1398/1366 1073/1399/1367
f 1073/1399/1367 1095/1398/1366 1072/1400/1368
f 1073/1399/1367 1072/1400/1368 1109/1401/1369
f 1109/1401/1369 1072/1400/1368 1108/1374/1342
f 1109/1401/1369 1108/1374/1342 1135/1372/1340
f 1097/1361/1329 1034/1360/1328 1067/1393/1361
f 1067/1393/1361 1034/1360/1328 1035/1391/1359
f 1036/1390/1358 1037/1402/1370 1106/1388/1356
f 1106/1388/1356 1037/1402/1370 1039/1403/1371
f 1106/1388/1356 1039/1403/1371 1040/1386/1354
f 1037/1402/1370 1038/1404/1372 1039/1403/1371
f 1045/1377/1345 1046/1405/1373 1107/1375/1343
f 1107/1375/1343 1046/1405/1373 1136/1373/1341
f 1046/1405/1373 1047/1406/1374 1136/1373/1341
f 1136/1373/1341 1047/1406/1374 1048/1371/1339
f 1132/1366/1334 1050/1368/1336 1131/1407/1375
f 1131/1407/1375 1050/1368/1336 1051/1408/1376
f 1131/1407/1375 1051/1408/1376 1130/1409/1377
f 1130/1409/1377 1051/1408/1376 1129/1321/1289
f 1130/1409/1377 1129/1321/1289 1114/1319/1287
f 1051/1408/1376 1052/1323/1291 1129/1321/1289
f 1052/1323/1291 1053/1410/1378 1126/1325/1293
f 1126/1325/1293 1053/1410/1378 1125/1411/1379
f 1126/1325/1293 1125/1411/1379 1118/1327/1295
f 1118/1327/1295 1125/1411/1379 1119/1412/1380
f 1118/1327/1295 1119/1412/1380 1082/1329/1297
f 1082/1329/1297 1119/1412/1380 1083/1359/1327
f 1125/1411/1379 1053/1410/1378 1124/1413/1381
f 1124/1413/1381 1053/1410/1378 346/1414/438
f 1124/1413/1381 346/1414/438 1123/1415/1382
f 1123/1415/1382 346/1414/438 1122/1416/1383
f 1123/1415/1382 1122/1416/1383 1121/1417/1384
f 1121/1417/1384 1122/1416/1383 1054/1418/1385
f 1121/1417/1384 1054/1418/1385 1055/1419/1386
f 346/1414/438 1054/1418/1385 1122/1416/1383
f 1121/1417/1384 1055/1419/1386 1070/1355/1323
f 1070/1355/1323 1055/1419/1386 1056/1353/1321
f 1060/1347/1315 1061/1343/1311 1148/1345/1313
f 1062/1342/1310 1063/1420/1387 1154/1340/1308
f 1154/1340/1308 1063/1420/1387 1064/1338/1306
f 1151/1336/1304 1064/1338/1306 1143/1421/1388
f 1143/1421/1388 1064/1338/1306 1065/1422/1389
f 1143/1421/1388 1065/1422/1389 1142/1423/1390
f 1142/1423/1390 1065/1422/1389 1066/1424/1391
f 1142/1423/1390 1066/1424/1391 1091/1425/1392
f 1091/1425/1392 1066/1424/1391 1032/1316/1284
f 1091/1425/1392 1032/1316/1284 1078/1318/1286
f 1071/1376/1344 1072/1400/1368 1096/1379/1347
f 1096/1379/1347 1072/1400/1368 1095/1398/1366
f 1096/1379/1347 1095/1398/1366 1100/1381/1349
f 1100/1381/1349 1095/1398/1366 1099/1396/1364
f 1100/1381/1349 1099/1396/1364 1101/1383/1351
f 1101/1383/1351 1099/1396/1364 1102/1394/1362
f 1101/1383/1351 1102/1394/1362 1068/1385/1353
f 1068/1385/1353 1102/1394/1362 1103/1392/1360
f 1068/1385/1353 1103/1392/1360 1105/1387/1355
f 1105/1387/1355 1103/1392/1360 1104/1389/1357
f 1072/1400/1368 1071/1376/1344 1108/1374/1342
f 1073/1399/1367 1074/1426/1393 1094/1397/1365
f 1094/1397/1365 1074/1426/1393 1093/1427/1394
f 1094/1397/1365 1093/1427/1394 1098/1395/1363
f 1098/1395/1363 1093/1427/1394 1097/1361/1329
f 1098/1395/1363 1097/1361/1329 1067/1393/1361
f 1074/1426/1393 1075/1363/1331 1093/1427/1394
f 1093/1427/1394 1075/1363/1331 1092/1362/1330
f 1093/1427/1394 1092/1362/1330 1097/1361/1329
f 1074/1426/1393 1073/1399/1367 1110/1428/1395
f 1110/1428/1395 1073/1399/1367 1109/1401/1369
f 1110/1428/1395 1109/1401/1369 1134/1370/1338
f 1134/1370/1338 1109/1401/1369 1135/1372/1340
f 1075/1363/1331 1074/1426/1393 1111/1365/1333
f 1111/1365/1333 1074/1426/1393 1110/1428/1395
f 1111/1365/1333 1110/1428/1395 1133/1367/1335
f 1133/1367/1335 1110/1428/1395 1134/1370/1338
f 1077/1317/1285 1076/1315/1283 1113/1429/1396
f 1113/1429/1396 1076/1315/1283 1112/1364/1332
f 1113/1429/1396 1112/1364/1332 1131/1407/1375
f 1131/1407/1375 1112/1364/1332 1132/1366/1334
f 1078/1318/1286 1079/1430/1397 1091/1425/1392
f 1091/1425/1392 1079/1430/1397 1080/1431/1398
f 1091/1425/1392 1080/1431/1398 1090/1432/1399
f 1090/1432/1399 1080/1431/1398 1081/1328/1296
f 1090/1432/1399 1081/1328/1296 1089/1330/1298
f 1078/1318/1286 1115/1320/1288 1079/1430/1397
f 1079/1430/1397 1115/1320/1288 1116/1433/1400
f 1079/1430/1397 1116/1433/1400 1080/1431/1398
f 1080/1431/1398 1116/1433/1400 1117/1326/1294
f 1080/1431/1398 1117/1326/1294 1081/1328/1296
f 1121/1417/1384 1070/1355/1323 1084/1357/1325
f 1084/1357/1325 1083/1359/1327 1120/1434/1401
f 1120/1434/1401 1083/1359/1327 1119/1412/1380
f 1120/1434/1401 1119/1412/1380 1124/1413/1381
f 1124/1413/1381 1119/1412/1380 1125/1411/1379
f 1086/1356/1324 1085/1354/1322 1138/1435/1402
f 1138/1435/1402 1085/1354/1322 1137/1351/1319
f 1138/1435/1402 1137/1351/1319 1147/1346/1314
f 1147/1346/1314 1137/1351/1319 1069/1348/1316
f 1140/1333/1301 1088/1331/1299 1087/1358/1326
f 1087/1358/1326 1086/1356/1324 1139/1436/1403
f 1139/1436/1403 1086/1356/1324 1138/1435/1402
f 1139/1436/1403 1138/1435/1402 1146/1437/1404
f 1146/1437/1404 1138/1435/1402 1147/1346/1314
f 1146/1437/1404 1147/1346/1314 1149/1344/1312
f 1142/1423/1390 1091/1425/1392 1090/1432/1399
f 1090/1432/1399 1089/1330/1298 1142/1423/1390
f 1142/1423/1390 1089/1330/1298 1141/1332/1300
f 1142/1423/1390 1141/1332/1300 1143/1421/1388
f 1143/1421/1388 1141/1332/1300 1144/1334/1302
f 1143/1421/1388 1144/1334/1302 1151/1336/1304
f 1130/1409/1377 1114/1319/1287 1113/1429/1396
f 1113/1429/1396 1114/1319/1287 1077/1317/1285
f 1130/1409/1377 1113/1429/1396 1131/1407/1375
f 1127/1324/1292 1117/1326/1294 1116/1433/1400
f 1127/1324/1292 1116/1433/1400 1128/1322/1290
f 1128/1322/1290 1116/1433/1400 1115/1320/1288
f 1123/1415/1382 1121/1417/1384 1120/1434/1401
f 1120/1434/1401 1121/1417/1384 1084/1357/1325
f 1123/1415/1382 1120/1434/1401 1124/1413/1381
f 1145/1335/1303 1140/1333/1301 1139/1436/1403
f 1139/1436/1403 1140/1333/1301 1087/1358/1326
f 1145/1335/1303 1139/1436/1403 1146/1437/1404
f 1145/1335/1303 1146/1437/1404 1150/1337/1305
f 1150/1337/1305 1146/1437/1404 1149/1344/1312
f 1150/1337/1305 1149/1344/1312 1153/1339/1307
f 1153/1339/1307 1149/1344/1312 1152/1341/1309
f 346/1438/438 1053/1439/1405 347/1440/439
f 347/1440/439 1053/1439/1405 1020/1441/1406
f 1020/1441/1406 1053/1439/1405 1052/1442/1407
f 1020/1441/1406 1052/1442/1407 1021/1443/1408
f 1021/1443/1408 1052/1442/1407 1051/1444/1409
f 1021/1443/1408 1051/1444/1409 1022/1445/1410
f 1022/1445/1410 1051/1444/1409 1050/1446/1411
f 1022/1445/1410 1050/1446/1411 1023/1447/1412
f 1023/1447/1412 1050/1446/1411 1049/1448/1413
f 1023/1447/1412 1049/1448/1413 1024/1449/1414
f 1024/1449/1414 1049/1448/1413 1048/1450/1415
f 1024/1449/1414 1048/1450/1415 1025/1451/1416
f 1025/1451/1416 1048/1450/1415 1047/1452/1374
f 1025/1451/1416 1047/1452/1374 1019/1453/1417
f 981/1454/1218 994/1455/1219 155/1456/1418
f 155/1456/1418 994/1455/1219 156/1457/1419
f 994/1458/1227 1001/1459/1226 156/1460/1420
f 156/1460/1420 1001/1459/1226 157/1461/1421
f 1001/1462/1243 1011/1463/1245 157/1464/1422
f 157/1464/1422 1011/1463/1245 158/1465/1423
f 1011/1466/1264 1019/1467/1262 158/1468/1424
f 158/1468/1424 1019/1467/1262 159/1469/1425
f 1019/1470/1417 1047/1471/1374 159/1472/1426
f 159/1472/1426 1047/1471/1374 160/1473/1427
f 160/1473/1427 1047/1471/1374 1046/1474/1373
f 160/1473/1427 1046/1474/1373 1045/1475/1345
f 1045/1475/1345 1044/1476/1346 160/1473/1427
f 160/1473/1427 1044/1476/1346 1043/1477/1348
f 160/1473/1427 1043/1477/1348 1042/1478/1350
f 1042/1478/1350 1041/1479/1428 160/1473/1427
f 160/1473/1427 1041/1479/1428 1155/1480/1429
f 1155/1480/1429 1041/1479/1428 1040/1481/1430
f 1155/1480/1429 1040/1481/1430 1039/1482/1431
f 1039/1482/1431 1038/1483/1432 1155/1480/1429
f 1164/1484/1433 1156/1485/1434 1169/1486/1435
f 1169/1486/1435 1156/1485/1434 1157/1487/1436
f 1169/1486/1435 1157/1487/1436 1158/1488/1437
f 1169/1486/1435 1158/1488/1437 1176/1489/1438
f 1176/1489/1438 1158/1488/1437 1159/1490/1439
f 1176/1489/1438 1159/1490/1439 1063/1491/1440
f 1062/1492/1441 1174/1493/1442 1063/1491/1440
f 1063/1491/1440 1174/1493/1442 1175/1494/1443
f 1063/1491/1440 1175/1494/1443 1176/1489/1438
f 1176/1489/1438 1175/1494/1443 1212/1495/1444
f 1176/1489/1438 1212/1495/1444 1211/1496/1445
f 1211/1496/1445 1212/1495/1444 1228/1497/1446
f 1211/1496/1445 1228/1497/1446 1164/1484/1433
f 1164/1484/1433 1228/1497/1446 1168/1498/1447
f 1164/1484/1433 1168/1498/1447 331/1499/1448
f 331/1499/1448 1168/1498/1447 1177/1500/1449
f 331/1499/1448 1177/1500/1449 1193/1501/1450
f 1193/1501/1450 1177/1500/1449 1178/1502/1451
f 1193/1501/1450 1178/1502/1451 1192/1503/1452
f 1192/1503/1452 1178/1502/1451 1179/1504/1453
f 1192/1503/1452 1179/1504/1453 1191/1505/1454
f 1191/1505/1454 1179/1504/1453 1180/1506/1455
f 1191/1505/1454 1180/1506/1455 1190/1507/1456
f 1190/1507/1456 1180/1506/1455 1181/1508/1457
f 1190/1507/1456 1181/1508/1457 1189/1509/1458
f 1189/1509/1458 1181/1508/1457 1182/1510/1459
f 1189/1509/1458 1182/1510/1459 1188/1511/1460
f 1188/1511/1460 1182/1510/1459 1183/1512/1461
f 1188/1511/1460 1183/1512/1461 1187/1513/1462
f 1187/1513/1462 1183/1512/1461 1184/1514/1463
f 1187/1513/1462 1184/1514/1463 1186/1515/1464
f 1186/1515/1464 1184/1514/1463 343/1516/1465
f 1186/1515/1464 343/1516/1465 342/1517/1466
f 1174/1493/1442 1062/1492/1441 1173/1518/1467
f 1173/1518/1467 1062/1492/1441 1061/1519/1468
f 1173/1518/1467 1061/1519/1468 1172/1520/1469
f 1172/1520/1469 1061/1519/1468 1060/1521/1470
f 1172/1520/1469 1060/1521/1470 1059/1522/1471
f 1172/1520/1469 1059/1522/1471 1171/1523/1472
f 1171/1523/1472 1059/1522/1471 1058/1524/1473
f 1171/1523/1472 1058/1524/1473 1057/1525/1474
f 1057/1525/1474 1160/1526/1475 1171/1523/1472
f 1171/1523/1472 1160/1526/1475 1170/1527/1476
f 1171/1523/1472 1170/1527/1476 1217/1528/1477
f 1217/1528/1477 1170/1527/1476 1218/1529/1478
f 1217/1528/1477 1218/1529/1478 1222/1530/1479
f 1222/1530/1479 1218/1529/1478 1221/1531/1480
f 1222/1530/1479 1221/1531/1480 1230/1532/1481
f 1230/1532/1481 1221/1531/1480 1229/1533/1482
f 1230/1532/1481 1229/1533/1482 1183/1512/1461
f 1183/1512/1461 1229/1533/1482 1184/1514/1463
f 1160/1526/1475 1161/1534/1483 1170/1527/1476
f 1170/1527/1476 1161/1534/1483 1167/1535/1484
f 1170/1527/1476 1167/1535/1484 1218/1529/1478
f 1218/1529/1478 1167/1535/1484 1219/1536/1485
f 1218/1529/1478 1219/1536/1485 1221/1531/1480
f 1221/1531/1480 1219/1536/1485 1220/1537/1486
f 1221/1531/1480 1220/1537/1486 1229/1533/1482
f 1229/1533/1482 1220/1537/1486 1165/1538/1487
f 1229/1533/1482 1165/1538/1487 1184/1514/1463
f 1184/1514/1463 1165/1538/1487 1185/1539/1488
f 1184/1514/1463 1185/1539/1488 343/1516/1465
f 343/1516/1465 1185/1539/1488 1194/1540/1489
f 343/1516/1465 1194/1540/1489 344/1541/432
f 344/1541/432 1194/1540/1489 1185/1539/1488
f 344/1541/432 1185/1539/1488 1165/1538/1487
f 1161/1534/1483 1162/1542/1490 1167/1535/1484
f 1167/1535/1484 1162/1542/1490 344/1541/432
f 1167/1535/1484 344/1541/432 1219/1536/1485
f 1219/1536/1485 344/1541/432 1220/1537/1486
f 1162/1542/1490 1163/1543/1491 344/1541/432
f 344/1541/432 1163/1543/1491 345/1544/435
f 341/1545/1492 1200/1546/1493 342/1517/1466
f 342/1517/1466 1200/1546/1493 1187/1513/1462
f 342/1517/1466 1187/1513/1462 1186/1515/1464
f 340/1547/1494 1195/1548/1495 341/1545/1492
f 341/1545/1492 1195/1548/1495 1188/1511/1460
f 341/1545/1492 1188/1511/1460 1187/1513/1462
f 1195/1548/1495 340/1547/1494 1206/1549/1496
f 1206/1549/1496 340/1547/1494 339/1550/1497
f 1206/1549/1496 339/1550/1497 1195/1548/1495
f 1195/1548/1495 339/1550/1497 1201/1551/1498
f 1195/1548/1495 1201/1551/1498 1196/1552/1499
f 1196/1552/1499 1201/1551/1498 1202/1553/1500
f 1196/1552/1499 1202/1553/1500 1197/1554/1501
f 1197/1554/1501 1202/1553/1500 1203/1555/1502
f 1197/1554/1501 1203/1555/1502 1198/1556/1503
f 1198/1556/1503 1203/1555/1502 1204/1557/1504
f 1198/1556/1503 1204/1557/1504 1199/1558/1505
f 1199/1558/1505 1204/1557/1504 1205/1559/1506
f 1199/1558/1505 1205/1559/1506 1166/1560/1507
f 1166/1560/1507 1205/1559/1506 332/1561/1508
f 1166/1560/1507 332/1561/1508 331/1499/1448
f 339/1550/1497 338/1562/1509 1201/1551/1498
f 1201/1551/1498 338/1562/1509 1202/1553/1500
f 1202/1553/1500 338/1562/1509 1209/1563/1510
f 1209/1563/1510 338/1562/1509 337/1564/1511
f 1209/1563/1510 337/1564/1511 1202/1553/1500
f 1202/1553/1500 337/1564/1511 1203/1555/1502
f 1203/1555/1502 337/1564/1511 1207/1565/1512
f 1207/1565/1512 337/1564/1511 336/1566/1513
f 1207/1565/1512 336/1566/1513 1208/1567/1514
f 1208/1567/1514 336/1566/1513 335/1568/1515
f 1208/1567/1514 335/1568/1515 334/1569/1516
f 333/1570/1517 1210/1571/1518 334/1569/1516
f 334/1569/1516 1210/1571/1518 1205/1559/1506
f 334/1569/1516 1205/1559/1506 1204/1557/1504
f 333/1570/1517 332/1561/1508 1210/1571/1518
f 1210/1571/1518 332/1561/1508 1205/1559/1506
f 1211/1496/1445 1164/1484/1433 1169/1486/1435
f 1220/1537/1486 344/1541/432 1165/1538/1487
f 331/1499/1448 1193/1501/1450 1166/1560/1507
f 1166/1560/1507 1193/1501/1450 1192/1503/1452
f 1166/1560/1507 1192/1503/1452 1199/1558/1505
f 1199/1558/1505 1192/1503/1452 1191/1505/1454
f 1199/1558/1505 1191/1505/1454 1198/1556/1503
f 1198/1556/1503 1191/1505/1454 1190/1507/1456
f 1198/1556/1503 1190/1507/1456 1197/1554/1501
f 1197/1554/1501 1190/1507/1456 1189/1509/1458
f 1197/1554/1501 1189/1509/1458 1196/1552/1499
f 1196/1552/1499 1189/1509/1458 1188/1511/1460
f 1196/1552/1499 1188/1511/1460 1195/1548/1495
f 1172/1520/1469 1171/1523/1472 1216/1572/1519
f 1216/1572/1519 1171/1523/1472 1217/1528/1477
f 1216/1572/1519 1217/1528/1477 1223/1573/1520
f 1223/1573/1520 1217/1528/1477 1222/1530/1479
f 1223/1573/1520 1222/1530/1479 1231/1574/1521
f 1231/1574/1521 1222/1530/1479 1230/1532/1481
f 1231/1574/1521 1230/1532/1481 1182/1510/1459
f 1182/1510/1459 1230/1532/1481 1183/1512/1461
f 1173/1518/1467 1172/1520/1469 1215/1575/1522
f 1215/1575/1522 1172/1520/1469 1216/1572/1519
f 1215/1575/1522 1216/1572/1519 1224/1576/1523
f 1224/1576/1523 1216/1572/1519 1223/1573/1520
f 1224/1576/1523 1223/1573/1520 1232/1577/1524
f 1232/1577/1524 1223/1573/1520 1231/1574/1521
f 1232/1577/1524 1231/1574/1521 1181/1508/1457
f 1181/1508/1457 1231/1574/1521 1182/1510/1459
f 1174/1493/1442 1173/1518/1467 1214/1578/1525
f 1214/1578/1525 1173/1518/1467 1215/1575/1522
f 1214/1578/1525 1215/1575/1522 1225/1579/1526
f 1225/1579/1526 1215/1575/1522 1224/1576/1523
f 1225/1579/1526 1224/1576/1523 1233/1580/1527
f 1233/1580/1527 1224/1576/1523 1232/1577/1524
f 1233/1580/1527 1232/1577/1524 1180/1506/1455
f 1180/1506/1455 1232/1577/1524 1181/1508/1457
f 1175/1494/1443 1174/1493/1442 1213/1581/1528
f 1213/1581/1528 1174/1493/1442 1214/1578/1525
f 1213/1581/1528 1214/1578/1525 1226/1582/1529
f 1226/1582/1529 1214/1578/1525 1225/1579/1526
f 1226/1582/1529 1225/1579/1526 1234/1583/1530
f 1234/1583/1530 1225/1579/1526 1233/1580/1527
f 1234/1583/1530 1233/1580/1527 1179/1504/1453
f 1179/1504/1453 1233/1580/1527 1180/1506/1455
f 1211/1496/1445 1169/1486/1435 1176/1489/1438
f 1234/1583/1530 1179/1504/1453 1178/1502/1451
f 1178/1502/1451 1177/1500/1449 1235/1584/1531
f 1235/1584/1531 1177/1500/1449 1168/1498/1447
f 1235/1584/1531 1168/1498/1447 1227/1585/1532
f 1227/1585/1532 1168/1498/1447 1228/1497/1446
f 1227/1585/1532 1228/1497/1446 1212/1495/1444
f 1200/1546/1493 341/1545/1492 1187/1513/1462
f 1207/1565/1512 1208/1567/1514 1203/1555/1502
f 1203/1555/1502 1208/1567/1514 1204/1557/1504
f 1208/1567/1514 334/1569/1516 1204/1557/1504
f 1212/1495/1444 1213/1581/1528 1227/1585/1532
f 1227/1585/1532 1213/1581/1528 1226/1582/1529
f 1227/1585/1532 1226/1582/1529 1235/1584/1531
f 1235/1584/1531 1226/1582/1529 1234/1583/1530
f 1235/1584/1531 1234/1583/1530 1178/1502/1451
f 1213/1581/1528 1212/1495/1444 1175/1494/1443
f 1056/1586/1533 1243/1587/1534 1057/1588/1535
f 1057/1588/1535 1243/1587/1534 1249/1589/1536
f 1057/1588/1535 1249/1589/1536 1251/1590/1537
f 1251/1590/1537 1249/1589/1536 1248/1591/1538
f 1251/1590/1537 1248/1591/1538 1250/1592/1539
f 1250/1592/1539 1248/1591/1538 1247/1593/1540
f 1250/1592/1539 1247/1593/1540 1236/1594/1541
f 1236/1594/1541 1247/1593/1540 345/1595/435
f 1236/1594/1541 345/1595/435 1163/1596/1542
f 1055/1597/1543 1246/1598/1544 1056/1586/1533
f 1056/1586/1533 1246/1598/1544 1244/1599/1545
f 1056/1586/1533 1244/1599/1545 1242/1600/1546
f 1242/1600/1546 1244/1599/1545 1245/1601/1547
f 1242/1600/1546 1245/1601/1547 1241/1602/1548
f 1241/1602/1548 1245/1601/1547 345/1595/435
f 1241/1602/1548 345/1595/435 1247/1593/1540
f 1246/1598/1544 1055/1597/1543 1237/1603/1549
f 1237/1603/1549 1055/1597/1543 1054/1604/1550
f 1237/1603/1549 1054/1604/1550 345/1595/435
f 345/1595/435 1054/1604/1550 346/1605/438
f 1236/1594/1541 1163/1596/1542 1240/1606/1551
f 1240/1606/1551 1163/1596/1542 1162/1607/1552
f 1240/1606/1551 1162/1607/1552 1239/1608/1553
f 1239/1608/1553 1162/1607/1552 1161/1609/1554
f 1239/1608/1553 1161/1609/1554 1238/1610/1555
f 1238/1610/1555 1161/1609/1554 1160/1611/1556
f 1238/1610/1555 1160/1611/1556 1251/1590/1537
f 1251/1590/1537 1160/1611/1556 1057/1588/1535
f 1237/1603/1549 345/1595/435 1245/1601/1547
f 1236/1594/1541 1240/1606/1551 1239/1608/1553
f 1251/1590/1537 1250/1592/1539 1238/1610/1555
f 1238/1610/1555 1250/1592/1539 1239/1608/1553
f 1250/1592/1539 1236/1594/1541 1239/1608/1553
f 1249/1589/1536 1243/1587/1534 1242/1600/1546
f 1242/1600/1546 1243/1587/1534 1056/1586/1533
f 1247/1593/1540 1248/1591/1538 1241/1602/1548
f 1241/1602/1548 1248/1591/1538 1242/1600/1546
f 1248/1591/1538 1249/1589/1536 1242/1600/1546
f 1237/1603/1549 1245/1601/1547 1244/1599/1545
f 1246/1598/1544 1237/1603/1549 1244/1599/1545
f 1253/1612/1557 1301/1613/1558 1252/1614/1559
f 1252/1614/1559 1301/1613/1558 1319/1615/1560
f 1252/1614/1559 1319/1615/1560 1274/1616/1561
f 1274/1616/1561 1319/1615/1560 1323/1617/1562
f 1274/1616/1561 1323/1617/1562 1279/1618/1563
f 1279/1618/1563 1323/1617/1562 1280/1619/1564
f 1279/1618/1563 1280/1619/1564 1270/1620/1565
f 1270/1620/1565 1280/1619/1564 1269/1621/1566
f 1269/1621/1566 1280/1619/1564 1322/1622/1567
f 1269/1621/1566 1322/1622/1567 1321/1623/1568
f 1321/1623/1568 1322/1622/1567 1317/1624/1569
f 1321/1623/1568 1317/1624/1569 1316/1625/1570
f 1316/1625/1570 1317/1624/1569 1311/1626/1571
f 1316/1625/1570 1311/1626/1571 1310/1627/1572
f 1310/1627/1572 1311/1626/1571 1305/1628/1573
f 1310/1627/1572 1305/1628/1573 1306/1629/1574
f 1306/1629/1574 1305/1628/1573 1324/1630/1575
f 1306/1629/1574 1324/1630/1575 1275/1631/1576
f 1275/1631/1576 1324/1630/1575 1288/1632/1577
f 1275/1631/1576 1288/1632/1577 1263/1633/1578
f 1263/1633/1578 1288/1632/1577 1262/1634/1579
f 1262/1634/1579 1288/1632/1577 1287/1635/1580
f 1262/1634/1579 1287/1635/1580 1295/1636/1581
f 1295/1636/1581 1287/1635/1580 1286/1637/1582
f 1295/1636/1581 1286/1637/1582 1296/1638/1583
f 1296/1638/1583 1286/1637/1582 1285/1639/1584
f 1296/1638/1583 1285/1639/1584 1297/1640/1585
f 1297/1640/1585 1285/1639/1584 1284/1641/1586
f 1297/1640/1585 1284/1641/1586 1298/1642/1587
f 1298/1642/1587 1284/1641/1586 1283/1643/1588
f 1298/1642/1587 1283/1643/1588 1299/1644/1589
f 1299/1644/1589 1283/1643/1588 1282/1645/1590
f 1299/1644/1589 1282/1645/1590 1300/1646/1591
f 1300/1646/1591 1282/1645/1590 1281/1647/1592
f 1300/1646/1591 1281/1647/1592 1277/1648/1593
f 1277/1648/1593 1281/1647/1592 1253/1612/1557
f 1277/1648/1593 1253/1612/1557 1254/1649/1594
f 1254/1649/1594 1255/1650/1595 1277/1648/1593
f 1277/1648/1593 1255/1650/1595 1300/1646/1591
f 1255/1650/1595 1256/1651/1596 1300/1646/1591
f 1300/1646/1591 1256/1651/1596 1257/1652/1597
f 1300/1646/1591 1257/1652/1597 1299/1644/1589
f 1299/1644/1589 1257/1652/1597 1258/1653/1598
f 1299/1644/1589 1258/1653/1598 1298/1642/1587
f 1298/1642/1587 1258/1653/1598 1259/1654/1599
f 1298/1642/1587 1259/1654/1599 1297/1640/1585
f 1297/1640/1585 1259/1654/1599 1260/1655/1600
f 1297/1640/1585 1260/1655/1600 1296/1638/1583
f 1296/1638/1583 1260/1655/1600 1261/1656/1601
f 1296/1638/1583 1261/1656/1601 1295/1636/1581
f 1295/1636/1581 1261/1656/1601 1262/1634/1579
f 1275/1631/1576 1263/1633/1578 1307/1657/1602
f 1307/1657/1602 1263/1633/1578 1264/1658/1603
f 1307/1657/1602 1264/1658/1603 1308/1659/1604
f 1308/1659/1604 1264/1658/1603 1265/1660/1605
f 1308/1659/1604 1265/1660/1605 1309/1661/1606
f 1309/1661/1606 1265/1660/1605 1314/1662/1607
f 1309/1661/1606 1314/1662/1607 1315/1663/1608
f 1315/1663/1608 1314/1662/1607 1267/1664/1609
f 1315/1663/1608 1267/1664/1609 1320/1665/1610
f 1320/1665/1610 1267/1664/1609 1268/1666/1611
f 1320/1665/1610 1268/1666/1611 1321/1623/1568
f 1321/1623/1568 1268/1666/1611 1269/1621/1566
f 1265/1660/1605 1266/1667/1612 1314/1662/1607
f 1314/1662/1607 1266/1667/1612 1267/1664/1609
f 1270/1620/1565 1271/1668/1613 1279/1618/1563
f 1279/1618/1563 1271/1668/1613 1278/1669/1614
f 1279/1618/1563 1278/1669/1614 1274/1616/1561
f 1274/1616/1561 1278/1669/1614 1252/1614/1559
f 1271/1668/1613 1272/1670/1615 1278/1669/1614
f 1278/1669/1614 1272/1670/1615 1273/1671/1616
f 1278/1669/1614 1273/1671/1616 1252/1614/1559
f 1306/1629/1574 1275/1631/1576 1307/1657/1602
f 1276/1672/1617 1253/1612/1557 1329/1673/1618
f 1329/1673/1618 1253/1612/1557 1294/1674/1619
f 1329/1673/1618 1294/1674/1619 1293/1675/1620
f 1293/1675/1620 1294/1674/1619 1282/1645/1590
f 1293/1675/1620 1282/1645/1590 1283/1643/1588
f 1322/1622/1567 1280/1619/1564 1323/1617/1562
f 1253/1612/1557 1281/1647/1592 1294/1674/1619
f 1294/1674/1619 1281/1647/1592 1282/1645/1590
f 1283/1643/1588 1284/1641/1586 1292/1676/1621
f 1292/1676/1621 1284/1641/1586 1291/1677/1622
f 1292/1676/1621 1291/1677/1622 1327/1678/1623
f 1327/1678/1623 1291/1677/1622 1326/1679/1624
f 1327/1678/1623 1326/1679/1624 1303/1680/1625
f 1303/1680/1625 1326/1679/1624 1304/1681/1626
f 1303/1680/1625 1304/1681/1626 1312/1682/1627
f 1312/1682/1627 1304/1681/1626 1311/1626/1571
f 1312/1682/1627 1311/1626/1571 1317/1624/1569
f 1284/1641/1586 1285/1639/1584 1291/1677/1622
f 1291/1677/1622 1285/1639/1584 1290/1683/1628
f 1291/1677/1622 1290/1683/1628 1326/1679/1624
f 1326/1679/1624 1290/1683/1628 1325/1684/1629
f 1326/1679/1624 1325/1684/1629 1304/1681/1626
f 1304/1681/1626 1325/1684/1629 1305/1628/1573
f 1304/1681/1626 1305/1628/1573 1311/1626/1571
f 1285/1639/1584 1286/1637/1582 1290/1683/1628
f 1290/1683/1628 1286/1637/1582 1289/1685/1630
f 1290/1683/1628 1289/1685/1630 1325/1684/1629
f 1325/1684/1629 1289/1685/1630 1324/1630/1575
f 1325/1684/1629 1324/1630/1575 1305/1628/1573
f 1286/1637/1582 1287/1635/1580 1289/1685/1630
f 1289/1685/1630 1287/1635/1580 1288/1632/1577
f 1289/1685/1630 1288/1632/1577 1324/1630/1575
f 1283/1643/1588 1292/1676/1621 1293/1675/1620
f 1293/1675/1620 1292/1676/1621 1328/1686/1631
f 1293/1675/1620 1328/1686/1631 1329/1673/1618
f 1329/1673/1618 1328/1686/1631 1276/1672/1617
f 1328/1686/1631 1292/1676/1621 1327/1678/1623
f 1276/1672/1617 1302/1687/1632 1301/1613/1558
f 1301/1613/1558 1302/1687/1632 1313/1688/1633
f 1301/1613/1558 1313/1688/1633 1319/1615/1560
f 1319/1615/1560 1313/1688/1633 1318/1689/1634
f 1319/1615/1560 1318/1689/1634 1323/1617/1562
f 1323/1617/1562 1318/1689/1634 1322/1622/1567
f 1302/1687/1632 1303/1680/1625 1313/1688/1633
f 1313/1688/1633 1303/1680/1625 1312/1682/1627
f 1313/1688/1633 1312/1682/1627 1318/1689/1634
f 1318/1689/1634 1312/1682/1627 1317/1624/1569
f 1318/1689/1634 1317/1624/1569 1322/1622/1567
f 1276/1672/1617 1328/1686/1631 1302/1687/1632
f 1302/1687/1632 1328/1686/1631 1327/1678/1623
f 1302/1687/1632 1327/1678/1623 1303/1680/1625
f 1308/1659/1604 1309/1661/1606 1307/1657/1602
f 1307/1657/1602 1309/1661/1606 1306/1629/1574
f 1306/1629/1574 1309/1661/1606 1310/1627/1572
f 1310/1627/1572 1309/1661/1606 1315/1663/1608
f 1310/1627/1572 1315/1663/1608 1316/1625/1570
f 1316/1625/1570 1315/1663/1608 1320/1665/1610
f 1316/1625/1570 1320/1665/1610 1321/1623/1568
f 1276/1672/1617 1301/1613/1558 1253/1612/1557
f 1330/1690/1635 1346/1691/1636 1263/1692/1578
f 1263/1692/1578 1346/1691/1636 1349/1693/1637
f 1263/1692/1578 1349/1693/1637 1264/1694/1638
f 1264/1694/1638 1349/1693/1637 1265/1695/1639
f 1265/1695/1639 1349/1693/1637 1350/1696/1640
f 1265/1695/1639 1350/1696/1640 1266/1697/1641
f 1266/1697/1641 1350/1696/1640 1351/1698/1642
f 1266/1697/1641 1351/1698/1642 1267/1699/1643
f 1267/1699/1643 1351/1698/1642 1352/1700/1644
f 1267/1699/1643 1352/1700/1644 1268/1701/1645
f 1268/1701/1645 1352/1700/1644 1353/1702/1646
f 1268/1701/1645 1353/1702/1646 1269/1703/1647
f 1269/1703/1647 1353/1702/1646 1270/1704/1648
f 1270/1704/1648 1353/1702/1646 1354/1705/1649
f 1270/1704/1648 1354/1705/1649 1271/1706/1650
f 1271/1706/1650 1354/1705/1649 1348/1707/1651
f 1271/1706/1650 1348/1707/1651 1272/1708/1652
f 1272/1708/1652 1348/1707/1651 1273/1709/1653
f 1273/1709/1653 1348/1707/1651 1252/1710/1654
f 1252/1710/1654 1348/1707/1651 1343/1711/1655
f 1343/1711/1655 1348/1707/1651 1386/1712/1656
f 1343/1711/1655 1386/1712/1656 1362/1713/1657
f 1362/1713/1657 1386/1712/1656 1387/1714/1658
f 1362/1713/1657 1387/1714/1658 1363/1715/1659
f 1363/1715/1659 1387/1714/1658 1388/1716/1660
f 1363/1715/1659 1388/1716/1660 1364/1717/1661
f 1364/1717/1661 1388/1716/1660 1389/1718/1662
f 1364/1717/1661 1389/1718/1662 1365/1719/1663
f 1365/1719/1663 1389/1718/1662 1390/1720/1664
f 1365/1719/1663 1390/1720/1664 1366/1721/1665
f 1366/1721/1665 1390/1720/1664 1391/1722/1666
f 1366/1721/1665 1391/1722/1666 1367/1723/1667
f 1367/1723/1667 1391/1722/1666 1346/1691/1636
f 1367/1723/1667 1346/1691/1636 1368/1724/1668
f 1368/1724/1668 1346/1691/1636 1330/1690/1635
f 1368/1724/1668 1330/1690/1635 1355/1725/1669
f 1355/1725/1669 1330/1690/1635 1415/1726/1670
f 1355/1725/1669 1415/1726/1670 1414/1727/1671
f 1414/1727/1671 1415/1726/1670 1409/1728/1672
f 1414/1727/1671 1409/1728/1672 1408/1729/1673
f 1408/1729/1673 1409/1728/1672 1402/1730/1674
f 1408/1729/1673 1402/1730/1674 1401/1731/1675
f 1401/1731/1675 1402/1730/1674 1395/1732/1676
f 1401/1731/1675 1395/1732/1676 1394/1733/1677
f 1394/1733/1677 1395/1732/1676 1381/1734/1678
f 1394/1733/1677 1381/1734/1678 1380/1735/1679
f 1380/1735/1679 1381/1734/1678 1338/1736/1680
f 1380/1735/1679 1338/1736/1680 1339/1737/1681
f 1415/1726/1670 1330/1690/1635 1384/1738/1682
f 1384/1738/1682 1330/1690/1635 1331/1739/1683
f 1384/1738/1682 1331/1739/1683 1344/1740/1684
f 1344/1740/1684 1331/1739/1683 1398/1741/1685
f 1344/1740/1684 1398/1741/1685 1397/1742/1686
f 1397/1742/1686 1398/1741/1685 1383/1743/1687
f 1397/1742/1686 1383/1743/1687 1382/1744/1688
f 1382/1744/1688 1383/1743/1687 1377/1745/1689
f 1382/1744/1688 1377/1745/1689 1375/1746/1690
f 1375/1746/1690 1377/1745/1689 1336/1747/1691
f 1375/1746/1690 1336/1747/1691 1337/1748/1692
f 1332/1749/1693 1369/1750/1694 1331/1739/1683
f 1331/1739/1683 1369/1750/1694 1372/1751/1695
f 1331/1739/1683 1372/1751/1695 1398/1741/1685
f 1398/1741/1685 1372/1751/1695 1383/1743/1687
f 1333/1752/1696 1374/1753/1697 1332/1749/1693
f 1332/1749/1693 1374/1753/1697 1373/1754/1698
f 1332/1749/1693 1373/1754/1698 1369/1750/1694
f 1369/1750/1694 1373/1754/1698 1370/1755/1699
f 1369/1750/1694 1370/1755/1699 1371/1756/1700
f 1371/1756/1700 1370/1755/1699 1335/1757/1701
f 1371/1756/1700 1335/1757/1701 1377/1745/1689
f 1377/1745/1689 1335/1757/1701 1378/1758/1702
f 1377/1745/1689 1378/1758/1702 1336/1747/1691
f 1336/1747/1691 1378/1758/1702 1335/1757/1701
f 1333/1752/1696 1334/1759/1703 1374/1753/1697
f 1374/1753/1697 1334/1759/1703 1373/1754/1698
f 1373/1754/1698 1334/1759/1703 1370/1755/1699
f 1370/1755/1699 1334/1759/1703 1335/1757/1701
f 1338/1736/1680 1385/1760/1704 1337/1748/1692
f 1337/1748/1692 1385/1760/1704 1381/1734/1678
f 1337/1748/1692 1381/1734/1678 1376/1761/1705
f 1376/1761/1705 1381/1734/1678 1395/1732/1676
f 1376/1761/1705 1395/1732/1676 1396/1762/1706
f 1396/1762/1706 1395/1732/1676 1402/1730/1674
f 1396/1762/1706 1402/1730/1674 1403/1763/1707
f 1403/1763/1707 1402/1730/1674 1409/1728/1672
f 1403/1763/1707 1409/1728/1672 1384/1738/1682
f 1384/1738/1682 1409/1728/1672 1415/1726/1670
f 1380/1735/1679 1339/1737/1681 1379/1764/1708
f 1379/1764/1708 1339/1737/1681 1340/1765/1709
f 1379/1764/1708 1340/1765/1709 1341/1766/1710
f 1379/1764/1708 1341/1766/1710 1392/1767/1711
f 1392/1767/1711 1341/1766/1710 1342/1768/1712
f 1392/1767/1711 1342/1768/1712 1345/1769/1713
f 1345/1769/1713 1342/1768/1712 1404/1770/1714
f 1345/1769/1713 1404/1770/1714 1405/1771/1715
f 1405/1771/1715 1404/1770/1714 1410/1772/1716
f 1405/1771/1715 1410/1772/1716 1411/1773/1717
f 1411/1773/1717 1410/1772/1716 1359/1774/1718
f 1411/1773/1717 1359/1774/1718 1358/1775/1719
f 1358/1775/1719 1359/1774/1718 1365/1719/1663
f 1358/1775/1719 1365/1719/1663 1366/1721/1665
f 1404/1770/1714 1342/1768/1712 1361/1776/1720
f 1361/1776/1720 1342/1768/1712 1343/1711/1655
f 1361/1776/1720 1343/1711/1655 1347/1777/1721
f 1347/1777/1721 1343/1711/1655 1362/1713/1657
f 1347/1777/1721 1362/1713/1657 1363/1715/1659
f 1410/1772/1716 1404/1770/1714 1361/1776/1720
f 1346/1691/1636 1391/1722/1666 1349/1693/1637
f 1349/1693/1637 1391/1722/1666 1350/1696/1640
f 1391/1722/1666 1390/1720/1664 1350/1696/1640
f 1350/1696/1640 1390/1720/1664 1351/1698/1642
f 1390/1720/1664 1389/1718/1662 1351/1698/1642
f 1351/1698/1642 1389/1718/1662 1352/1700/1644
f 1389/1718/1662 1388/1716/1660 1352/1700/1644
f 1352/1700/1644 1388/1716/1660 1353/1702/1646
f 1386/1712/1656 1348/1707/1651 1354/1705/1649
f 1388/1716/1660 1387/1714/1658 1353/1702/1646
f 1353/1702/1646 1387/1714/1658 1354/1705/1649
f 1387/1714/1658 1386/1712/1656 1354/1705/1649
f 1367/1723/1667 1368/1724/1668 1356/1778/1722
f 1356/1778/1722 1368/1724/1668 1355/1725/1669
f 1356/1778/1722 1355/1725/1669 1414/1727/1671
f 1366/1721/1665 1367/1723/1667 1357/1779/1723
f 1357/1779/1723 1367/1723/1667 1356/1778/1722
f 1357/1779/1723 1356/1778/1722 1413/1780/1724
f 1413/1780/1724 1356/1778/1722 1414/1727/1671
f 1413/1780/1724 1414/1727/1671 1408/1729/1673
f 1366/1721/1665 1357/1779/1723 1358/1775/1719
f 1358/1775/1719 1357/1779/1723 1412/1781/1725
f 1358/1775/1719 1412/1781/1725 1411/1773/1717
f 1411/1773/1717 1412/1781/1725 1406/1782/1726
f 1411/1773/1717 1406/1782/1726 1405/1771/1715
f 1405/1771/1715 1406/1782/1726 1399/1783/1727
f 1405/1771/1715 1399/1783/1727 1345/1769/1713
f 1345/1769/1713 1399/1783/1727 1392/1767/1711
f 1412/1781/1725 1357/1779/1723 1413/1780/1724
f 1364/1717/1661 1365/1719/1663 1359/1774/1718
f 1363/1715/1659 1364/1717/1661 1360/1784/1728
f 1360/1784/1728 1364/1717/1661 1359/1774/1718
f 1360/1784/1728 1359/1774/1718 1410/1772/1716
f 1361/1776/1720 1347/1777/1721 1360/1784/1728
f 1360/1784/1728 1347/1777/1721 1363/1715/1659
f 1361/1776/1720 1360/1784/1728 1410/1772/1716
f 1382/1744/1688 1375/1746/1690 1376/1761/1705
f 1376/1761/1705 1375/1746/1690 1337/1748/1692
f 1372/1751/1695 1369/1750/1694 1371/1756/1700
f 1372/1751/1695 1371/1756/1700 1383/1743/1687
f 1383/1743/1687 1371/1756/1700 1377/1745/1689
f 1403/1763/1707 1384/1738/1682 1344/1740/1684
f 1385/1760/1704 1338/1736/1680 1381/1734/1678
f 1380/1735/1679 1379/1764/1708 1393/1785/1729
f 1393/1785/1729 1379/1764/1708 1392/1767/1711
f 1393/1785/1729 1392/1767/1711 1399/1783/1727
f 1397/1742/1686 1382/1744/1688 1396/1762/1706
f 1396/1762/1706 1382/1744/1688 1376/1761/1705
f 1380/1735/1679 1393/1785/1729 1394/1733/1677
f 1394/1733/1677 1393/1785/1729 1400/1786/1730
f 1394/1733/1677 1400/1786/1730 1401/1731/1675
f 1401/1731/1675 1400/1786/1730 1407/1787/1731
f 1401/1731/1675 1407/1787/1731 1408/1729/1673
f 1408/1729/1673 1407/1787/1731 1413/1780/1724
f 1400/1786/1730 1393/1785/1729 1399/1783/1727
f 1344/1740/1684 1397/1742/1686 1403/1763/1707
f 1403/1763/1707 1397/1742/1686 1396/1762/1706
f 1407/1787/1731 1400/1786/1730 1406/1782/1726
f 1406/1782/1726 1400/1786/1730 1399/1783/1727
f 1413/1780/1724 1407/1787/1731 1412/1781/1725
f 1412/1781/1725 1407/1787/1731 1406/1782/1726
f 1331/1788/1683 1416/1789/1732 1332/1790/1733
f 1332/1790/1733 1416/1789/1732 1433/1791/1734
f 1332/1790/1733 1433/1791/1734 1333/1792/1735
f 1333/1792/1735 1433/1791/1734 1334/1793/1736
f 1334/1793/1736 1433/1791/1734 1435/1794/1737
f 1334/1793/1736 1435/1794/1737 1335/1795/1738
f 1335/1795/1738 1435/1794/1737 1436/1796/1739
f 1335/1795/1738 1436/1796/1739 1336/1797/1740
f 1336/1797/1740 1436/1796/1739 1437/1798/1741
f 1336/1797/1740 1437/1798/1741 1337/1799/1742
f 1337/1799/1742 1437/1798/1741 1438/1800/1743
f 1337/1799/1742 1438/1800/1743 1338/1801/1744
f 1338/1801/1744 1438/1800/1743 1439/1802/1745
f 1338/1801/1744 1439/1802/1745 1339/1803/1746
f 1339/1803/1746 1439/1802/1745 1440/1804/1747
f 1339/1803/1746 1440/1804/1747 1340/1805/1748
f 1340/1805/1748 1440/1804/1747 1341/1806/1749
f 1341/1806/1749 1440/1804/1747 1342/1807/1750
f 1342/1807/1750 1440/1804/1747 1434/1808/1751
f 1342/1807/1750 1434/1808/1751 1427/1809/1752
f 1427/1809/1752 1434/1808/1751 1446/1810/1753
f 1427/1809/1752 1446/1810/1753 1466/1811/1754
f 1466/1811/1754 1446/1810/1753 1445/1812/1755
f 1466/1811/1754 1445/1812/1755 1465/1813/1756
f 1465/1813/1756 1445/1812/1755 1444/1814/1757
f 1465/1813/1756 1444/1814/1757 1464/1815/1758
f 1464/1815/1758 1444/1814/1757 1443/1816/1759
f 1464/1815/1758 1443/1816/1759 1463/1817/1760
f 1463/1817/1760 1443/1816/1759 1442/1818/1761
f 1463/1817/1760 1442/1818/1761 1462/1819/1762
f 1462/1819/1762 1442/1818/1761 1441/1820/1763
f 1462/1819/1762 1441/1820/1763 1461/1821/1764
f 1461/1821/1764 1441/1820/1763 1430/1822/1765
f 1461/1821/1764 1430/1822/1765 1460/1823/1766
f 1460/1823/1766 1430/1822/1765 1418/1824/1767
f 1460/1823/1766 1418/1824/1767 1487/1825/1768
f 1487/1825/1768 1418/1824/1767 1506/1826/1769
f 1487/1825/1768 1506/1826/1769 1505/1827/1770
f 1505/1827/1770 1506/1826/1769 1499/1828/1771
f 1505/1827/1770 1499/1828/1771 1498/1829/1772
f 1498/1829/1772 1499/1828/1771 1491/1830/1773
f 1498/1829/1772 1491/1830/1773 1490/1831/1774
f 1490/1831/1774 1491/1830/1773 1484/1832/1775
f 1490/1831/1774 1484/1832/1775 1483/1833/1776
f 1483/1833/1776 1484/1832/1775 1476/1834/1777
f 1483/1833/1776 1476/1834/1777 1475/1835/1778
f 1475/1835/1778 1476/1834/1777 1468/1836/1779
f 1475/1835/1778 1468/1836/1779 1467/1837/1780
f 1467/1837/1780 1468/1836/1779 1453/1838/1781
f 1467/1837/1780 1453/1838/1781 1426/1839/1782
f 1426/1839/1782 1453/1838/1781 1425/1840/1783
f 1425/1840/1783 1453/1838/1781 1454/1841/1784
f 1425/1840/1783 1454/1841/1784 1424/1842/1785
f 1424/1842/1785 1454/1841/1784 1455/1843/1786
f 1424/1842/1785 1455/1843/1786 1423/1844/1787
f 1423/1844/1787 1455/1843/1786 1456/1845/1788
f 1423/1844/1787 1456/1845/1788 1422/1846/1789
f 1422/1846/1789 1456/1845/1788 1421/1847/1790
f 1421/1847/1790 1456/1845/1788 1457/1848/1791
f 1421/1847/1790 1457/1848/1791 1420/1849/1792
f 1420/1849/1792 1457/1848/1791 1458/1850/1793
f 1420/1849/1792 1458/1850/1793 1419/1851/1794
f 1419/1851/1794 1458/1850/1793 1459/1852/1795
f 1419/1851/1794 1459/1852/1795 1418/1824/1767
f 1418/1824/1767 1459/1852/1795 1428/1853/1796
f 1418/1824/1767 1428/1853/1796 1480/1854/1797
f 1480/1854/1797 1428/1853/1796 1472/1855/1798
f 1480/1854/1797 1472/1855/1798 1479/1856/1799
f 1479/1856/1799 1472/1855/1798 1471/1857/1800
f 1479/1856/1799 1471/1857/1800 1478/1858/1801
f 1478/1858/1801 1471/1857/1800 1470/1859/1802
f 1478/1858/1801 1470/1859/1802 1477/1860/1803
f 1477/1860/1803 1470/1859/1802 1469/1861/1804
f 1477/1860/1803 1469/1861/1804 1476/1834/1777
f 1476/1834/1777 1469/1861/1804 1468/1836/1779
f 1417/1862/1805 1418/1824/1767 1416/1789/1732
f 1416/1789/1732 1418/1824/1767 1430/1822/1765
f 1416/1789/1732 1430/1822/1765 1452/1863/1806
f 1452/1863/1806 1430/1822/1765 1441/1820/1763
f 1452/1863/1806 1441/1820/1763 1451/1864/1807
f 1451/1864/1807 1441/1820/1763 1442/1818/1761
f 1451/1864/1807 1442/1818/1761 1450/1865/1808
f 1450/1865/1808 1442/1818/1761 1443/1816/1759
f 1450/1865/1808 1443/1816/1759 1449/1866/1809
f 1449/1866/1809 1443/1816/1759 1444/1814/1757
f 1449/1866/1809 1444/1814/1757 1448/1867/1810
f 1448/1867/1810 1444/1814/1757 1445/1812/1755
f 1448/1867/1810 1445/1812/1755 1447/1868/1811
f 1447/1868/1811 1445/1812/1755 1446/1810/1753
f 1447/1868/1811 1446/1810/1753 1434/1808/1751
f 1427/1809/1752 1500/1869/1812 1426/1839/1782
f 1426/1839/1782 1500/1869/1812 1494/1870/1813
f 1426/1839/1782 1494/1870/1813 1431/1871/1814
f 1431/1871/1814 1494/1870/1813 1495/1872/1815
f 1431/1871/1814 1495/1872/1815 1488/1873/1816
f 1488/1873/1816 1495/1872/1815 1496/1874/1817
f 1488/1873/1816 1496/1874/1817 1489/1875/1818
f 1489/1875/1818 1496/1874/1817 1497/1876/1819
f 1489/1875/1818 1497/1876/1819 1490/1831/1774
f 1490/1831/1774 1497/1876/1819 1498/1829/1772
f 1418/1824/1767 1473/1877/1820 1493/1878/1821
f 1493/1878/1821 1473/1877/1820 1486/1879/1822
f 1493/1878/1821 1486/1879/1822 1492/1880/1823
f 1492/1880/1823 1486/1879/1822 1485/1881/1824
f 1492/1880/1823 1485/1881/1824 1491/1830/1773
f 1491/1830/1773 1485/1881/1824 1484/1832/1775
f 1418/1824/1767 1493/1878/1821 1429/1882/1825
f 1429/1882/1825 1493/1878/1821 1492/1880/1823
f 1429/1882/1825 1492/1880/1823 1499/1828/1771
f 1499/1828/1771 1492/1880/1823 1491/1830/1773
f 1475/1835/1778 1467/1837/1780 1474/1883/1826
f 1474/1883/1826 1467/1837/1780 1426/1839/1782
f 1474/1883/1826 1426/1839/1782 1481/1884/1827
f 1481/1884/1827 1426/1839/1782 1431/1871/1814
f 1481/1884/1827 1431/1871/1814 1488/1873/1816
f 1427/1809/1752 1466/1811/1754 1432/1885/1828
f 1432/1885/1828 1466/1811/1754 1465/1813/1756
f 1432/1885/1828 1465/1813/1756 1507/1886/1829
f 1507/1886/1829 1465/1813/1756 1464/1815/1758
f 1507/1886/1829 1464/1815/1758 1508/1887/1830
f 1508/1887/1830 1464/1815/1758 1463/1817/1760
f 1508/1887/1830 1463/1817/1760 1509/1888/1831
f 1509/1888/1831 1463/1817/1760 1462/1819/1762
f 1509/1888/1831 1462/1819/1762 1510/1889/1832
f 1510/1889/1832 1462/1819/1762 1461/1821/1764
f 1510/1889/1832 1461/1821/1764 1511/1890/1833
f 1511/1890/1833 1461/1821/1764 1460/1823/1766
f 1511/1890/1833 1460/1823/1766 1487/1825/1768
f 1416/1789/1732 1452/1863/1806 1433/1791/1734
f 1433/1791/1734 1452/1863/1806 1451/1864/1807
f 1433/1791/1734 1451/1864/1807 1435/1794/1737
f 1435/1794/1737 1451/1864/1807 1450/1865/1808
f 1435/1794/1737 1450/1865/1808 1436/1796/1739
f 1436/1796/1739 1450/1865/1808 1449/1866/1809
f 1436/1796/1739 1449/1866/1809 1437/1798/1741
f 1437/1798/1741 1449/1866/1809 1448/1867/1810
f 1437/1798/1741 1448/1867/1810 1438/1800/1743
f 1438/1800/1743 1448/1867/1810 1447/1868/1811
f 1438/1800/1743 1447/1868/1811 1439/1802/1745
f 1439/1802/1745 1447/1868/1811 1434/1808/1751
f 1439/1802/1745 1434/1808/1751 1440/1804/1747
f 1453/1838/1781 1468/1836/1779 1454/1841/1784
f 1454/1841/1784 1468/1836/1779 1469/1861/1804
f 1454/1841/1784 1469/1861/1804 1455/1843/1786
f 1455/1843/1786 1469/1861/1804 1470/1859/1802
f 1455/1843/1786 1470/1859/1802 1456/1845/1788
f 1456/1845/1788 1470/1859/1802 1471/1857/1800
f 1456/1845/1788 1471/1857/1800 1457/1848/1791
f 1457/1848/1791 1471/1857/1800 1472/1855/1798
f 1457/1848/1791 1472/1855/1798 1458/1850/1793
f 1458/1850/1793 1472/1855/1798 1428/1853/1796
f 1458/1850/1793 1428/1853/1796 1459/1852/1795
f 1473/1877/1820 1418/1824/1767 1480/1854/1797
f 1427/1809/1752 1432/1885/1828 1500/1869/1812
f 1500/1869/1812 1432/1885/1828 1507/1886/1829
f 1500/1869/1812 1507/1886/1829 1501/1891/1834
f 1501/1891/1834 1507/1886/1829 1508/1887/1830
f 1501/1891/1834 1508/1887/1830 1502/1892/1835
f 1502/1892/1835 1508/1887/1830 1509/1888/1831
f 1502/1892/1835 1509/1888/1831 1503/1893/1836
f 1503/1893/1836 1509/1888/1831 1510/1889/1832
f 1503/1893/1836 1510/1889/1832 1504/1894/1837
f 1504/1894/1837 1510/1889/1832 1511/1890/1833
f 1504/1894/1837 1511/1890/1833 1505/1827/1770
f 1505/1827/1770 1511/1890/1833 1487/1825/1768
f 1475/1835/1778 1474/1883/1826 1482/1895/1838
f 1482/1895/1838 1474/1883/1826 1481/1884/1827
f 1482/1895/1838 1481/1884/1827 1488/1873/1816
f 1476/1834/1777 1484/1832/1775 1477/1860/1803
f 1477/1860/1803 1484/1832/1775 1485/1881/1824
f 1477/1860/1803 1485/1881/1824 1478/1858/1801
f 1478/1858/1801 1485/1881/1824 1486/1879/1822
f 1478/1858/1801 1486/1879/1822 1479/1856/1799
f 1479/1856/1799 1486/1879/1822 1473/1877/1820
f 1479/1856/1799 1473/1877/1820 1480/1854/1797
f 1499/1828/1771 1506/1826/1769 1429/1882/1825
f 1429/1882/1825 1506/1826/1769 1418/1824/1767
f 1475/1835/1778 1482/1895/1838 1483/1833/1776
f 1483/1833/1776 1482/1895/1838 1489/1875/1818
f 1483/1833/1776 1489/1875/1818 1490/1831/1774
f 1489/1875/1818 1482/1895/1838 1488/1873/1816
f 1500/1869/1812 1501/1891/1834 1494/1870/1813
f 1494/1870/1813 1501/1891/1834 1495/1872/1815
f 1501/1891/1834 1502/1892/1835 1495/1872/1815
f 1495/1872/1815 1502/1892/1835 1496/1874/1817
f 1502/1892/1835 1503/1893/1836 1496/1874/1817
f 1496/1874/1817 1503/1893/1836 1497/1876/1819
f 1503/1893/1836 1504/1894/1837 1497/1876/1819
f 1497/1876/1819 1504/1894/1837 1498/1829/1772
f 1504/1894/1837 1505/1827/1770 1498/1829/1772
f 1512/1896/1839 1529/1897/1840 1417/1898/1805
f 1417/1898/1805 1529/1897/1840 1531/1899/1841
f 1417/1898/1805 1531/1899/1841 1418/1900/1842
f 1418/1900/1842 1531/1899/1841 1419/1901/1843
f 1419/1901/1843 1531/1899/1841 1532/1902/1844
f 1419/1901/1843 1532/1902/1844 1420/1903/1845
f 1420/1903/1845 1532/1902/1844 1533/1904/1846
f 1420/1903/1845 1533/1904/1846 1421/1905/1847
f 1421/1905/1847 1533/1904/1846 1534/1906/1848
f 1421/1905/1847 1534/1906/1848 1422/1907/1849
f 1422/1907/1849 1534/1906/1848 1535/1908/1850
f 1422/1907/1849 1535/1908/1850 1423/1909/1851
f 1423/1909/1851 1535/1908/1850 1536/1910/1852
f 1423/1909/1851 1536/1910/1852 1424/1911/1853
f 1424/1911/1853 1536/1910/1852 1425/1912/1854
f 1425/1912/1854 1536/1910/1852 1530/1913/1855
f 1425/1912/1854 1530/1913/1855 1426/1914/1856
f 1426/1914/1856 1530/1913/1855 1525/1915/1857
f 1525/1915/1857 1530/1913/1855 1568/1916/1858
f 1525/1915/1857 1568/1916/1858 1537/1917/1859
f 1537/1917/1859 1568/1916/1858 1569/1918/1860
f 1537/1917/1859 1569/1918/1860 1538/1919/1861
f 1538/1919/1861 1569/1918/1860 1570/1920/1862
f 1538/1919/1861 1570/1920/1862 1539/1921/1863
f 1539/1921/1863 1570/1920/1862 1571/1922/1864
f 1539/1921/1863 1571/1922/1864 1540/1923/1865
f 1540/1923/1865 1571/1922/1864 1572/1924/1866
f 1540/1923/1865 1572/1924/1866 1541/1925/1867
f 1541/1925/1867 1572/1924/1866 1573/1926/1868
f 1541/1925/1867 1573/1926/1868 1542/1927/1869
f 1542/1927/1869 1573/1926/1868 1529/1897/1840
f 1542/1927/1869 1529/1897/1840 1543/1928/1870
f 1543/1928/1870 1529/1897/1840 1512/1896/1839
f 1543/1928/1870 1512/1896/1839 1513/1929/1871
f 1543/1928/1870 1513/1929/1871 1544/1930/1872
f 1544/1930/1872 1513/1929/1871 1514/1931/1873
f 1544/1930/1872 1514/1931/1873 1515/1932/1874
f 1544/1930/1872 1515/1932/1874 1551/1933/1875
f 1551/1933/1875 1515/1932/1874 1516/1934/1876
f 1551/1933/1875 1516/1934/1876 1557/1935/1877
f 1557/1935/1877 1516/1934/1876 1517/1936/1878
f 1557/1935/1877 1517/1936/1878 1526/1937/1879
f 1526/1937/1879 1517/1936/1878 1518/1938/1880
f 1526/1937/1879 1518/1938/1880 1564/1939/1881
f 1564/1939/1881 1518/1938/1880 1519/1940/1882
f 1564/1939/1881 1519/1940/1882 1565/1941/1883
f 1565/1941/1883 1519/1940/1882 1566/1942/1884
f 1565/1941/1883 1566/1942/1884 1567/1943/1885
f 1567/1943/1885 1566/1942/1884 1521/1944/1886
f 1567/1943/1885 1521/1944/1886 1522/1945/1887
f 1519/1940/1882 1520/1946/1888 1566/1942/1884
f 1566/1942/1884 1520/1946/1888 1521/1944/1886
f 1522/1945/1887 1523/1947/1889 1567/1943/1885
f 1567/1943/1885 1523/1947/1889 1524/1948/1890
f 1567/1943/1885 1524/1948/1890 1527/1949/1891
f 1527/1949/1891 1524/1948/1890 1563/1950/1892
f 1527/1949/1891 1563/1950/1892 1562/1951/1893
f 1562/1951/1893 1563/1950/1892 1560/1952/1894
f 1562/1951/1893 1560/1952/1894 1559/1953/1895
f 1559/1953/1895 1560/1952/1894 1554/1954/1896
f 1559/1953/1895 1554/1954/1896 1553/1955/1897
f 1553/1955/1897 1554/1954/1896 1547/1956/1898
f 1553/1955/1897 1547/1956/1898 1546/1957/1899
f 1546/1957/1899 1547/1956/1898 1541/1925/1867
f 1546/1957/1899 1541/1925/1867 1542/1927/1869
f 1563/1950/1892 1524/1948/1890 1556/1958/1900
f 1556/1958/1900 1524/1948/1890 1525/1915/1857
f 1556/1958/1900 1525/1915/1857 1528/1959/1901
f 1528/1959/1901 1525/1915/1857 1550/1960/1902
f 1528/1959/1901 1550/1960/1902 1549/1961/1903
f 1549/1961/1903 1550/1960/1902 1538/1919/1861
f 1549/1961/1903 1538/1919/1861 1539/1921/1863
f 1560/1952/1894 1563/1950/1892 1556/1958/1900
f 1538/1919/1861 1550/1960/1902 1537/1917/1859
f 1537/1917/1859 1550/1960/1902 1525/1915/1857
f 1529/1897/1840 1573/1926/1868 1531/1899/1841
f 1531/1899/1841 1573/1926/1868 1532/1902/1844
f 1573/1926/1868 1572/1924/1866 1532/1902/1844
f 1532/1902/1844 1572/1924/1866 1533/1904/1846
f 1572/1924/1866 1571/1922/1864 1533/1904/1846
f 1533/1904/1846 1571/1922/1864 1534/1906/1848
f 1571/1922/1864 1570/1920/1862 1534/1906/1848
f 1534/1906/1848 1570/1920/1862 1535/1908/1850
f 1568/1916/1858 1530/1913/1855 1536/1910/1852
f 1570/1920/1862 1569/1918/1860 1535/1908/1850
f 1535/1908/1850 1569/1918/1860 1536/1910/1852
f 1569/1918/1860 1568/1916/1858 1536/1910/1852
f 1539/1921/1863 1540/1923/1865 1548/1962/1904
f 1548/1962/1904 1540/1923/1865 1547/1956/1898
f 1548/1962/1904 1547/1956/1898 1554/1954/1896
f 1540/1923/1865 1541/1925/1867 1547/1956/1898
f 1542/1927/1869 1543/1928/1870 1545/1963/1905
f 1545/1963/1905 1543/1928/1870 1544/1930/1872
f 1545/1963/1905 1544/1930/1872 1551/1933/1875
f 1542/1927/1869 1545/1963/1905 1546/1957/1899
f 1546/1957/1899 1545/1963/1905 1552/1964/1906
f 1546/1957/1899 1552/1964/1906 1553/1955/1897
f 1553/1955/1897 1552/1964/1906 1558/1965/1907
f 1553/1955/1897 1558/1965/1907 1559/1953/1895
f 1559/1953/1895 1558/1965/1907 1561/1966/1908
f 1559/1953/1895 1561/1966/1908 1562/1951/1893
f 1562/1951/1893 1561/1966/1908 1565/1941/1883
f 1562/1951/1893 1565/1941/1883 1527/1949/1891
f 1527/1949/1891 1565/1941/1883 1567/1943/1885
f 1552/1964/1906 1545/1963/1905 1551/1933/1875
f 1539/1921/1863 1548/1962/1904 1549/1961/1903
f 1549/1961/1903 1548/1962/1904 1555/1967/1909
f 1549/1961/1903 1555/1967/1909 1528/1959/1901
f 1528/1959/1901 1555/1967/1909 1556/1958/1900
f 1555/1967/1909 1548/1962/1904 1554/1954/1896
f 1558/1965/1907 1552/1964/1906 1557/1935/1877
f 1557/1935/1877 1552/1964/1906 1551/1933/1875
f 1556/1958/1900 1555/1967/1909 1560/1952/1894
f 1560/1952/1894 1555/1967/1909 1554/1954/1896
f 1561/1966/1908 1558/1965/1907 1526/1937/1879
f 1526/1937/1879 1558/1965/1907 1557/1935/1877
f 1565/1941/1883 1561/1966/1908 1564/1939/1881
f 1564/1939/1881 1561/1966/1908 1526/1937/1879
f 1513/1968/1910 1512/1969/1839 1589/1970/1911
f 1589/1970/1911 1512/1969/1839 1574/1971/1912
f 1589/1970/1911 1574/1971/1912 1610/1972/1913
f 1610/1972/1913 1574/1971/1912 1575/1973/1914
f 1610/1972/1913 1575/1973/1914 1611/1974/1915
f 1611/1974/1915 1575/1973/1914 1576/1975/1916
f 1611/1974/1915 1576/1975/1916 1577/1976/1917
f 1611/1974/1915 1577/1976/1917 1618/1977/1918
f 1618/1977/1918 1577/1976/1917 1578/1978/1919
f 1618/1977/1918 1578/1978/1919 1619/1979/1920
f 1619/1979/1920 1578/1978/1919 1623/1980/1921
f 1619/1979/1920 1623/1980/1921 1624/1981/1922
f 1624/1981/1922 1623/1980/1921 1579/1982/1923
f 1624/1981/1922 1579/1982/1923 1628/1983/1924
f 1628/1983/1924 1579/1982/1923 1580/1984/1925
f 1628/1983/1924 1580/1984/1925 1629/1985/1926
f 1629/1985/1926 1580/1984/1925 1631/1986/1927
f 1629/1985/1926 1631/1986/1927 1632/1987/1928
f 1632/1987/1928 1631/1986/1927 1582/1988/1929
f 1632/1987/1928 1582/1988/1929 1583/1989/1930
f 1578/1978/1919 1579/1982/1923 1623/1980/1921
f 1580/1984/1925 1581/1990/1931 1631/1986/1927
f 1631/1986/1927 1581/1990/1931 1582/1988/1929
f 1632/1987/1928 1583/1989/1930 1633/1991/1932
f 1633/1991/1932 1583/1989/1930 1584/1992/1933
f 1633/1991/1932 1584/1992/1933 1585/1993/1934
f 1585/1993/1934 1586/1994/1935 1633/1991/1932
f 1633/1991/1932 1586/1994/1935 1588/1995/1936
f 1633/1991/1932 1588/1995/1936 1630/1996/1937
f 1630/1996/1937 1588/1995/1936 1626/1997/1938
f 1630/1996/1937 1626/1997/1938 1625/1998/1939
f 1625/1998/1939 1626/1997/1938 1621/1999/1940
f 1625/1998/1939 1621/1999/1940 1620/2000/1941
f 1620/2000/1941 1621/1999/1940 1614/2001/1942
f 1620/2000/1941 1614/2001/1942 1613/2002/1943
f 1613/2002/1943 1614/2001/1942 1608/2003/1944
f 1613/2002/1943 1608/2003/1944 1609/2004/1945
f 1609/2004/1945 1608/2003/1944 1634/2005/1946
f 1609/2004/1945 1634/2005/1946 1589/1970/1911
f 1589/1970/1911 1634/2005/1946 1592/2006/1947
f 1589/1970/1911 1592/2006/1947 1513/1968/1910
f 1513/1968/1910 1592/2006/1947 1514/2007/1948
f 1514/2007/1948 1592/2006/1947 1593/2008/1949
f 1514/2007/1948 1593/2008/1949 1603/2009/1950
f 1603/2009/1950 1593/2008/1949 1594/2010/1951
f 1603/2009/1950 1594/2010/1951 1602/2011/1952
f 1602/2011/1952 1594/2010/1951 1595/2012/1953
f 1602/2011/1952 1595/2012/1953 1601/2013/1954
f 1601/2013/1954 1595/2012/1953 1596/2014/1955
f 1601/2013/1954 1596/2014/1955 1600/2015/1956
f 1600/2015/1956 1596/2014/1955 1597/2016/1957
f 1600/2015/1956 1597/2016/1957 1599/2017/1958
f 1599/2017/1958 1597/2016/1957 1598/2018/1959
f 1599/2017/1958 1598/2018/1959 1591/2019/1960
f 1591/2019/1960 1598/2018/1959 1587/2020/1961
f 1591/2019/1960 1587/2020/1961 1524/2021/1962
f 1587/2020/1961 1617/2022/1963 1586/1994/1935
f 1586/1994/1935 1617/2022/1963 1627/2023/1964
f 1586/1994/1935 1627/2023/1964 1588/1995/1936
f 1588/1995/1936 1627/2023/1964 1626/1997/1938
f 1524/2021/1962 1523/2024/1965 1591/2019/1960
f 1591/2019/1960 1523/2024/1965 1522/2025/1966
f 1591/2019/1960 1522/2025/1966 1521/2026/1967
f 1591/2019/1960 1521/2026/1967 1599/2017/1958
f 1599/2017/1958 1521/2026/1967 1520/2027/1968
f 1599/2017/1958 1520/2027/1968 1519/2028/1969
f 1599/2017/1958 1519/2028/1969 1600/2015/1956
f 1600/2015/1956 1519/2028/1969 1518/2029/1970
f 1600/2015/1956 1518/2029/1970 1517/2030/1971
f 1600/2015/1956 1517/2030/1971 1601/2013/1954
f 1601/2013/1954 1517/2030/1971 1516/2031/1972
f 1601/2013/1954 1516/2031/1972 1602/2011/1952
f 1602/2011/1952 1516/2031/1972 1603/2009/1950
f 1516/2031/1972 1515/2032/1973 1603/2009/1950
f 1603/2009/1950 1515/2032/1973 1514/2007/1948
f 1609/2004/1945 1589/1970/1911 1610/1972/1913
f 1590/2033/1974 1587/2020/1961 1604/2034/1975
f 1604/2034/1975 1587/2020/1961 1639/2035/1976
f 1604/2034/1975 1639/2035/1976 1638/2036/1977
f 1638/2036/1977 1639/2035/1976 1597/2016/1957
f 1638/2036/1977 1597/2016/1957 1596/2014/1955
f 1592/2006/1947 1634/2005/1946 1593/2008/1949
f 1593/2008/1949 1634/2005/1946 1635/2037/1978
f 1593/2008/1949 1635/2037/1978 1594/2010/1951
f 1594/2010/1951 1635/2037/1978 1636/2038/1979
f 1594/2010/1951 1636/2038/1979 1595/2012/1953
f 1595/2012/1953 1636/2038/1979 1637/2039/1980
f 1595/2012/1953 1637/2039/1980 1596/2014/1955
f 1596/2014/1955 1637/2039/1980 1638/2036/1977
f 1587/2020/1961 1598/2018/1959 1639/2035/1976
f 1639/2035/1976 1598/2018/1959 1597/2016/1957
f 1604/2034/1975 1605/2040/1981 1590/2033/1974
f 1590/2033/1974 1605/2040/1981 1616/2041/1982
f 1590/2033/1974 1616/2041/1982 1617/2022/1963
f 1617/2022/1963 1616/2041/1982 1622/2042/1983
f 1617/2022/1963 1622/2042/1983 1627/2023/1964
f 1627/2023/1964 1622/2042/1983 1626/1997/1938
f 1587/2020/1961 1590/2033/1974 1617/2022/1963
f 1605/2040/1981 1606/2043/1984 1616/2041/1982
f 1616/2041/1982 1606/2043/1984 1615/2044/1985
f 1616/2041/1982 1615/2044/1985 1622/2042/1983
f 1622/2042/1983 1615/2044/1985 1621/1999/1940
f 1622/2042/1983 1621/1999/1940 1626/1997/1938
f 1604/2034/1975 1638/2036/1977 1605/2040/1981
f 1605/2040/1981 1638/2036/1977 1637/2039/1980
f 1605/2040/1981 1637/2039/1980 1606/2043/1984
f 1606/2043/1984 1637/2039/1980 1636/2038/1979
f 1606/2043/1984 1636/2038/1979 1607/2045/1986
f 1607/2045/1986 1636/2038/1979 1635/2037/1978
f 1607/2045/1986 1635/2037/1978 1608/2003/1944
f 1608/2003/1944 1635/2037/1978 1634/2005/1946
f 1606/2043/1984 1607/2045/1986 1615/2044/1985
f 1615/2044/1985 1607/2045/1986 1614/2001/1942
f 1615/2044/1985 1614/2001/1942 1621/1999/1940
f 1607/2045/1986 1608/2003/1944 1614/2001/1942
f 1609/2004/1945 1610/1972/1913 1612/2046/1987
f 1612/2046/1987 1610/1972/1913 1611/1974/1915
f 1612/2046/1987 1611/1974/1915 1618/1977/1918
f 1609/2004/1945 1612/2046/1987 1613/2002/1943
f 1613/2002/1943 1612/2046/1987 1619/1979/1920
f 1613/2002/1943 1619/1979/1920 1620/2000/1941
f 1620/2000/1941 1619/1979/1920 1624/1981/1922
f 1620/2000/1941 1624/1981/1922 1625/1998/1939
f 1625/1998/1939 1624/1981/1922 1629/1985/1926
f 1625/1998/1939 1629/1985/1926 1630/1996/1937
f 1630/1996/1937 1629/1985/1926 1632/1987/1928
f 1630/1996/1937 1632/1987/1928 1633/1991/1932
f 1619/1979/1920 1612/2046/1987 1618/1977/1918
f 1628/1983/1924 1629/1985/1926 1624/1981/1922
f 1640/2047/1988 1652/2048/1989 1574/2049/1912
f 1574/2049/1912 1652/2048/1989 1682/2050/1990
f 1574/2049/1912 1682/2050/1990 1656/2051/1991
f 1656/2051/1991 1682/2050/1990 1683/2052/1992
f 1656/2051/1991 1683/2052/1992 1657/2053/1993
f 1657/2053/1993 1683/2052/1992 1684/2054/1994
f 1657/2053/1993 1684/2054/1994 1658/2055/1995
f 1658/2055/1995 1684/2054/1994 1685/2056/1996
f 1658/2055/1995 1685/2056/1996 1659/2057/1997
f 1659/2057/1997 1685/2056/1996 1686/2058/1998
f 1659/2057/1997 1686/2058/1998 1660/2059/1999
f 1660/2059/1999 1686/2058/1998 1687/2060/2000
f 1660/2059/1999 1687/2060/2000 1661/2061/2001
f 1661/2061/2001 1687/2060/2000 1688/2062/2002
f 1661/2061/2001 1688/2062/2002 1662/2063/2003
f 1662/2063/2003 1688/2062/2002 1650/2064/2004
f 1662/2063/2003 1650/2064/2004 1655/2065/2005
f 1655/2065/2005 1650/2064/2004 1586/2066/2006
f 1655/2065/2005 1586/2066/2006 1585/2067/2007
f 1641/2068/2008 1651/2069/2009 1640/2047/1988
f 1640/2047/1988 1651/2069/2009 1702/2070/2010
f 1640/2047/1988 1702/2070/2010 1695/2071/2011
f 1695/2071/2011 1702/2070/2010 1701/2072/2012
f 1695/2071/2011 1701/2072/2012 1707/2073/2013
f 1707/2073/2013 1701/2072/2012 1700/2074/2014
f 1707/2073/2013 1700/2074/2014 1706/2075/2015
f 1706/2075/2015 1700/2074/2014 1699/2076/2016
f 1706/2075/2015 1699/2076/2016 1705/2077/2017
f 1705/2077/2017 1699/2076/2016 1698/2078/2018
f 1705/2077/2017 1698/2078/2018 1704/2079/2019
f 1704/2079/2019 1698/2078/2018 1697/2080/2020
f 1704/2079/2019 1697/2080/2020 1703/2081/2021
f 1703/2081/2021 1697/2080/2020 1696/2082/2022
f 1703/2081/2021 1696/2082/2022 1654/2083/2023
f 1654/2083/2023 1696/2082/2022 1650/2064/2004
f 1654/2083/2023 1650/2064/2004 1708/2084/2024
f 1708/2084/2024 1650/2064/2004 1688/2062/2002
f 1708/2084/2024 1688/2062/2002 1687/2060/2000
f 1642/2085/2025 1681/2086/2026 1641/2068/2008
f 1641/2068/2008 1681/2086/2026 1674/2087/2027
f 1641/2068/2008 1674/2087/2027 1651/2069/2009
f 1651/2069/2009 1674/2087/2027 1673/2088/2028
f 1651/2069/2009 1673/2088/2028 1694/2089/2029
f 1694/2089/2029 1673/2088/2028 1672/2090/2030
f 1694/2089/2029 1672/2090/2030 1693/2091/2031
f 1693/2091/2031 1672/2090/2030 1671/2092/2032
f 1693/2091/2031 1671/2092/2032 1692/2093/2033
f 1692/2093/2033 1671/2092/2032 1670/2094/2034
f 1692/2093/2033 1670/2094/2034 1691/2095/2035
f 1691/2095/2035 1670/2094/2034 1669/2096/2036
f 1691/2095/2035 1669/2096/2036 1690/2097/2037
f 1690/2097/2037 1669/2096/2036 1653/2098/2038
f 1690/2097/2037 1653/2098/2038 1689/2099/2039
f 1689/2099/2039 1653/2098/2038 1649/2100/2040
f 1689/2099/2039 1649/2100/2040 1696/2082/2022
f 1696/2082/2022 1649/2100/2040 1650/2064/2004
f 1643/2101/2041 1675/2102/2042 1642/2085/2025
f 1642/2085/2025 1675/2102/2042 1674/2087/2027
f 1642/2085/2025 1674/2087/2027 1681/2086/2026
f 1675/2102/2042 1643/2101/2041 1676/2103/2043
f 1676/2103/2043 1643/2101/2041 1644/2104/2044
f 1676/2103/2043 1644/2104/2044 1677/2105/2045
f 1677/2105/2045 1644/2104/2044 1645/2106/2046
f 1677/2105/2045 1645/2106/2046 1646/2107/2047
f 1677/2105/2045 1646/2107/2047 1678/2108/2048
f 1678/2108/2048 1646/2107/2047 1647/2109/2049
f 1678/2108/2048 1647/2109/2049 1679/2110/2050
f 1679/2110/2050 1647/2109/2049 1648/2111/2051
f 1679/2110/2050 1648/2111/2051 1680/2112/2052
f 1680/2112/2052 1648/2111/2051 1649/2100/2040
f 1680/2112/2052 1649/2100/2040 1653/2098/2038
f 1585/2067/2007 1584/2113/2053 1655/2065/2005
f 1655/2065/2005 1584/2113/2053 1583/2114/2054
f 1655/2065/2005 1583/2114/2054 1663/2115/2055
f 1663/2115/2055 1583/2114/2054 1582/2116/2056
f 1663/2115/2055 1582/2116/2056 1581/2117/2057
f 1663/2115/2055 1581/2117/2057 1664/2118/2058
f 1664/2118/2058 1581/2117/2057 1580/2119/2059
f 1664/2118/2058 1580/2119/2059 1579/2120/2060
f 1664/2118/2058 1579/2120/2060 1665/2121/2061
f 1665/2121/2061 1579/2120/2060 1578/2122/2062
f 1665/2121/2061 1578/2122/2062 1666/2123/2063
f 1666/2123/2063 1578/2122/2062 1577/2124/2064
f 1666/2123/2063 1577/2124/2064 1667/2125/2065
f 1667/2125/2065 1577/2124/2064 1576/2126/2066
f 1667/2125/2065 1576/2126/2066 1668/2127/2067
f 1668/2127/2067 1576/2126/2066 1575/2128/2068
f 1668/2127/2067 1575/2128/2068 1656/2051/1991
f 1656/2051/1991 1575/2128/2068 1574/2049/1912
f 1640/2047/1988 1695/2071/2011 1652/2048/1989
f 1652/2048/1989 1695/2071/2011 1707/2073/2013
f 1652/2048/1989 1707/2073/2013 1713/2129/2069
f 1713/2129/2069 1707/2073/2013 1706/2075/2015
f 1713/2129/2069 1706/2075/2015 1712/2130/2070
f 1712/2130/2070 1706/2075/2015 1705/2077/2017
f 1712/2130/2070 1705/2077/2017 1711/2131/2071
f 1711/2131/2071 1705/2077/2017 1704/2079/2019
f 1711/2131/2071 1704/2079/2019 1710/2132/2072
f 1710/2132/2072 1704/2079/2019 1703/2081/2021
f 1710/2132/2072 1703/2081/2021 1709/2133/2073
f 1709/2133/2073 1703/2081/2021 1654/2083/2023
f 1709/2133/2073 1654/2083/2023 1708/2084/2024
f 1667/2125/2065 1668/2127/2067 1657/2053/1993
f 1657/2053/1993 1668/2127/2067 1656/2051/1991
f 1666/2123/2063 1667/2125/2065 1658/2055/1995
f 1658/2055/1995 1667/2125/2065 1657/2053/1993
f 1665/2121/2061 1666/2123/2063 1659/2057/1997
f 1659/2057/1997 1666/2123/2063 1658/2055/1995
f 1664/2118/2058 1665/2121/2061 1660/2059/1999
f 1660/2059/1999 1665/2121/2061 1659/2057/1997
f 1663/2115/2055 1664/2118/2058 1661/2061/2001
f 1661/2061/2001 1664/2118/2058 1660/2059/1999
f 1655/2065/2005 1663/2115/2055 1662/2063/2003
f 1662/2063/2003 1663/2115/2055 1661/2061/2001
f 1679/2110/2050 1680/2112/2052 1669/2096/2036
f 1669/2096/2036 1680/2112/2052 1653/2098/2038
f 1678/2108/2048 1679/2110/2050 1670/2094/2034
f 1670/2094/2034 1679/2110/2050 1669/2096/2036
f 1677/2105/2045 1678/2108/2048 1671/2092/2032
f 1671/2092/2032 1678/2108/2048 1670/2094/2034
f 1676/2103/2043 1677/2105/2045 1672/2090/2030
f 1672/2090/2030 1677/2105/2045 1671/2092/2032
f 1675/2102/2042 1676/2103/2043 1673/2088/2028
f 1673/2088/2028 1676/2103/2043 1672/2090/2030
f 1673/2088/2028 1674/2087/2027 1675/2102/2042
f 1652/2048/1989 1713/2129/2069 1682/2050/1990
f 1682/2050/1990 1713/2129/2069 1683/2052/1992
f 1713/2129/2069 1712/2130/2070 1683/2052/1992
f 1683/2052/1992 1712/2130/2070 1684/2054/1994
f 1712/2130/2070 1711/2131/2071 1684/2054/1994
f 1684/2054/1994 1711/2131/2071 1685/2056/1996
f 1711/2131/2071 1710/2132/2072 1685/2056/1996
f 1685/2056/1996 1710/2132/2072 1686/2058/1998
f 1710/2132/2072 1709/2133/2073 1686/2058/1998
f 1686/2058/1998 1709/2133/2073 1687/2060/2000
f 1709/2133/2073 1708/2084/2024 1687/2060/2000
f 1696/2082/2022 1697/2080/2020 1689/2099/2039
f 1689/2099/2039 1697/2080/2020 1690/2097/2037
f 1697/2080/2020 1698/2078/2018 1690/2097/2037
f 1690/2097/2037 1698/2078/2018 1691/2095/2035
f 1698/2078/2018 1699/2076/2016 1691/2095/2035
f 1691/2095/2035 1699/2076/2016 1692/2093/2033
f 1699/2076/2016 1700/2074/2014 1692/2093/2033
f 1692/2093/2033 1700/2074/2014 1693/2091/2031
f 1702/2070/2010 1651/2069/2009 1694/2089/2029
f 1700/2074/2014 1701/2072/2012 1693/2091/2031
f 1693/2091/2031 1701/2072/2012 1694/2089/2029
f 1701/2072/2012 1702/2070/2010 1694/2089/2029
f 1641/2134/2074 1640/2135/1988 1731/2136/2075
f 1731/2136/2075 1640/2135/1988 1714/2137/2076
f 1731/2136/2075 1714/2137/2076 1729/2138/2077
f 1729/2138/2077 1714/2137/2076 1750/2139/2078
f 1729/2138/2077 1750/2139/2078 1749/2140/2079
f 1749/2140/2079 1750/2139/2078 1738/2141/2080
f 1749/2140/2079 1738/2141/2080 1739/2142/2081
f 1739/2142/2081 1738/2141/2080 1806/2143/2082
f 1739/2142/2081 1806/2143/2082 1805/2144/2083
f 1805/2144/2083 1806/2143/2082 1800/2145/2084
f 1805/2144/2083 1800/2145/2084 1799/2146/2085
f 1799/2146/2085 1800/2145/2084 1793/2147/2086
f 1799/2146/2085 1793/2147/2086 1792/2148/2087
f 1792/2148/2087 1793/2147/2086 1785/2149/2088
f 1792/2148/2087 1785/2149/2088 1727/2150/2089
f 1727/2150/2089 1785/2149/2088 1778/2151/2090
f 1727/2150/2089 1778/2151/2090 1723/2152/2091
f 1723/2152/2091 1778/2151/2090 1771/2153/2092
f 1723/2152/2091 1771/2153/2092 1764/2154/2093
f 1764/2154/2093 1771/2153/2092 1772/2155/2094
f 1764/2154/2093 1772/2155/2094 1765/2156/2095
f 1765/2156/2095 1772/2155/2094 1773/2157/2096
f 1765/2156/2095 1773/2157/2096 1766/2158/2097
f 1766/2158/2097 1773/2157/2096 1774/2159/2098
f 1766/2158/2097 1774/2159/2098 1767/2160/2099
f 1767/2160/2099 1774/2159/2098 1775/2161/2100
f 1767/2160/2099 1775/2161/2100 1768/2162/2101
f 1768/2162/2101 1775/2161/2100 1776/2163/2102
f 1768/2162/2101 1776/2163/2102 1769/2164/2103
f 1769/2164/2103 1776/2163/2102 1777/2165/2104
f 1769/2164/2103 1777/2165/2104 1725/2166/2105
f 1725/2166/2105 1777/2165/2104 1715/2167/2106
f 1725/2166/2105 1715/2167/2106 1757/2168/2107
f 1757/2168/2107 1715/2167/2106 1716/2169/2108
f 1757/2168/2107 1716/2169/2108 1717/2170/2109
f 1715/2167/2106 1784/2171/2110 1714/2137/2076
f 1714/2137/2076 1784/2171/2110 1808/2172/2111
f 1714/2137/2076 1808/2172/2111 1737/2173/2112
f 1737/2173/2112 1808/2172/2111 1807/2174/2113
f 1737/2173/2112 1807/2174/2113 1738/2141/2080
f 1738/2141/2080 1807/2174/2113 1806/2143/2082
f 1757/2168/2107 1717/2170/2109 1756/2175/2114
f 1756/2175/2114 1717/2170/2109 1718/2176/2115
f 1756/2175/2114 1718/2176/2115 1755/2177/2116
f 1755/2177/2116 1718/2176/2115 1719/2178/2117
f 1755/2177/2116 1719/2178/2117 1754/2179/2118
f 1754/2179/2118 1719/2178/2117 1720/2180/2119
f 1754/2179/2118 1720/2180/2119 1753/2181/2120
f 1753/2181/2120 1720/2180/2119 1721/2182/2121
f 1753/2181/2120 1721/2182/2121 1752/2183/2122
f 1752/2183/2122 1721/2182/2121 1722/2184/2123
f 1752/2183/2122 1722/2184/2123 1751/2185/2124
f 1751/2185/2124 1722/2184/2123 1723/2152/2091
f 1751/2185/2124 1723/2152/2091 1764/2154/2093
f 1724/2186/2125 1797/2187/2126 1723/2152/2091
f 1723/2152/2091 1797/2187/2126 1791/2188/2127
f 1723/2152/2091 1791/2188/2127 1727/2150/2089
f 1727/2150/2089 1791/2188/2127 1792/2148/2087
f 1649/2189/2128 1730/2190/2129 1724/2186/2125
f 1724/2186/2125 1730/2190/2129 1758/2191/2130
f 1724/2186/2125 1758/2191/2130 1744/2192/2131
f 1744/2192/2131 1758/2191/2130 1759/2193/2132
f 1744/2192/2131 1759/2193/2132 1745/2194/2133
f 1745/2194/2133 1759/2193/2132 1760/2195/2134
f 1745/2194/2133 1760/2195/2134 1746/2196/2135
f 1746/2196/2135 1760/2195/2134 1761/2197/2136
f 1746/2196/2135 1761/2197/2136 1747/2198/2137
f 1747/2198/2137 1761/2197/2136 1762/2199/2138
f 1747/2198/2137 1762/2199/2138 1748/2200/2139
f 1748/2200/2139 1762/2199/2138 1763/2201/2140
f 1748/2200/2139 1763/2201/2140 1749/2140/2079
f 1749/2140/2079 1763/2201/2140 1729/2138/2077
f 1649/2189/2128 1648/2202/2141 1730/2190/2129
f 1730/2190/2129 1648/2202/2141 1736/2203/2142
f 1730/2190/2129 1736/2203/2142 1758/2191/2130
f 1758/2191/2130 1736/2203/2142 1759/2193/2132
f 1648/2202/2141 1647/2204/2143 1736/2203/2142
f 1736/2203/2142 1647/2204/2143 1735/2205/2144
f 1736/2203/2142 1735/2205/2144 1759/2193/2132
f 1759/2193/2132 1735/2205/2144 1760/2195/2134
f 1647/2204/2143 1646/2206/2145 1735/2205/2144
f 1735/2205/2144 1646/2206/2145 1645/2207/2146
f 1735/2205/2144 1645/2207/2146 1734/2208/2147
f 1734/2208/2147 1645/2207/2146 1644/2209/2148
f 1734/2208/2147 1644/2209/2148 1733/2210/2149
f 1733/2210/2149 1644/2209/2148 1643/2211/2150
f 1733/2210/2149 1643/2211/2150 1732/2212/2151
f 1732/2212/2151 1643/2211/2150 1642/2213/2152
f 1732/2212/2151 1642/2213/2152 1731/2136/2075
f 1731/2136/2075 1642/2213/2152 1641/2134/2074
f 1715/2167/2106 1770/2214/2153 1790/2215/2154
f 1790/2215/2154 1770/2214/2153 1783/2216/2155
f 1790/2215/2154 1783/2216/2155 1789/2217/2156
f 1789/2217/2156 1783/2216/2155 1782/2218/2157
f 1789/2217/2156 1782/2218/2157 1788/2219/2158
f 1788/2219/2158 1782/2218/2157 1781/2220/2159
f 1788/2219/2158 1781/2220/2159 1787/2221/2160
f 1787/2221/2160 1781/2220/2159 1780/2222/2161
f 1787/2221/2160 1780/2222/2161 1786/2223/2162
f 1786/2223/2162 1780/2222/2161 1779/2224/2163
f 1786/2223/2162 1779/2224/2163 1785/2149/2088
f 1785/2149/2088 1779/2224/2163 1778/2151/2090
f 1715/2167/2106 1790/2215/2154 1726/2225/2164
f 1726/2225/2164 1790/2215/2154 1789/2217/2156
f 1726/2225/2164 1789/2217/2156 1796/2226/2165
f 1796/2226/2165 1789/2217/2156 1788/2219/2158
f 1796/2226/2165 1788/2219/2158 1795/2227/2166
f 1795/2227/2166 1788/2219/2158 1787/2221/2160
f 1795/2227/2166 1787/2221/2160 1794/2228/2167
f 1794/2228/2167 1787/2221/2160 1786/2223/2162
f 1794/2228/2167 1786/2223/2162 1793/2147/2086
f 1793/2147/2086 1786/2223/2162 1785/2149/2088
f 1728/2229/2168 1724/2186/2125 1743/2230/2169
f 1743/2230/2169 1724/2186/2125 1744/2192/2131
f 1743/2230/2169 1744/2192/2131 1745/2194/2133
f 1729/2138/2077 1763/2201/2140 1731/2136/2075
f 1731/2136/2075 1763/2201/2140 1732/2212/2151
f 1763/2201/2140 1762/2199/2138 1732/2212/2151
f 1732/2212/2151 1762/2199/2138 1733/2210/2149
f 1760/2195/2134 1735/2205/2144 1734/2208/2147
f 1762/2199/2138 1761/2197/2136 1733/2210/2149
f 1733/2210/2149 1761/2197/2136 1734/2208/2147
f 1761/2197/2136 1760/2195/2134 1734/2208/2147
f 1714/2137/2076 1737/2173/2112 1750/2139/2078
f 1750/2139/2078 1737/2173/2112 1738/2141/2080
f 1748/2200/2139 1749/2140/2079 1739/2142/2081
f 1747/2198/2137 1748/2200/2139 1740/2231/2170
f 1740/2231/2170 1748/2200/2139 1739/2142/2081
f 1740/2231/2170 1739/2142/2081 1805/2144/2083
f 1746/2196/2135 1747/2198/2137 1741/2232/2171
f 1741/2232/2171 1747/2198/2137 1740/2231/2170
f 1741/2232/2171 1740/2231/2170 1804/2233/2172
f 1804/2233/2172 1740/2231/2170 1805/2144/2083
f 1804/2233/2172 1805/2144/2083 1799/2146/2085
f 1745/2194/2133 1746/2196/2135 1742/2234/2173
f 1742/2234/2173 1746/2196/2135 1741/2232/2171
f 1742/2234/2173 1741/2232/2171 1803/2235/2174
f 1803/2235/2174 1741/2232/2171 1804/2233/2172
f 1803/2235/2174 1804/2233/2172 1798/2236/2175
f 1798/2236/2175 1804/2233/2172 1799/2146/2085
f 1798/2236/2175 1799/2146/2085 1792/2148/2087
f 1728/2229/2168 1743/2230/2169 1742/2234/2173
f 1742/2234/2173 1743/2230/2169 1745/2194/2133
f 1728/2229/2168 1742/2234/2173 1803/2235/2174
f 1724/2186/2125 1728/2229/2168 1797/2187/2126
f 1797/2187/2126 1728/2229/2168 1803/2235/2174
f 1797/2187/2126 1803/2235/2174 1798/2236/2175
f 1764/2154/2093 1765/2156/2095 1751/2185/2124
f 1751/2185/2124 1765/2156/2095 1752/2183/2122
f 1765/2156/2095 1766/2158/2097 1752/2183/2122
f 1752/2183/2122 1766/2158/2097 1753/2181/2120
f 1766/2158/2097 1767/2160/2099 1753/2181/2120
f 1753/2181/2120 1767/2160/2099 1754/2179/2118
f 1767/2160/2099 1768/2162/2101 1754/2179/2118
f 1754/2179/2118 1768/2162/2101 1755/2177/2116
f 1725/2166/2105 1757/2168/2107 1756/2175/2114
f 1768/2162/2101 1769/2164/2103 1755/2177/2116
f 1755/2177/2116 1769/2164/2103 1756/2175/2114
f 1770/2214/2153 1715/2167/2106 1777/2165/2104
f 1769/2164/2103 1725/2166/2105 1756/2175/2114
f 1778/2151/2090 1779/2224/2163 1771/2153/2092
f 1771/2153/2092 1779/2224/2163 1772/2155/2094
f 1779/2224/2163 1780/2222/2161 1772/2155/2094
f 1772/2155/2094 1780/2222/2161 1773/2157/2096
f 1780/2222/2161 1781/2220/2159 1773/2157/2096
f 1773/2157/2096 1781/2220/2159 1774/2159/2098
f 1781/2220/2159 1782/2218/2157 1774/2159/2098
f 1774/2159/2098 1782/2218/2157 1775/2161/2100
f 1770/2214/2153 1777/2165/2104 1776/2163/2102
f 1782/2218/2157 1783/2216/2155 1775/2161/2100
f 1775/2161/2100 1783/2216/2155 1776/2163/2102
f 1715/2167/2106 1726/2225/2164 1784/2171/2110
f 1784/2171/2110 1726/2225/2164 1796/2226/2165
f 1784/2171/2110 1796/2226/2165 1802/2237/2176
f 1802/2237/2176 1796/2226/2165 1795/2227/2166
f 1802/2237/2176 1795/2227/2166 1801/2238/2177
f 1801/2238/2177 1795/2227/2166 1794/2228/2167
f 1801/2238/2177 1794/2228/2167 1800/2145/2084
f 1800/2145/2084 1794/2228/2167 1793/2147/2086
f 1783/2216/2155 1770/2214/2153 1776/2163/2102
f 1798/2236/2175 1792/2148/2087 1791/2188/2127
f 1797/2187/2126 1798/2236/2175 1791/2188/2127
f 1800/2145/2084 1806/2143/2082 1801/2238/2177
f 1801/2238/2177 1806/2143/2082 1807/2174/2113
f 1801/2238/2177 1807/2174/2113 1802/2237/2176
f 1802/2237/2176 1807/2174/2113 1808/2172/2111
f 1802/2237/2176 1808/2172/2111 1784/2171/2110
f 1715/2239/2106 1809/2240/2178 1824/2241/2179
f 1824/2241/2179 1809/2240/2178 1810/2242/2180
f 1824/2241/2179 1810/2242/2180 1811/2243/2181
f 1824/2241/2179 1811/2243/2181 1823/2244/2182
f 1823/2244/2182 1811/2243/2181 1812/2245/2183
f 1823/2244/2182 1812/2245/2183 1822/2246/2184
f 1822/2246/2184 1812/2245/2183 1813/2247/2185
f 1822/2246/2184 1813/2247/2185 1821/2248/2186
f 1821/2248/2186 1813/2247/2185 1814/2249/2187
f 1821/2248/2186 1814/2249/2187 1820/2250/2188
f 1820/2250/2188 1814/2249/2187 1815/2251/2189
f 1820/2250/2188 1815/2251/2189 1819/2252/2190
f 1819/2252/2190 1815/2251/2189 1816/2253/2191
f 1819/2252/2190 1816/2253/2191 1818/2254/2192
f 1818/2254/2192 1816/2253/2191 1817/2255/2193
f 1818/2254/2192 1817/2255/2193 1723/2256/2091
f 1723/2256/2091 1722/2257/2123 1818/2254/2192
f 1818/2254/2192 1722/2257/2123 1819/2252/2190
f 1722/2257/2123 1721/2258/2121 1819/2252/2190
f 1819/2252/2190 1721/2258/2121 1820/2250/2188
f 1721/2258/2121 1720/2259/2119 1820/2250/2188
f 1820/2250/2188 1720/2259/2119 1821/2248/2186
f 1720/2259/2119 1719/2260/2117 1821/2248/2186
f 1821/2248/2186 1719/2260/2117 1822/2246/2184
f 1719/2260/2117 1718/2261/2115 1822/2246/2184
f 1822/2246/2184 1718/2261/2115 1823/2244/2182
f 1718/2261/2115 1717/2262/2109 1823/2244/2182
f 1823/2244/2182 1717/2262/2109 1824/2241/2179
f 1717/2262/2109 1716/2263/2108 1824/2241/2179
f 1824/2241/2179 1716/2263/2108 1715/2239/2106
f 1826/2264/2194 1837/2265/2195 1825/2266/2196
f 1825/2266/2196 1837/2265/2195 1838/2267/2197
f 1825/2266/2196 1838/2267/2197 1835/2268/2198
f 1835/2268/2198 1838/2267/2197 1839/2269/2199
f 1835/2268/2198 1839/2269/2199 1834/2270/2200
f 1834/2270/2200 1839/2269/2199 1840/2271/2201
f 1834/2270/2200 1840/2271/2201 1833/2272/2202
f 1833/2272/2202 1840/2271/2201 1831/2273/2203
f 1833/2272/2202 1831/2273/2203 1832/2274/2204
f 1827/2275/2205 1855/2276/2206 1826/2264/2194
f 1826/2264/2194 1855/2276/2206 1841/2277/2207
f 1826/2264/2194 1841/2277/2207 1837/2265/2195
f 1837/2265/2195 1841/2277/2207 1842/2278/2208
f 1837/2265/2195 1842/2278/2208 1838/2267/2197
f 1838/2267/2197 1842/2278/2208 1843/2279/2209
f 1838/2267/2197 1843/2279/2209 1839/2269/2199
f 1839/2269/2199 1843/2279/2209 1844/2280/2210
f 1839/2269/2199 1844/2280/2210 1840/2271/2201
f 1840/2271/2201 1844/2280/2210 1831/2273/2203
f 1828/2281/2211 1845/2282/2212 1827/2275/2205
f 1827/2275/2205 1845/2282/2212 1846/2283/2213
f 1827/2275/2205 1846/2283/2213 1855/2276/2206
f 1855/2276/2206 1846/2283/2213 1847/2284/2214
f 1855/2276/2206 1847/2284/2214 1848/2285/2215
f 1848/2285/2215 1847/2284/2214 1814/2286/2216
f 1848/2285/2215 1814/2286/2216 1813/2287/2217
f 1845/2282/2212 1828/2281/2211 1815/2288/2218
f 1815/2288/2218 1828/2281/2211 1829/2289/2219
f 1815/2288/2218 1829/2289/2219 1816/2290/2220
f 1816/2290/2220 1829/2289/2219 1830/2291/2221
f 1816/2290/2220 1830/2291/2221 1817/2292/2193
f 1845/2282/2212 1815/2288/2218 1846/2283/2213
f 1846/2283/2213 1815/2288/2218 1814/2286/2216
f 1846/2283/2213 1814/2286/2216 1847/2284/2214
f 1848/2285/2215 1813/2287/2217 1849/2293/2222
f 1849/2293/2222 1813/2287/2217 1812/2294/2223
f 1849/2293/2222 1812/2294/2223 1850/2295/2224
f 1850/2295/2224 1812/2294/2223 1811/2296/2225
f 1850/2295/2224 1811/2296/2225 1836/2297/2226
f 1836/2297/2226 1811/2296/2225 1810/2298/2227
f 1836/2297/2226 1810/2298/2227 1809/2299/2228
f 1809/2299/2228 1831/2273/2203 1836/2297/2226
f 1836/2297/2226 1831/2273/2203 1851/2300/2229
f 1836/2297/2226 1851/2300/2229 1852/2301/2230
f 1852/2301/2230 1851/2300/2229 1843/2279/2209
f 1852/2301/2230 1843/2279/2209 1842/2278/2208
f 1843/2279/2209 1851/2300/2229 1844/2280/2210
f 1844/2280/2210 1851/2300/2229 1831/2273/2203
f 1842/2278/2208 1841/2277/2207 1853/2302/2231
f 1853/2302/2231 1841/2277/2207 1854/2303/2232
f 1853/2302/2231 1854/2303/2232 1849/2293/2222
f 1849/2293/2222 1854/2303/2232 1848/2285/2215
f 1855/2276/2206 1848/2285/2215 1854/2303/2232
f 1849/2293/2222 1850/2295/2224 1853/2302/2231
f 1853/2302/2231 1850/2295/2224 1852/2301/2230
f 1853/2302/2231 1852/2301/2230 1842/2278/2208
f 1850/2295/2224 1836/2297/2226 1852/2301/2230
f 1841/2277/2207 1855/2276/2206 1854/2303/2232
f 1856/2304/2233 1857/2305/2234 1865/2306/2235
f 1865/2306/2235 1857/2305/2234 1858/2307/2236
f 1865/2306/2235 1858/2307/2236 1866/2308/2237
f 1866/2308/2237 1858/2307/2236 1859/2309/2238
f 1866/2308/2237 1859/2309/2238 1869/2310/2239
f 1869/2310/2239 1859/2309/2238 1868/2311/2240
f 1869/2310/2239 1868/2311/2240 1864/2312/2241
f 1864/2312/2241 1868/2311/2240 1863/2313/2242
f 1863/2313/2242 1868/2311/2240 1873/2314/2243
f 1863/2313/2242 1873/2314/2243 1862/2315/2244
f 1862/2315/2244 1873/2314/2243 1872/2316/2245
f 1862/2315/2244 1872/2316/2245 1861/2317/2246
f 1861/2317/2246 1872/2316/2245 1833/2318/2247
f 1861/2317/2246 1833/2318/2247 1832/2319/2204
f 1868/2311/2240 1859/2309/2238 1867/2320/2248
f 1867/2320/2248 1859/2309/2238 1860/2321/2249
f 1867/2320/2248 1860/2321/2249 1874/2322/2250
f 1874/2322/2250 1860/2321/2249 1871/2323/2251
f 1874/2322/2250 1871/2323/2251 1872/2316/2245
f 1872/2316/2245 1871/2323/2251 1833/2318/2247
f 1871/2323/2251 1860/2321/2249 1870/2324/2252
f 1870/2324/2252 1860/2321/2249 1825/2325/2253
f 1870/2324/2252 1825/2325/2253 1835/2326/2254
f 1835/2326/2254 1834/2327/2255 1870/2324/2252
f 1870/2324/2252 1834/2327/2255 1871/2323/2251
f 1834/2327/2255 1833/2318/2247 1871/2323/2251
f 1869/2310/2239 1864/2312/2241 1866/2308/2237
f 1866/2308/2237 1864/2312/2241 1865/2306/2235
f 1873/2314/2243 1868/2311/2240 1867/2320/2248
f 1867/2320/2248 1874/2322/2250 1873/2314/2243
f 1873/2314/2243 1874/2322/2250 1872/2316/2245
f 1865/2328/2256 1901/2329/2257 1856/2330/2233
f 1856/2330/2233 1901/2329/2257 1902/2331/2258
f 1856/2330/2233 1902/2331/2258 1894/2332/2259
f 1894/2332/2259 1902/2331/2258 1903/2333/2260
f 1894/2332/2259 1903/2333/2260 1893/2334/2261
f 1893/2334/2261 1903/2333/2260 1892/2335/2262
f 1892/2335/2262 1903/2333/2260 1904/2336/2263
f 1892/2335/2262 1904/2336/2263 1891/2337/2264
f 1891/2337/2264 1904/2336/2263 1905/2338/2265
f 1891/2337/2264 1905/2338/2265 1890/2339/2266
f 1890/2339/2266 1905/2338/2265 1929/2340/2267
f 1890/2339/2266 1929/2340/2267 1889/2341/2268
f 1889/2341/2268 1929/2340/2267 1930/2342/2269
f 1889/2341/2268 1930/2342/2269 1888/2343/2270
f 1888/2343/2270 1930/2342/2269 1887/2344/2271
f 1887/2344/2271 1930/2342/2269 1898/2345/2272
f 1887/2344/2271 1898/2345/2272 1886/2346/2273
f 1886/2346/2273 1898/2345/2272 1939/2347/2274
f 1886/2346/2273 1939/2347/2274 1956/2348/2275
f 1956/2348/2275 1939/2347/2274 1946/2349/2276
f 1956/2348/2275 1946/2349/2276 1954/2350/2277
f 1954/2350/2277 1946/2349/2276 1945/2351/2278
f 1954/2350/2277 1945/2351/2278 1953/2352/2279
f 1953/2352/2279 1945/2351/2278 1944/2353/2280
f 1953/2352/2279 1944/2353/2280 1952/2354/2281
f 1952/2354/2281 1944/2353/2280 1943/2355/2282
f 1952/2354/2281 1943/2355/2282 1951/2356/2283
f 1951/2356/2283 1943/2355/2282 1942/2357/2284
f 1951/2356/2283 1942/2357/2284 1950/2358/2285
f 1950/2358/2285 1942/2357/2284 1941/2359/2286
f 1950/2358/2285 1941/2359/2286 1949/2360/2287
f 1949/2360/2287 1941/2359/2286 1940/2361/2288
f 1949/2360/2287 1940/2361/2288 1948/2362/2289
f 1948/2362/2289 1940/2361/2288 1895/2363/2290
f 1948/2362/2289 1895/2363/2290 1947/2364/2291
f 1947/2364/2291 1895/2363/2290 1875/2365/2292
f 1947/2364/2291 1875/2365/2292 1957/2366/2293
f 1957/2366/2293 1875/2365/2292 1876/2367/2294
f 1957/2366/2293 1876/2367/2294 1915/2368/2295
f 1915/2368/2295 1876/2367/2294 1916/2369/2296
f 1915/2368/2295 1916/2369/2296 1914/2370/2297
f 1914/2370/2297 1916/2369/2296 1878/2371/2298
f 1914/2370/2297 1878/2371/2298 1918/2372/2299
f 1918/2372/2299 1878/2371/2298 1879/2373/2300
f 1918/2372/2299 1879/2373/2300 1880/2374/2301
f 1901/2329/2257 1865/2328/2256 1900/2375/2302
f 1900/2375/2302 1865/2328/2256 1864/2376/2303
f 1900/2375/2302 1864/2376/2303 1899/2377/2304
f 1899/2377/2304 1864/2376/2303 1863/2378/2305
f 1899/2377/2304 1863/2378/2305 1896/2379/2306
f 1896/2379/2306 1863/2378/2305 1862/2380/2307
f 1896/2379/2306 1862/2380/2307 1861/2381/2308
f 1832/2382/2204 1875/2365/2292 1861/2381/2308
f 1861/2381/2308 1875/2365/2292 1896/2379/2306
f 1876/2367/2294 1877/2383/2309 1916/2369/2296
f 1916/2369/2296 1877/2383/2309 1917/2384/2310
f 1916/2369/2296 1917/2384/2310 1878/2371/2298
f 1878/2371/2298 1917/2384/2310 1877/2383/2309
f 1881/2385/2311 1919/2386/2312 1880/2374/2301
f 1880/2374/2301 1919/2386/2312 1913/2387/2313
f 1880/2374/2301 1913/2387/2313 1914/2370/2297
f 1914/2370/2297 1913/2387/2313 1965/2388/2314
f 1914/2370/2297 1965/2388/2314 1915/2368/2295
f 1915/2368/2295 1965/2388/2314 1957/2366/2293
f 1882/2389/2315 1912/2390/2316 1881/2385/2311
f 1881/2385/2311 1912/2390/2316 1973/2391/2317
f 1881/2385/2311 1973/2391/2317 1913/2387/2313
f 1913/2387/2313 1973/2391/2317 1966/2392/2318
f 1913/2387/2313 1966/2392/2318 1965/2388/2314
f 1965/2388/2314 1966/2392/2318 1958/2393/2319
f 1965/2388/2314 1958/2393/2319 1957/2366/2293
f 1957/2366/2293 1958/2393/2319 1947/2364/2291
f 1883/2394/2320 1920/2395/2321 1882/2389/2315
f 1882/2389/2315 1920/2395/2321 1909/2396/2322
f 1882/2389/2315 1909/2396/2322 1911/2397/2323
f 1911/2397/2323 1909/2396/2322 1968/2398/2324
f 1911/2397/2323 1968/2398/2324 1967/2399/2325
f 1967/2399/2325 1968/2398/2324 1960/2400/2326
f 1967/2399/2325 1960/2400/2326 1959/2401/2327
f 1959/2401/2327 1960/2400/2326 1949/2360/2287
f 1959/2401/2327 1949/2360/2287 1948/2362/2289
f 1884/2402/2328 1906/2403/2329 1883/2394/2320
f 1883/2394/2320 1906/2403/2329 1908/2404/2330
f 1883/2394/2320 1908/2404/2330 1974/2405/2331
f 1974/2405/2331 1908/2404/2330 1906/2403/2329
f 1974/2405/2331 1906/2403/2329 1907/2406/2332
f 1907/2406/2332 1906/2403/2329 1884/2402/2328
f 1907/2406/2332 1884/2402/2328 1971/2407/2333
f 1971/2407/2333 1884/2402/2328 1972/2408/2334
f 1971/2407/2333 1972/2408/2334 1964/2409/2335
f 1964/2409/2335 1972/2408/2334 1897/2410/2336
f 1964/2409/2335 1897/2410/2336 1954/2350/2277
f 1954/2350/2277 1897/2410/2336 1956/2348/2275
f 1885/2411/2337 1921/2412/2338 1884/2402/2328
f 1884/2402/2328 1921/2412/2338 1955/2413/2339
f 1884/2402/2328 1955/2413/2339 1972/2408/2334
f 1972/2408/2334 1955/2413/2339 1886/2346/2273
f 1972/2408/2334 1886/2346/2273 1897/2410/2336
f 1897/2410/2336 1886/2346/2273 1956/2348/2275
f 1921/2412/2338 1885/2411/2337 1955/2413/2339
f 1955/2413/2339 1885/2411/2337 1886/2346/2273
f 1875/2365/2292 1922/2414/2340 1896/2379/2306
f 1896/2379/2306 1922/2414/2340 1923/2415/2341
f 1896/2379/2306 1923/2415/2341 1899/2377/2304
f 1899/2377/2304 1923/2415/2341 1924/2416/2342
f 1899/2377/2304 1924/2416/2342 1900/2375/2302
f 1900/2375/2302 1924/2416/2342 1925/2417/2343
f 1900/2375/2302 1925/2417/2343 1901/2329/2257
f 1901/2329/2257 1925/2417/2343 1926/2418/2344
f 1901/2329/2257 1926/2418/2344 1902/2331/2258
f 1902/2331/2258 1926/2418/2344 1927/2419/2345
f 1902/2331/2258 1927/2419/2345 1903/2333/2260
f 1903/2333/2260 1927/2419/2345 1928/2420/2346
f 1903/2333/2260 1928/2420/2346 1904/2336/2263
f 1904/2336/2263 1928/2420/2346 1929/2340/2267
f 1904/2336/2263 1929/2340/2267 1905/2338/2265
f 1920/2395/2321 1883/2394/2320 1909/2396/2322
f 1909/2396/2322 1883/2394/2320 1974/2405/2331
f 1909/2396/2322 1974/2405/2331 1969/2421/2347
f 1969/2421/2347 1974/2405/2331 1970/2422/2348
f 1969/2421/2347 1970/2422/2348 1962/2423/2349
f 1962/2423/2349 1970/2422/2348 1963/2424/2350
f 1962/2423/2349 1963/2424/2350 1952/2354/2281
f 1952/2354/2281 1963/2424/2350 1953/2352/2279
f 1882/2389/2315 1911/2397/2323 1910/2425/2351
f 1910/2425/2351 1911/2397/2323 1973/2391/2317
f 1910/2425/2351 1973/2391/2317 1912/2390/2316
f 1910/2425/2351 1912/2390/2316 1882/2389/2315
f 1881/2385/2311 1913/2387/2313 1919/2386/2312
f 1880/2374/2301 1914/2370/2297 1918/2372/2299
f 1923/2415/2341 1922/2414/2340 1932/2426/2352
f 1932/2426/2352 1922/2414/2340 1931/2427/2353
f 1932/2426/2352 1931/2427/2353 1940/2361/2288
f 1940/2361/2288 1931/2427/2353 1895/2363/2290
f 1924/2416/2342 1923/2415/2341 1933/2428/2354
f 1933/2428/2354 1923/2415/2341 1932/2426/2352
f 1933/2428/2354 1932/2426/2352 1941/2359/2286
f 1941/2359/2286 1932/2426/2352 1940/2361/2288
f 1925/2417/2343 1924/2416/2342 1934/2429/2355
f 1934/2429/2355 1924/2416/2342 1933/2428/2354
f 1934/2429/2355 1933/2428/2354 1942/2357/2284
f 1942/2357/2284 1933/2428/2354 1941/2359/2286
f 1926/2418/2344 1925/2417/2343 1935/2430/2356
f 1935/2430/2356 1925/2417/2343 1934/2429/2355
f 1935/2430/2356 1934/2429/2355 1943/2355/2282
f 1943/2355/2282 1934/2429/2355 1942/2357/2284
f 1927/2419/2345 1926/2418/2344 1936/2431/2357
f 1936/2431/2357 1926/2418/2344 1935/2430/2356
f 1936/2431/2357 1935/2430/2356 1944/2353/2280
f 1944/2353/2280 1935/2430/2356 1943/2355/2282
f 1928/2420/2346 1927/2419/2345 1937/2432/2358
f 1937/2432/2358 1927/2419/2345 1936/2431/2357
f 1937/2432/2358 1936/2431/2357 1945/2351/2278
f 1945/2351/2278 1936/2431/2357 1944/2353/2280
f 1898/2345/2272 1930/2342/2269 1929/2340/2267
f 1929/2340/2267 1928/2420/2346 1938/2433/2359
f 1938/2433/2359 1928/2420/2346 1937/2432/2358
f 1938/2433/2359 1937/2432/2358 1946/2349/2276
f 1946/2349/2276 1937/2432/2358 1945/2351/2278
f 1931/2427/2353 1922/2414/2340 1875/2365/2292
f 1939/2347/2274 1898/2345/2272 1938/2433/2359
f 1938/2433/2359 1898/2345/2272 1929/2340/2267
f 1939/2347/2274 1938/2433/2359 1946/2349/2276
f 1895/2363/2290 1931/2427/2353 1875/2365/2292
f 1959/2401/2327 1948/2362/2289 1958/2393/2319
f 1958/2393/2319 1948/2362/2289 1947/2364/2291
f 1949/2360/2287 1960/2400/2326 1950/2358/2285
f 1950/2358/2285 1960/2400/2326 1961/2434/2360
f 1950/2358/2285 1961/2434/2360 1951/2356/2283
f 1951/2356/2283 1961/2434/2360 1962/2423/2349
f 1951/2356/2283 1962/2423/2349 1952/2354/2281
f 1964/2409/2335 1954/2350/2277 1953/2352/2279
f 1964/2409/2335 1953/2352/2279 1963/2424/2350
f 1967/2399/2325 1959/2401/2327 1966/2392/2318
f 1966/2392/2318 1959/2401/2327 1958/2393/2319
f 1969/2421/2347 1962/2423/2349 1961/2434/2360
f 1969/2421/2347 1961/2434/2360 1968/2398/2324
f 1968/2398/2324 1961/2434/2360 1960/2400/2326
f 1971/2407/2333 1964/2409/2335 1963/2424/2350
f 1971/2407/2333 1963/2424/2350 1970/2422/2348
f 1911/2397/2323 1967/2399/2325 1973/2391/2317
f 1973/2391/2317 1967/2399/2325 1966/2392/2318
f 1909/2396/2322 1969/2421/2347 1968/2398/2324
f 1907/2406/2332 1971/2407/2333 1970/2422/2348
f 1907/2406/2332 1970/2422/2348 1974/2405/2331
f 96/2435/2361 1975/2436/2362 97/2437/2363
f 97/2437/2363 1975/2436/2362 1976/2438/2364
f 97/2437/2363 1976/2438/2364 1262/2439/1579
f 1262/2439/1579 1976/2438/2364 1875/2440/2292
f 1262/2439/1579 1875/2440/2292 1330/2441/1635
f 1330/2441/1635 1875/2440/2292 1331/2442/1683
f 1331/2442/1683 1875/2440/2292 1715/2443/2106
f 1331/2442/1683 1715/2443/2106 1714/2444/2076
f 1832/2445/2204 1831/2446/2203 1875/2440/2292
f 1875/2440/2292 1831/2446/2203 1809/2447/2228
f 1875/2440/2292 1809/2447/2228 1715/2443/2106
f 1331/2442/1683 1714/2444/2076 1416/2448/1732
f 1416/2448/1732 1714/2444/2076 1640/2449/1988
f 1416/2448/1732 1640/2449/1988 1417/2450/1805
f 1417/2450/1805 1640/2449/1988 1574/2451/1912
f 1417/2450/1805 1574/2451/1912 1512/2452/1839
f 1330/2441/1635 1263/2453/1578 1262/2439/1579
f 1977/2454/2365 2024/2455/2366 164/2456/2367
f 164/2456/2367 2024/2455/2366 2019/2457/2368
f 164/2456/2367 2019/2457/2368 165/2458/2369
f 165/2458/2369 2019/2457/2368 2022/2459/2370
f 165/2458/2369 2022/2459/2370 2023/2460/2371
f 2023/2460/2371 2022/2459/2370 2029/2461/2372
f 2023/2460/2371 2029/2461/2372 166/2462/2373
f 166/2462/2373 2029/2461/2372 2031/2463/2374
f 166/2462/2373 2031/2463/2374 2030/2464/2375
f 2030/2464/2375 2031/2463/2374 2044/2465/2376
f 2030/2464/2375 2044/2465/2376 2032/2466/2377
f 2032/2466/2377 2044/2465/2376 2045/2467/2378
f 2032/2466/2377 2045/2467/2378 2033/2468/2379
f 2033/2468/2379 2045/2467/2378 2046/2469/2380
f 2033/2468/2379 2046/2469/2380 2013/2470/2381
f 2013/2470/2381 2046/2469/2380 2000/2471/2382
f 2013/2470/2381 2000/2471/2382 2001/2472/2383
f 1978/2473/2384 2020/2474/2385 1977/2454/2365
f 1977/2454/2365 2020/2474/2385 2021/2475/2386
f 1977/2454/2365 2021/2475/2386 2024/2455/2366
f 2024/2455/2366 2021/2475/2386 2019/2457/2368
f 2020/2474/2385 1978/2473/2384 2025/2476/2387
f 2025/2476/2387 1978/2473/2384 1979/2477/2388
f 2025/2476/2387 1979/2477/2388 2038/2478/2389
f 2038/2478/2389 1979/2477/2388 1980/2479/2390
f 2038/2478/2389 1980/2479/2390 1981/2480/2391
f 2038/2478/2389 1981/2480/2391 2047/2481/2392
f 2047/2481/2392 1981/2480/2391 1982/2482/2393
f 2047/2481/2392 1982/2482/2393 2056/2483/2394
f 2056/2483/2394 1982/2482/2393 1983/2484/2395
f 2056/2483/2394 1983/2484/2395 2066/2485/2396
f 2066/2485/2396 1983/2484/2395 1984/2486/2397
f 2066/2485/2396 1984/2486/2397 2076/2487/2398
f 2076/2487/2398 1984/2486/2397 1985/2488/2399
f 2076/2487/2398 1985/2488/2399 2017/2489/2400
f 2017/2489/2400 1985/2488/2399 1986/2490/2401
f 2017/2489/2400 1986/2490/2401 2018/2491/2402
f 2018/2491/2402 1986/2490/2401 1987/2492/2403
f 2018/2491/2402 1987/2492/2403 2094/2493/2404
f 2094/2493/2404 1987/2492/2403 2112/2494/2405
f 2094/2493/2404 2112/2494/2405 2095/2495/2406
f 2095/2495/2406 2112/2494/2405 2113/2496/2407
f 2095/2495/2406 2113/2496/2407 2096/2497/2408
f 2096/2497/2408 2113/2496/2407 2114/2498/2409
f 2096/2497/2408 2114/2498/2409 2097/2499/2410
f 2097/2499/2410 2114/2498/2409 2115/2500/2411
f 2097/2499/2410 2115/2500/2411 2098/2501/2412
f 2098/2501/2412 2115/2500/2411 2116/2502/2413
f 2098/2501/2412 2116/2502/2413 2099/2503/2414
f 2099/2503/2414 2116/2502/2413 2117/2504/2415
f 2099/2503/2414 2117/2504/2415 2100/2505/2416
f 2100/2505/2416 2117/2504/2415 2118/2506/2417
f 2100/2505/2416 2118/2506/2417 2101/2507/2418
f 2101/2507/2418 2118/2506/2417 2119/2508/2419
f 2101/2507/2418 2119/2508/2419 2102/2509/2420
f 2102/2509/2420 2119/2508/2419 2120/2510/2421
f 2102/2509/2420 2120/2510/2421 2016/2511/2422
f 2016/2511/2422 2120/2510/2421 2121/2512/2423
f 2016/2511/2422 2121/2512/2423 1997/2513/2424
f 1997/2513/2424 2121/2512/2423 1996/2514/2425
f 1996/2514/2425 2121/2512/2423 1995/2515/2426
f 1995/2515/2426 2121/2512/2423 1994/2516/2427
f 1994/2516/2427 2121/2512/2423 2120/2510/2421
f 1994/2516/2427 2120/2510/2421 1993/2517/2428
f 1993/2517/2428 2120/2510/2421 2119/2508/2419
f 1993/2517/2428 2119/2508/2419 1992/2518/2429
f 1992/2518/2429 2119/2508/2419 2118/2506/2417
f 1992/2518/2429 2118/2506/2417 1991/2519/2430
f 1991/2519/2430 2118/2506/2417 2117/2504/2415
f 1991/2519/2430 2117/2504/2415 2116/2502/2413
f 1987/2492/2403 1988/2520/2431 2112/2494/2405
f 2112/2494/2405 1988/2520/2431 1989/2521/2432
f 2112/2494/2405 1989/2521/2432 2113/2496/2407
f 2113/2496/2407 1989/2521/2432 2114/2498/2409
f 1989/2521/2432 1990/2522/2433 2114/2498/2409
f 2114/2498/2409 1990/2522/2433 2115/2500/2411
f 2115/2500/2411 1990/2522/2433 2116/2502/2413
f 2116/2502/2413 1990/2522/2433 1991/2519/2430
f 1997/2513/2424 1998/2523/2434 2016/2511/2422
f 2016/2511/2422 1998/2523/2434 2103/2524/2435
f 2016/2511/2422 2103/2524/2435 2102/2509/2420
f 2102/2509/2420 2103/2524/2435 2104/2525/2436
f 2102/2509/2420 2104/2525/2436 2101/2507/2418
f 2101/2507/2418 2104/2525/2436 2105/2526/2437
f 2101/2507/2418 2105/2526/2437 2100/2505/2416
f 2100/2505/2416 2105/2526/2437 2106/2527/2438
f 2100/2505/2416 2106/2527/2438 2099/2503/2414
f 2099/2503/2414 2106/2527/2438 2107/2528/2439
f 2099/2503/2414 2107/2528/2439 2098/2501/2412
f 2098/2501/2412 2107/2528/2439 2108/2529/2440
f 2098/2501/2412 2108/2529/2440 2097/2499/2410
f 2097/2499/2410 2108/2529/2440 2109/2530/2441
f 2097/2499/2410 2109/2530/2441 2096/2497/2408
f 2096/2497/2408 2109/2530/2441 2110/2531/2442
f 2096/2497/2408 2110/2531/2442 2095/2495/2406
f 2095/2495/2406 2110/2531/2442 2111/2532/2443
f 2095/2495/2406 2111/2532/2443 2094/2493/2404
f 2094/2493/2404 2111/2532/2443 2018/2491/2402
f 2103/2524/2435 1998/2523/2434 2093/2533/2444
f 2093/2533/2444 1998/2523/2434 1999/2534/2445
f 2093/2533/2444 1999/2534/2445 2015/2535/2446
f 2015/2535/2446 1999/2534/2445 2075/2536/2447
f 2015/2535/2446 2075/2536/2447 2074/2537/2448
f 2074/2537/2448 2075/2536/2447 2064/2538/2449
f 2074/2537/2448 2064/2538/2449 2063/2539/2450
f 2063/2539/2450 2064/2538/2449 2054/2540/2451
f 2063/2539/2450 2054/2540/2451 2053/2541/2452
f 2053/2541/2452 2054/2540/2451 2031/2463/2374
f 2053/2541/2452 2031/2463/2374 2043/2542/2453
f 2043/2542/2453 2031/2463/2374 2029/2461/2372
f 2043/2542/2453 2029/2461/2372 2028/2543/2454
f 2028/2543/2454 2029/2461/2372 2022/2459/2370
f 2028/2543/2454 2022/2459/2370 2019/2457/2368
f 2075/2536/2447 1999/2534/2445 2065/2544/2455
f 2065/2544/2455 1999/2534/2445 2000/2471/2382
f 2065/2544/2455 2000/2471/2382 2014/2545/2456
f 2014/2545/2456 2000/2471/2382 2046/2469/2380
f 2014/2545/2456 2046/2469/2380 2045/2467/2378
f 2002/2546/2457 2012/2547/2458 2001/2472/2383
f 2001/2472/2383 2012/2547/2458 2126/2548/2459
f 2001/2472/2383 2126/2548/2459 2034/2549/2460
f 2034/2549/2460 2126/2548/2459 2125/2550/2461
f 2034/2549/2460 2125/2550/2461 2035/2551/2462
f 2035/2551/2462 2125/2550/2461 2124/2552/2463
f 2035/2551/2462 2124/2552/2463 2036/2553/2464
f 2036/2553/2464 2124/2552/2463 2009/2554/2465
f 2036/2553/2464 2009/2554/2465 2037/2555/2466
f 2037/2555/2466 2009/2554/2465 166/2462/2373
f 2037/2555/2466 166/2462/2373 2030/2464/2375
f 2003/2556/2467 2010/2557/2468 2002/2546/2457
f 2002/2546/2457 2010/2557/2468 2128/2558/2469
f 2002/2546/2457 2128/2558/2469 2012/2547/2458
f 2012/2547/2458 2128/2558/2469 2127/2559/2470
f 2012/2547/2458 2127/2559/2470 2122/2560/2471
f 2122/2560/2471 2127/2559/2470 2123/2561/2472
f 2122/2560/2471 2123/2561/2472 2125/2550/2461
f 2125/2550/2461 2123/2561/2472 2124/2552/2463
f 2004/2562/2473 2130/2563/2474 2003/2556/2467
f 2003/2556/2467 2130/2563/2474 2129/2564/2475
f 2003/2556/2467 2129/2564/2475 2010/2557/2468
f 2010/2557/2468 2129/2564/2475 2011/2565/2476
f 2010/2557/2468 2011/2565/2476 2128/2558/2469
f 2128/2558/2469 2011/2565/2476 2127/2559/2470
f 2005/2566/2477 2006/2567/2478 2004/2562/2473
f 2004/2562/2473 2006/2567/2478 2007/2568/2479
f 2004/2562/2473 2007/2568/2479 2130/2563/2474
f 2130/2563/2474 2007/2568/2479 2129/2564/2475
f 2129/2564/2475 2007/2568/2479 2011/2565/2476
f 2011/2565/2476 2007/2568/2479 2008/2569/2480
f 2011/2565/2476 2008/2569/2480 2127/2559/2470
f 2127/2559/2470 2008/2569/2480 2123/2561/2472
f 2008/2569/2480 2009/2554/2465 2123/2561/2472
f 2123/2561/2472 2009/2554/2465 2124/2552/2463
f 166/2462/2373 165/2458/2369 2023/2460/2371
f 2013/2470/2381 2001/2472/2383 2034/2549/2460
f 2021/2475/2386 2020/2474/2385 2026/2570/2481
f 2026/2570/2481 2020/2474/2385 2025/2476/2387
f 2026/2570/2481 2025/2476/2387 2040/2571/2482
f 2040/2571/2482 2025/2476/2387 2039/2572/2483
f 2040/2571/2482 2039/2572/2483 2049/2573/2484
f 2049/2573/2484 2039/2572/2483 2048/2574/2485
f 2049/2573/2484 2048/2574/2485 2058/2575/2486
f 2058/2575/2486 2048/2574/2485 2057/2576/2487
f 2058/2575/2486 2057/2576/2487 2068/2577/2488
f 2068/2577/2488 2057/2576/2487 2067/2578/2489
f 2068/2577/2488 2067/2578/2489 2078/2579/2490
f 2078/2579/2490 2067/2578/2489 2077/2580/2491
f 2078/2579/2490 2077/2580/2491 2086/2581/2492
f 2086/2581/2492 2077/2580/2491 2085/2582/2493
f 2086/2581/2492 2085/2582/2493 2110/2531/2442
f 2110/2531/2442 2085/2582/2493 2111/2532/2443
f 2019/2457/2368 2021/2475/2386 2027/2583/2494
f 2027/2583/2494 2021/2475/2386 2026/2570/2481
f 2027/2583/2494 2026/2570/2481 2041/2584/2495
f 2041/2584/2495 2026/2570/2481 2040/2571/2482
f 2041/2584/2495 2040/2571/2482 2050/2585/2496
f 2050/2585/2496 2040/2571/2482 2049/2573/2484
f 2050/2585/2496 2049/2573/2484 2059/2586/2497
f 2059/2586/2497 2049/2573/2484 2058/2575/2486
f 2059/2586/2497 2058/2575/2486 2069/2587/2498
f 2069/2587/2498 2058/2575/2486 2068/2577/2488
f 2069/2587/2498 2068/2577/2488 2079/2588/2499
f 2079/2588/2499 2068/2577/2488 2078/2579/2490
f 2079/2588/2499 2078/2579/2490 2087/2589/2500
f 2087/2589/2500 2078/2579/2490 2086/2581/2492
f 2087/2589/2500 2086/2581/2492 2109/2530/2441
f 2109/2530/2441 2086/2581/2492 2110/2531/2442
f 2019/2457/2368 2027/2583/2494 2028/2543/2454
f 2028/2543/2454 2027/2583/2494 2042/2590/2501
f 2028/2543/2454 2042/2590/2501 2043/2542/2453
f 2043/2542/2453 2042/2590/2501 2052/2591/2502
f 2043/2542/2453 2052/2591/2502 2053/2541/2452
f 2053/2541/2452 2052/2591/2502 2062/2592/2503
f 2053/2541/2452 2062/2592/2503 2063/2539/2450
f 2063/2539/2450 2062/2592/2503 2073/2593/2504
f 2063/2539/2450 2073/2593/2504 2074/2537/2448
f 2074/2537/2448 2073/2593/2504 2084/2594/2505
f 2074/2537/2448 2084/2594/2505 2015/2535/2446
f 2015/2535/2446 2084/2594/2505 2093/2533/2444
f 2042/2590/2501 2027/2583/2494 2041/2584/2495
f 2036/2553/2464 2037/2555/2466 2032/2466/2377
f 2032/2466/2377 2037/2555/2466 2030/2464/2375
f 2035/2551/2462 2036/2553/2464 2033/2468/2379
f 2033/2468/2379 2036/2553/2464 2032/2466/2377
f 2034/2549/2460 2035/2551/2462 2013/2470/2381
f 2013/2470/2381 2035/2551/2462 2033/2468/2379
f 2048/2574/2485 2039/2572/2483 2038/2478/2389
f 2038/2478/2389 2039/2572/2483 2025/2476/2387
f 2042/2590/2501 2041/2584/2495 2051/2595/2506
f 2051/2595/2506 2041/2584/2495 2050/2585/2496
f 2051/2595/2506 2050/2585/2496 2060/2596/2507
f 2060/2596/2507 2050/2585/2496 2059/2586/2497
f 2060/2596/2507 2059/2586/2497 2070/2597/2508
f 2070/2597/2508 2059/2586/2497 2069/2587/2498
f 2070/2597/2508 2069/2587/2498 2080/2598/2509
f 2080/2598/2509 2069/2587/2498 2079/2588/2499
f 2080/2598/2509 2079/2588/2499 2088/2599/2510
f 2088/2599/2510 2079/2588/2499 2087/2589/2500
f 2088/2599/2510 2087/2589/2500 2108/2529/2440
f 2108/2529/2440 2087/2589/2500 2109/2530/2441
f 2031/2463/2374 2054/2540/2451 2044/2465/2376
f 2044/2465/2376 2054/2540/2451 2055/2600/2511
f 2044/2465/2376 2055/2600/2511 2045/2467/2378
f 2045/2467/2378 2055/2600/2511 2014/2545/2456
f 2057/2576/2487 2048/2574/2485 2047/2481/2392
f 2047/2481/2392 2048/2574/2485 2038/2478/2389
f 2042/2590/2501 2051/2595/2506 2052/2591/2502
f 2052/2591/2502 2051/2595/2506 2061/2601/2512
f 2052/2591/2502 2061/2601/2512 2062/2592/2503
f 2062/2592/2503 2061/2601/2512 2072/2602/2513
f 2062/2592/2503 2072/2602/2513 2073/2593/2504
f 2073/2593/2504 2072/2602/2513 2083/2603/2514
f 2073/2593/2504 2083/2603/2514 2084/2594/2505
f 2084/2594/2505 2083/2603/2514 2092/2604/2515
f 2084/2594/2505 2092/2604/2515 2093/2533/2444
f 2093/2533/2444 2092/2604/2515 2103/2524/2435
f 2061/2601/2512 2051/2595/2506 2060/2596/2507
f 2065/2544/2455 2014/2545/2456 2055/2600/2511
f 2065/2544/2455 2055/2600/2511 2064/2538/2449
f 2064/2538/2449 2055/2600/2511 2054/2540/2451
f 2067/2578/2489 2057/2576/2487 2056/2483/2394
f 2056/2483/2394 2057/2576/2487 2047/2481/2392
f 2061/2601/2512 2060/2596/2507 2071/2605/2516
f 2071/2605/2516 2060/2596/2507 2070/2597/2508
f 2071/2605/2516 2070/2597/2508 2081/2606/2517
f 2081/2606/2517 2070/2597/2508 2080/2598/2509
f 2081/2606/2517 2080/2598/2509 2089/2607/2518
f 2089/2607/2518 2080/2598/2509 2088/2599/2510
f 2089/2607/2518 2088/2599/2510 2107/2528/2439
f 2107/2528/2439 2088/2599/2510 2108/2529/2440
f 2075/2536/2447 2065/2544/2455 2064/2538/2449
f 2077/2580/2491 2067/2578/2489 2066/2485/2396
f 2066/2485/2396 2067/2578/2489 2056/2483/2394
f 2061/2601/2512 2071/2605/2516 2072/2602/2513
f 2072/2602/2513 2071/2605/2516 2082/2608/2519
f 2072/2602/2513 2082/2608/2519 2083/2603/2514
f 2083/2603/2514 2082/2608/2519 2091/2609/2520
f 2083/2603/2514 2091/2609/2520 2092/2604/2515
f 2092/2604/2515 2091/2609/2520 2104/2525/2436
f 2092/2604/2515 2104/2525/2436 2103/2524/2435
f 2082/2608/2519 2071/2605/2516 2081/2606/2517
f 2085/2582/2493 2077/2580/2491 2076/2487/2398
f 2076/2487/2398 2077/2580/2491 2066/2485/2396
f 2082/2608/2519 2081/2606/2517 2090/2610/2521
f 2090/2610/2521 2081/2606/2517 2089/2607/2518
f 2090/2610/2521 2089/2607/2518 2106/2527/2438
f 2106/2527/2438 2089/2607/2518 2107/2528/2439
f 2111/2532/2443 2085/2582/2493 2017/2489/2400
f 2017/2489/2400 2085/2582/2493 2076/2487/2398
f 2018/2491/2402 2111/2532/2443 2017/2489/2400
f 2082/2608/2519 2090/2610/2521 2091/2609/2520
f 2091/2609/2520 2090/2610/2521 2105/2526/2437
f 2091/2609/2520 2105/2526/2437 2104/2525/2436
f 2105/2526/2437 2090/2610/2521 2106/2527/2438
f 2125/2550/2461 2126/2548/2459 2122/2560/2471
f 2122/2560/2471 2126/2548/2459 2012/2547/2458
f 2131/2611/2522 2132/2612/2523 2163/2613/2524
f 2163/2613/2524 2132/2612/2523 2225/2614/2525
f 2163/2613/2524 2225/2614/2525 2166/2615/2526
f 2166/2615/2526 2225/2614/2525 2281/2616/2527
f 2166/2615/2526 2281/2616/2527 2247/2617/2528
f 2247/2617/2528 2281/2616/2527 2280/2618/2529
f 2247/2617/2528 2280/2618/2529 2248/2619/2530
f 2248/2619/2530 2280/2618/2529 2279/2620/2531
f 2248/2619/2530 2279/2620/2531 2249/2621/2532
f 2249/2621/2532 2279/2620/2531 2278/2622/2533
f 2249/2621/2532 2278/2622/2533 2250/2623/2534
f 2250/2623/2534 2278/2622/2533 2277/2624/2535
f 2250/2623/2534 2277/2624/2535 2251/2625/2536
f 2251/2625/2536 2277/2624/2535 2276/2626/2537
f 2251/2625/2536 2276/2626/2537 2252/2627/2538
f 2252/2627/2538 2276/2626/2537 2275/2628/2539
f 2252/2627/2538 2275/2628/2539 2253/2629/2540
f 2253/2629/2540 2275/2628/2539 2274/2630/2541
f 2253/2629/2540 2274/2630/2541 2254/2631/2542
f 2254/2631/2542 2274/2630/2541 2273/2632/2543
f 2254/2631/2542 2273/2632/2543 2255/2633/2544
f 2255/2633/2544 2273/2632/2543 2164/2634/2545
f 2255/2633/2544 2164/2634/2545 2256/2635/2546
f 2256/2635/2546 2164/2634/2545 2149/2636/2547
f 2256/2635/2546 2149/2636/2547 2236/2637/2548
f 2236/2637/2548 2149/2636/2547 2152/2638/2549
f 2236/2637/2548 2152/2638/2549 2153/2639/2550
f 2133/2640/2551 2169/2641/2552 2132/2612/2523
f 2132/2612/2523 2169/2641/2552 2176/2642/2553
f 2132/2612/2523 2176/2642/2553 2195/2643/2554
f 2195/2643/2554 2176/2642/2553 2177/2644/2555
f 2195/2643/2554 2177/2644/2555 2194/2645/2556
f 2194/2645/2556 2177/2644/2555 2178/2646/2557
f 2194/2645/2556 2178/2646/2557 2193/2647/2558
f 2193/2647/2558 2178/2646/2557 2179/2648/2559
f 2193/2647/2558 2179/2648/2559 2192/2649/2560
f 2192/2649/2560 2179/2648/2559 2180/2650/2561
f 2192/2649/2560 2180/2650/2561 2191/2651/2562
f 2191/2651/2562 2180/2650/2561 2181/2652/2563
f 2191/2651/2562 2181/2652/2563 2190/2653/2564
f 2190/2653/2564 2181/2652/2563 2182/2654/2565
f 2190/2653/2564 2182/2654/2565 2189/2655/2566
f 2189/2655/2566 2182/2654/2565 2183/2656/2567
f 2189/2655/2566 2183/2656/2567 2188/2657/2568
f 2188/2657/2568 2183/2656/2567 2184/2658/2569
f 2188/2657/2568 2184/2658/2569 2187/2659/2570
f 2187/2659/2570 2184/2658/2569 2185/2660/2571
f 2187/2659/2570 2185/2660/2571 2186/2661/2572
f 2186/2661/2572 2185/2660/2571 2146/2662/2573
f 2186/2661/2572 2146/2662/2573 2147/2663/2574
f 2133/2640/2551 2134/2664/2575 2169/2641/2552
f 2169/2641/2552 2134/2664/2575 2135/2665/2576
f 2169/2641/2552 2135/2665/2576 2136/2666/2577
f 2169/2641/2552 2136/2666/2577 2203/2667/2578
f 2203/2667/2578 2136/2666/2577 2137/2668/2579
f 2203/2667/2578 2137/2668/2579 2202/2669/2580
f 2202/2669/2580 2137/2668/2579 2138/2670/2581
f 2202/2669/2580 2138/2670/2581 2201/2671/2582
f 2201/2671/2582 2138/2670/2581 2200/2672/2583
f 2201/2671/2582 2200/2672/2583 2179/2648/2559
f 2179/2648/2559 2200/2672/2583 2180/2650/2561
f 2138/2670/2581 2139/2673/2584 2200/2672/2583
f 2200/2672/2583 2139/2673/2584 2199/2674/2585
f 2200/2672/2583 2199/2674/2585 2180/2650/2561
f 2180/2650/2561 2199/2674/2585 2181/2652/2563
f 2139/2673/2584 2140/2675/2586 2199/2674/2585
f 2199/2674/2585 2140/2675/2586 2198/2676/2587
f 2199/2674/2585 2198/2676/2587 2181/2652/2563
f 2181/2652/2563 2198/2676/2587 2182/2654/2565
f 2198/2676/2587 2140/2675/2586 2197/2677/2588
f 2197/2677/2588 2140/2675/2586 2141/2678/2589
f 2197/2677/2588 2141/2678/2589 2196/2679/2590
f 2196/2679/2590 2141/2678/2589 2145/2680/2591
f 2196/2679/2590 2145/2680/2591 2185/2660/2571
f 2185/2660/2571 2145/2680/2591 2146/2662/2573
f 2141/2678/2589 2142/2681/2592 2145/2680/2591
f 2145/2680/2591 2142/2681/2592 2144/2682/2593
f 2144/2682/2593 2142/2681/2592 2143/2683/2594
f 2148/2684/2595 2167/2685/2596 2147/2663/2574
f 2147/2663/2574 2167/2685/2596 2204/2686/2597
f 2147/2663/2574 2204/2686/2597 2186/2661/2572
f 2186/2661/2572 2204/2686/2597 2205/2687/2598
f 2186/2661/2572 2205/2687/2598 2187/2659/2570
f 2187/2659/2570 2205/2687/2598 2206/2688/2599
f 2187/2659/2570 2206/2688/2599 2188/2657/2568
f 2188/2657/2568 2206/2688/2599 2207/2689/2600
f 2188/2657/2568 2207/2689/2600 2189/2655/2566
f 2189/2655/2566 2207/2689/2600 2208/2690/2601
f 2189/2655/2566 2208/2690/2601 2190/2653/2564
f 2190/2653/2564 2208/2690/2601 2209/2691/2602
f 2190/2653/2564 2209/2691/2602 2191/2651/2562
f 2191/2651/2562 2209/2691/2602 2210/2692/2603
f 2191/2651/2562 2210/2692/2603 2192/2649/2560
f 2192/2649/2560 2210/2692/2603 2211/2693/2604
f 2192/2649/2560 2211/2693/2604 2193/2647/2558
f 2193/2647/2558 2211/2693/2604 2212/2694/2605
f 2193/2647/2558 2212/2694/2605 2194/2645/2556
f 2194/2645/2556 2212/2694/2605 2213/2695/2606
f 2194/2645/2556 2213/2695/2606 2195/2643/2554
f 2195/2643/2554 2213/2695/2606 2132/2612/2523
f 2149/2636/2547 2214/2696/2607 2148/2684/2595
f 2148/2684/2595 2214/2696/2607 2235/2697/2608
f 2148/2684/2595 2235/2697/2608 2167/2685/2596
f 2167/2685/2596 2235/2697/2608 2234/2698/2609
f 2167/2685/2596 2234/2698/2609 2204/2686/2597
f 2204/2686/2597 2234/2698/2609 2233/2699/2610
f 2204/2686/2597 2233/2699/2610 2205/2687/2598
f 2205/2687/2598 2233/2699/2610 2232/2700/2611
f 2205/2687/2598 2232/2700/2611 2206/2688/2599
f 2206/2688/2599 2232/2700/2611 2231/2701/2612
f 2206/2688/2599 2231/2701/2612 2207/2689/2600
f 2207/2689/2600 2231/2701/2612 2230/2702/2613
f 2207/2689/2600 2230/2702/2613 2208/2690/2601
f 2208/2690/2601 2230/2702/2613 2229/2703/2614
f 2208/2690/2601 2229/2703/2614 2209/2691/2602
f 2209/2691/2602 2229/2703/2614 2228/2704/2615
f 2209/2691/2602 2228/2704/2615 2210/2692/2603
f 2210/2692/2603 2228/2704/2615 2227/2705/2616
f 2210/2692/2603 2227/2705/2616 2211/2693/2604
f 2211/2693/2604 2227/2705/2616 2226/2706/2617
f 2211/2693/2604 2226/2706/2617 2212/2694/2605
f 2212/2694/2605 2226/2706/2617 2168/2707/2618
f 2212/2694/2605 2168/2707/2618 2213/2695/2606
f 2213/2695/2606 2168/2707/2618 2132/2612/2523
f 2149/2636/2547 2150/2708/2619 2152/2638/2549
f 2152/2638/2549 2150/2708/2619 2151/2709/2620
f 2154/2710/2621 2257/2711/2622 2153/2639/2550
f 2153/2639/2550 2257/2711/2622 2237/2712/2623
f 2153/2639/2550 2237/2712/2623 2236/2637/2548
f 2236/2637/2548 2237/2712/2623 2256/2635/2546
f 2257/2711/2622 2154/2710/2621 2258/2713/2624
f 2258/2713/2624 2154/2710/2621 2155/2714/2625
f 2258/2713/2624 2155/2714/2625 2259/2715/2626
f 2259/2715/2626 2155/2714/2625 2267/2716/2627
f 2259/2715/2626 2267/2716/2627 2268/2717/2628
f 2268/2717/2628 2267/2716/2627 2156/2718/2629
f 2268/2717/2628 2156/2718/2629 2269/2719/2630
f 2269/2719/2630 2156/2718/2629 2157/2720/2631
f 2269/2719/2630 2157/2720/2631 2270/2721/2632
f 2270/2721/2632 2157/2720/2631 2174/2722/2633
f 2270/2721/2632 2174/2722/2633 2158/2723/2634
f 2158/2723/2634 2174/2722/2633 2157/2720/2631
f 2155/2714/2625 2156/2718/2629 2267/2716/2627
f 2159/2724/2635 2272/2725/2636 2158/2723/2634
f 2158/2723/2634 2272/2725/2636 2175/2726/2637
f 2158/2723/2634 2175/2726/2637 2270/2721/2632
f 2270/2721/2632 2175/2726/2637 2262/2727/2638
f 2270/2721/2632 2262/2727/2638 2261/2728/2639
f 2261/2728/2639 2262/2727/2638 2241/2729/2640
f 2261/2728/2639 2241/2729/2640 2240/2730/2641
f 2240/2730/2641 2241/2729/2640 2252/2627/2538
f 2240/2730/2641 2252/2627/2538 2253/2629/2540
f 2160/2731/2642 2172/2732/2643 2159/2724/2635
f 2159/2724/2635 2172/2732/2643 2173/2733/2644
f 2159/2724/2635 2173/2733/2644 2272/2725/2636
f 2272/2725/2636 2173/2733/2644 2175/2726/2637
f 2172/2732/2643 2160/2731/2642 2170/2734/2645
f 2170/2734/2645 2160/2731/2642 2161/2735/2646
f 2170/2734/2645 2161/2735/2646 2271/2736/2647
f 2271/2736/2647 2161/2735/2646 2171/2737/2648
f 2271/2736/2647 2171/2737/2648 2265/2738/2649
f 2265/2738/2649 2171/2737/2648 2266/2739/2650
f 2265/2738/2649 2266/2739/2650 2245/2740/2651
f 2245/2740/2651 2266/2739/2650 2246/2741/2652
f 2245/2740/2651 2246/2741/2652 2247/2617/2528
f 2247/2617/2528 2246/2741/2652 2166/2615/2526
f 2171/2737/2648 2161/2735/2646 2165/2742/2653
f 2165/2742/2653 2161/2735/2646 2162/2743/2654
f 2165/2742/2653 2162/2743/2654 2163/2613/2524
f 2214/2696/2607 2149/2636/2547 2164/2634/2545
f 2266/2739/2650 2171/2737/2648 2163/2613/2524
f 2163/2613/2524 2171/2737/2648 2165/2742/2653
f 2246/2741/2652 2266/2739/2650 2163/2613/2524
f 2246/2741/2652 2163/2613/2524 2166/2615/2526
f 2173/2733/2644 2172/2732/2643 2271/2736/2647
f 2271/2736/2647 2172/2732/2643 2170/2734/2645
f 2169/2641/2552 2203/2667/2578 2176/2642/2553
f 2176/2642/2553 2203/2667/2578 2177/2644/2555
f 2201/2671/2582 2179/2648/2559 2178/2646/2557
f 2203/2667/2578 2202/2669/2580 2177/2644/2555
f 2177/2644/2555 2202/2669/2580 2178/2646/2557
f 2202/2669/2580 2201/2671/2582 2178/2646/2557
f 2198/2676/2587 2197/2677/2588 2182/2654/2565
f 2182/2654/2565 2197/2677/2588 2183/2656/2567
f 2196/2679/2590 2185/2660/2571 2184/2658/2569
f 2197/2677/2588 2196/2679/2590 2183/2656/2567
f 2183/2656/2567 2196/2679/2590 2184/2658/2569
f 2132/2612/2523 2168/2707/2618 2224/2744/2655
f 2224/2744/2655 2168/2707/2618 2226/2706/2617
f 2224/2744/2655 2226/2706/2617 2223/2745/2656
f 2223/2745/2656 2226/2706/2617 2227/2705/2616
f 2223/2745/2656 2227/2705/2616 2222/2746/2657
f 2222/2746/2657 2227/2705/2616 2228/2704/2615
f 2222/2746/2657 2228/2704/2615 2221/2747/2658
f 2221/2747/2658 2228/2704/2615 2229/2703/2614
f 2221/2747/2658 2229/2703/2614 2220/2748/2659
f 2220/2748/2659 2229/2703/2614 2230/2702/2613
f 2220/2748/2659 2230/2702/2613 2219/2749/2660
f 2219/2749/2660 2230/2702/2613 2231/2701/2612
f 2219/2749/2660 2231/2701/2612 2218/2750/2661
f 2218/2750/2661 2231/2701/2612 2232/2700/2611
f 2218/2750/2661 2232/2700/2611 2217/2751/2662
f 2217/2751/2662 2232/2700/2611 2233/2699/2610
f 2217/2751/2662 2233/2699/2610 2216/2752/2663
f 2216/2752/2663 2233/2699/2610 2234/2698/2609
f 2216/2752/2663 2234/2698/2609 2215/2753/2664
f 2215/2753/2664 2234/2698/2609 2235/2697/2608
f 2215/2753/2664 2235/2697/2608 2214/2696/2607
f 2164/2634/2545 2273/2632/2543 2214/2696/2607
f 2214/2696/2607 2273/2632/2543 2215/2753/2664
f 2273/2632/2543 2274/2630/2541 2215/2753/2664
f 2215/2753/2664 2274/2630/2541 2216/2752/2663
f 2274/2630/2541 2275/2628/2539 2216/2752/2663
f 2216/2752/2663 2275/2628/2539 2217/2751/2662
f 2275/2628/2539 2276/2626/2537 2217/2751/2662
f 2217/2751/2662 2276/2626/2537 2218/2750/2661
f 2276/2626/2537 2277/2624/2535 2218/2750/2661
f 2218/2750/2661 2277/2624/2535 2219/2749/2660
f 2277/2624/2535 2278/2622/2533 2219/2749/2660
f 2219/2749/2660 2278/2622/2533 2220/2748/2659
f 2278/2622/2533 2279/2620/2531 2220/2748/2659
f 2220/2748/2659 2279/2620/2531 2221/2747/2658
f 2279/2620/2531 2280/2618/2529 2221/2747/2658
f 2221/2747/2658 2280/2618/2529 2222/2746/2657
f 2280/2618/2529 2281/2616/2527 2222/2746/2657
f 2222/2746/2657 2281/2616/2527 2223/2745/2656
f 2281/2616/2527 2225/2614/2525 2223/2745/2656
f 2223/2745/2656 2225/2614/2525 2224/2744/2655
f 2225/2614/2525 2132/2612/2523 2224/2744/2655
f 2255/2633/2544 2256/2635/2546 2237/2712/2623
f 2254/2631/2542 2255/2633/2544 2238/2754/2665
f 2238/2754/2665 2255/2633/2544 2237/2712/2623
f 2238/2754/2665 2237/2712/2623 2258/2713/2624
f 2258/2713/2624 2237/2712/2623 2257/2711/2622
f 2253/2629/2540 2254/2631/2542 2239/2755/2666
f 2239/2755/2666 2254/2631/2542 2238/2754/2665
f 2239/2755/2666 2238/2754/2665 2259/2715/2626
f 2259/2715/2626 2238/2754/2665 2258/2713/2624
f 2253/2629/2540 2239/2755/2666 2240/2730/2641
f 2240/2730/2641 2239/2755/2666 2260/2756/2667
f 2240/2730/2641 2260/2756/2667 2261/2728/2639
f 2261/2728/2639 2260/2756/2667 2269/2719/2630
f 2261/2728/2639 2269/2719/2630 2270/2721/2632
f 2260/2756/2667 2239/2755/2666 2259/2715/2626
f 2251/2625/2536 2252/2627/2538 2241/2729/2640
f 2250/2623/2534 2251/2625/2536 2242/2757/2668
f 2242/2757/2668 2251/2625/2536 2241/2729/2640
f 2242/2757/2668 2241/2729/2640 2262/2727/2638
f 2249/2621/2532 2250/2623/2534 2243/2758/2669
f 2243/2758/2669 2250/2623/2534 2242/2757/2668
f 2243/2758/2669 2242/2757/2668 2263/2759/2670
f 2263/2759/2670 2242/2757/2668 2262/2727/2638
f 2263/2759/2670 2262/2727/2638 2175/2726/2637
f 2248/2619/2530 2249/2621/2532 2244/2760/2671
f 2244/2760/2671 2249/2621/2532 2243/2758/2669
f 2244/2760/2671 2243/2758/2669 2264/2761/2672
f 2264/2761/2672 2243/2758/2669 2263/2759/2670
f 2264/2761/2672 2263/2759/2670 2173/2733/2644
f 2173/2733/2644 2263/2759/2670 2175/2726/2637
f 2247/2617/2528 2248/2619/2530 2245/2740/2651
f 2245/2740/2651 2248/2619/2530 2244/2760/2671
f 2245/2740/2651 2244/2760/2671 2265/2738/2649
f 2265/2738/2649 2244/2760/2671 2264/2761/2672
f 2265/2738/2649 2264/2761/2672 2271/2736/2647
f 2271/2736/2647 2264/2761/2672 2173/2733/2644
f 2269/2719/2630 2260/2756/2667 2268/2717/2628
f 2268/2717/2628 2260/2756/2667 2259/2715/2626
f 2283/2762/2673 2327/2763/2674 2282/2764/2675
f 2282/2764/2675 2327/2763/2674 2296/2765/2676
f 2282/2764/2675 2296/2765/2676 2300/2766/2677
f 2300/2766/2677 2296/2765/2676 2374/2767/2678
f 2300/2766/2677 2374/2767/2678 2301/2768/2679
f 2301/2768/2679 2374/2767/2678 2373/2769/2680
f 2301/2768/2679 2373/2769/2680 2302/2770/2681
f 2302/2770/2681 2373/2769/2680 2372/2771/2682
f 2302/2770/2681 2372/2771/2682 2303/2772/2683
f 2303/2772/2683 2372/2771/2682 2371/2773/2684
f 2303/2772/2683 2371/2773/2684 2304/2774/2685
f 2304/2774/2685 2371/2773/2684 2370/2775/2686
f 2304/2774/2685 2370/2775/2686 2305/2776/2687
f 2305/2776/2687 2370/2775/2686 2369/2777/2688
f 2305/2776/2687 2369/2777/2688 2306/2778/2689
f 2306/2778/2689 2369/2777/2688 2368/2779/2690
f 2306/2778/2689 2368/2779/2690 2307/2780/2691
f 2307/2780/2691 2368/2779/2690 2367/2781/2692
f 2307/2780/2691 2367/2781/2692 2308/2782/2693
f 2308/2782/2693 2367/2781/2692 2297/2783/2694
f 2308/2782/2693 2297/2783/2694 2309/2784/2695
f 2309/2784/2695 2297/2783/2694 2291/2785/2696
f 2309/2784/2695 2291/2785/2696 2310/2786/2697
f 2310/2786/2697 2291/2785/2696 2299/2787/2698
f 2310/2786/2697 2299/2787/2698 2348/2788/2699
f 2348/2788/2699 2299/2787/2698 2346/2789/2700
f 2348/2788/2699 2346/2789/2700 2345/2790/2701
f 2345/2790/2701 2346/2789/2700 2160/2791/2702
f 2345/2790/2701 2160/2791/2702 2159/2792/2703
f 2284/2793/2704 2321/2794/2705 2283/2762/2673
f 2283/2762/2673 2321/2794/2705 2295/2795/2706
f 2283/2762/2673 2295/2795/2706 2337/2796/2707
f 2337/2796/2707 2295/2795/2706 2326/2797/2708
f 2337/2796/2707 2326/2797/2708 2336/2798/2709
f 2336/2798/2709 2326/2797/2708 2325/2799/2710
f 2336/2798/2709 2325/2799/2710 2335/2800/2711
f 2335/2800/2711 2325/2799/2710 2324/2801/2712
f 2335/2800/2711 2324/2801/2712 2334/2802/2713
f 2334/2802/2713 2324/2801/2712 2323/2803/2714
f 2334/2802/2713 2323/2803/2714 2333/2804/2715
f 2333/2804/2715 2323/2803/2714 2322/2805/2716
f 2333/2804/2715 2322/2805/2716 2332/2806/2717
f 2332/2806/2717 2322/2805/2716 2331/2807/2718
f 2332/2806/2717 2331/2807/2718 2362/2808/2719
f 2362/2808/2719 2331/2807/2718 2361/2809/2720
f 2362/2808/2719 2361/2809/2720 2370/2775/2686
f 2370/2775/2686 2361/2809/2720 2369/2777/2688
f 2321/2794/2705 2284/2793/2704 2320/2810/2721
f 2320/2810/2721 2284/2793/2704 2285/2811/2722
f 2320/2810/2721 2285/2811/2722 2326/2797/2708
f 2326/2797/2708 2285/2811/2722 2325/2799/2710
f 2325/2799/2710 2285/2811/2722 2324/2801/2712
f 2324/2801/2712 2285/2811/2722 2286/2812/2723
f 2324/2801/2712 2286/2812/2723 2323/2803/2714
f 2323/2803/2714 2286/2812/2723 2287/2813/2724
f 2323/2803/2714 2287/2813/2724 2322/2805/2716
f 2322/2805/2716 2287/2813/2724 2288/2814/2725
f 2322/2805/2716 2288/2814/2725 2331/2807/2718
f 2331/2807/2718 2288/2814/2725 2330/2815/2726
f 2331/2807/2718 2330/2815/2726 2361/2809/2720
f 2361/2809/2720 2330/2815/2726 2360/2816/2727
f 2361/2809/2720 2360/2816/2727 2369/2777/2688
f 2369/2777/2688 2360/2816/2727 2368/2779/2690
f 2288/2814/2725 2289/2817/2728 2330/2815/2726
f 2330/2815/2726 2289/2817/2728 2329/2818/2729
f 2330/2815/2726 2329/2818/2729 2360/2816/2727
f 2360/2816/2727 2329/2818/2729 2359/2819/2730
f 2360/2816/2727 2359/2819/2730 2368/2779/2690
f 2368/2779/2690 2359/2819/2730 2367/2781/2692
f 2329/2818/2729 2289/2817/2728 2328/2820/2731
f 2328/2820/2731 2289/2817/2728 2290/2821/2732
f 2328/2820/2731 2290/2821/2732 2291/2785/2696
f 2291/2785/2696 2131/2822/2733 2299/2787/2698
f 2299/2787/2698 2131/2822/2733 2347/2823/2734
f 2299/2787/2698 2347/2823/2734 2346/2789/2700
f 2346/2789/2700 2347/2823/2734 2161/2824/2735
f 2346/2789/2700 2161/2824/2735 2160/2791/2702
f 2131/2822/2733 2163/2825/2736 2347/2823/2734
f 2347/2823/2734 2163/2825/2736 2162/2826/2737
f 2347/2823/2734 2162/2826/2737 2161/2824/2735
f 2345/2790/2701 2159/2792/2703 2344/2827/2738
f 2344/2827/2738 2159/2792/2703 2158/2828/2739
f 2344/2827/2738 2158/2828/2739 2343/2829/2740
f 2343/2829/2740 2158/2828/2739 2157/2830/2741
f 2343/2829/2740 2157/2830/2741 2342/2831/2742
f 2342/2831/2742 2157/2830/2741 2156/2832/2743
f 2342/2831/2742 2156/2832/2743 2341/2833/2744
f 2341/2833/2744 2156/2832/2743 2155/2834/2745
f 2341/2833/2744 2155/2834/2745 2340/2835/2746
f 2340/2835/2746 2155/2834/2745 2339/2836/2747
f 2340/2835/2746 2339/2836/2747 2354/2837/2748
f 2354/2837/2748 2339/2836/2747 2355/2838/2749
f 2354/2837/2748 2355/2838/2749 2317/2839/2750
f 2317/2839/2750 2355/2838/2749 2318/2840/2751
f 2317/2839/2750 2318/2840/2751 2302/2770/2681
f 2302/2770/2681 2318/2840/2751 2301/2768/2679
f 2155/2834/2745 2154/2841/2752 2339/2836/2747
f 2339/2836/2747 2154/2841/2752 2338/2842/2753
f 2339/2836/2747 2338/2842/2753 2355/2838/2749
f 2355/2838/2749 2338/2842/2753 2356/2843/2754
f 2355/2838/2749 2356/2843/2754 2318/2840/2751
f 2318/2840/2751 2356/2843/2754 2319/2844/2755
f 2318/2840/2751 2319/2844/2755 2301/2768/2679
f 2301/2768/2679 2319/2844/2755 2300/2766/2677
f 2154/2841/2752 2153/2845/2756 2338/2842/2753
f 2338/2842/2753 2153/2845/2756 2298/2846/2757
f 2338/2842/2753 2298/2846/2757 2356/2843/2754
f 2356/2843/2754 2298/2846/2757 2357/2847/2758
f 2356/2843/2754 2357/2847/2758 2319/2844/2755
f 2319/2844/2755 2357/2847/2758 2282/2764/2675
f 2319/2844/2755 2282/2764/2675 2300/2766/2677
f 2153/2845/2756 2152/2848/2759 2298/2846/2757
f 2298/2846/2757 2152/2848/2759 2293/2849/2760
f 2298/2846/2757 2293/2849/2760 2294/2850/2761
f 2151/2851/2620 2292/2852/2762 2152/2848/2759
f 2152/2848/2759 2292/2852/2762 2293/2849/2760
f 2298/2846/2757 2294/2850/2761 2357/2847/2758
f 2357/2847/2758 2294/2850/2761 2282/2764/2675
f 2302/2770/2681 2303/2772/2683 2317/2839/2750
f 2317/2839/2750 2303/2772/2683 2316/2853/2763
f 2317/2839/2750 2316/2853/2763 2354/2837/2748
f 2354/2837/2748 2316/2853/2763 2353/2854/2764
f 2354/2837/2748 2353/2854/2764 2340/2835/2746
f 2340/2835/2746 2353/2854/2764 2341/2833/2744
f 2303/2772/2683 2304/2774/2685 2316/2853/2763
f 2316/2853/2763 2304/2774/2685 2315/2855/2765
f 2316/2853/2763 2315/2855/2765 2353/2854/2764
f 2353/2854/2764 2315/2855/2765 2352/2856/2766
f 2353/2854/2764 2352/2856/2766 2341/2833/2744
f 2341/2833/2744 2352/2856/2766 2342/2831/2742
f 2304/2774/2685 2305/2776/2687 2315/2855/2765
f 2315/2855/2765 2305/2776/2687 2314/2857/2767
f 2315/2855/2765 2314/2857/2767 2352/2856/2766
f 2352/2856/2766 2314/2857/2767 2351/2858/2768
f 2352/2856/2766 2351/2858/2768 2342/2831/2742
f 2342/2831/2742 2351/2858/2768 2343/2829/2740
f 2305/2776/2687 2306/2778/2689 2314/2857/2767
f 2314/2857/2767 2306/2778/2689 2313/2859/2769
f 2314/2857/2767 2313/2859/2769 2351/2858/2768
f 2351/2858/2768 2313/2859/2769 2350/2860/2770
f 2351/2858/2768 2350/2860/2770 2343/2829/2740
f 2343/2829/2740 2350/2860/2770 2344/2827/2738
f 2306/2778/2689 2307/2780/2691 2313/2859/2769
f 2313/2859/2769 2307/2780/2691 2312/2861/2771
f 2313/2859/2769 2312/2861/2771 2350/2860/2770
f 2350/2860/2770 2312/2861/2771 2349/2862/2772
f 2350/2860/2770 2349/2862/2772 2344/2827/2738
f 2344/2827/2738 2349/2862/2772 2345/2790/2701
f 2307/2780/2691 2308/2782/2693 2312/2861/2771
f 2312/2861/2771 2308/2782/2693 2311/2863/2773
f 2312/2861/2771 2311/2863/2773 2349/2862/2772
f 2349/2862/2772 2311/2863/2773 2348/2788/2699
f 2349/2862/2772 2348/2788/2699 2345/2790/2701
f 2308/2782/2693 2309/2784/2695 2311/2863/2773
f 2311/2863/2773 2309/2784/2695 2310/2786/2697
f 2311/2863/2773 2310/2786/2697 2348/2788/2699
f 2291/2785/2696 2297/2783/2694 2358/2864/2774
f 2358/2864/2774 2297/2783/2694 2367/2781/2692
f 2358/2864/2774 2367/2781/2692 2359/2819/2730
f 2295/2795/2706 2321/2794/2705 2320/2810/2721
f 2327/2763/2674 2283/2762/2673 2337/2796/2707
f 2326/2797/2708 2295/2795/2706 2320/2810/2721
f 2359/2819/2730 2329/2818/2729 2328/2820/2731
f 2358/2864/2774 2359/2819/2730 2328/2820/2731
f 2333/2804/2715 2332/2806/2717 2363/2865/2775
f 2363/2865/2775 2332/2806/2717 2362/2808/2719
f 2363/2865/2775 2362/2808/2719 2371/2773/2684
f 2371/2773/2684 2362/2808/2719 2370/2775/2686
f 2334/2802/2713 2333/2804/2715 2364/2866/2776
f 2364/2866/2776 2333/2804/2715 2363/2865/2775
f 2364/2866/2776 2363/2865/2775 2372/2771/2682
f 2372/2771/2682 2363/2865/2775 2371/2773/2684
f 2335/2800/2711 2334/2802/2713 2365/2867/2777
f 2365/2867/2777 2334/2802/2713 2364/2866/2776
f 2365/2867/2777 2364/2866/2776 2373/2769/2680
f 2373/2769/2680 2364/2866/2776 2372/2771/2682
f 2327/2763/2674 2337/2796/2707 2336/2798/2709
f 2336/2798/2709 2335/2800/2711 2366/2868/2778
f 2366/2868/2778 2335/2800/2711 2365/2867/2777
f 2366/2868/2778 2365/2867/2777 2374/2767/2678
f 2374/2767/2678 2365/2867/2777 2373/2769/2680
f 2291/2785/2696 2358/2864/2774 2328/2820/2731
f 2296/2765/2676 2327/2763/2674 2366/2868/2778
f 2366/2868/2778 2327/2763/2674 2336/2798/2709
f 2296/2765/2676 2366/2868/2778 2374/2767/2678
f 2375/2869/2779 2393/2870/2780 2283/2871/2781
f 2283/2871/2781 2393/2870/2780 2394/2872/2782
f 2283/2871/2781 2394/2872/2782 2284/2873/2783
f 2284/2873/2783 2394/2872/2782 2395/2874/2784
f 2284/2873/2783 2395/2874/2784 2285/2875/2785
f 2285/2875/2785 2395/2874/2784 2396/2876/2786
f 2285/2875/2785 2396/2876/2786 2397/2877/2787
f 2397/2877/2787 2396/2876/2786 2403/2878/2788
f 2397/2877/2787 2403/2878/2788 2404/2879/2789
f 2404/2879/2789 2403/2878/2788 2446/2880/2790
f 2404/2879/2789 2446/2880/2790 2445/2881/2791
f 2445/2881/2791 2446/2880/2790 2436/2882/2792
f 2445/2881/2791 2436/2882/2792 2435/2883/2793
f 2435/2883/2793 2436/2882/2792 2424/2884/2794
f 2435/2883/2793 2424/2884/2794 2423/2885/2795
f 2423/2885/2795 2424/2884/2794 2412/2886/2796
f 2423/2885/2795 2412/2886/2796 2411/2887/2797
f 2411/2887/2797 2412/2886/2796 2388/2888/2798
f 2411/2887/2797 2388/2888/2798 2389/2889/2799
f 2375/2869/2779 2376/2890/2800 2393/2870/2780
f 2393/2870/2780 2376/2890/2800 2399/2891/2801
f 2393/2870/2780 2399/2891/2801 2400/2892/2802
f 2400/2892/2802 2399/2891/2801 2450/2893/2803
f 2400/2892/2802 2450/2893/2803 2449/2894/2804
f 2449/2894/2804 2450/2893/2803 2440/2895/2805
f 2449/2894/2804 2440/2895/2805 2439/2896/2806
f 2439/2896/2806 2440/2895/2805 2428/2897/2807
f 2439/2896/2806 2428/2897/2807 2427/2898/2808
f 2427/2898/2808 2428/2897/2807 2416/2899/2809
f 2427/2898/2808 2416/2899/2809 2415/2900/2810
f 2415/2900/2810 2416/2899/2809 2384/2901/2811
f 2415/2900/2810 2384/2901/2811 2385/2902/2812
f 2376/2890/2800 2377/2903/2813 2399/2891/2801
f 2399/2891/2801 2377/2903/2813 2451/2904/2814
f 2399/2891/2801 2451/2904/2814 2450/2893/2803
f 2450/2893/2803 2451/2904/2814 2441/2905/2815
f 2450/2893/2803 2441/2905/2815 2440/2895/2805
f 2440/2895/2805 2441/2905/2815 2429/2906/2816
f 2440/2895/2805 2429/2906/2816 2428/2897/2807
f 2428/2897/2807 2429/2906/2816 2417/2907/2817
f 2428/2897/2807 2417/2907/2817 2416/2899/2809
f 2416/2899/2809 2417/2907/2817 2383/2908/2818
f 2416/2899/2809 2383/2908/2818 2384/2901/2811
f 2451/2904/2814 2377/2903/2813 2431/2909/2819
f 2431/2909/2819 2377/2903/2813 2378/2910/2820
f 2431/2909/2819 2378/2910/2820 2391/2911/2821
f 2391/2911/2821 2378/2910/2820 2420/2912/2822
f 2391/2911/2821 2420/2912/2822 2419/2913/2823
f 2419/2913/2823 2420/2912/2822 2380/2914/2824
f 2419/2913/2823 2380/2914/2824 2381/2915/2825
f 2378/2910/2820 2379/2916/2826 2420/2912/2822
f 2420/2912/2822 2379/2916/2826 2380/2914/2824
f 2419/2913/2823 2381/2915/2825 2418/2917/2827
f 2418/2917/2827 2381/2915/2825 2382/2918/2828
f 2418/2917/2827 2382/2918/2828 2417/2907/2817
f 2417/2907/2817 2382/2918/2828 2383/2908/2818
f 2415/2900/2810 2385/2902/2812 2414/2919/2829
f 2414/2919/2829 2385/2902/2812 2386/2920/2830
f 2414/2919/2829 2386/2920/2830 2413/2921/2831
f 2413/2921/2831 2386/2920/2830 2387/2922/2832
f 2413/2921/2831 2387/2922/2832 2412/2886/2796
f 2412/2886/2796 2387/2922/2832 2388/2888/2798
f 2411/2887/2797 2389/2889/2799 2410/2923/2833
f 2410/2923/2833 2389/2889/2799 2390/2924/2834
f 2410/2923/2833 2390/2924/2834 2421/2925/2835
f 2421/2925/2835 2390/2924/2834 2432/2926/2836
f 2421/2925/2835 2432/2926/2836 2433/2927/2837
f 2433/2927/2837 2432/2926/2836 2442/2928/2838
f 2433/2927/2837 2442/2928/2838 2443/2929/2839
f 2443/2929/2839 2442/2928/2838 2407/2930/2840
f 2443/2929/2839 2407/2930/2840 2406/2931/2841
f 2406/2931/2841 2407/2930/2840 2288/2932/2842
f 2406/2931/2841 2288/2932/2842 2287/2933/2843
f 2390/2924/2834 2291/2934/2844 2432/2926/2836
f 2432/2926/2836 2291/2934/2844 2392/2935/2845
f 2432/2926/2836 2392/2935/2845 2442/2928/2838
f 2442/2928/2838 2392/2935/2845 2408/2936/2846
f 2442/2928/2838 2408/2936/2846 2407/2930/2840
f 2407/2930/2840 2408/2936/2846 2288/2932/2842
f 2392/2935/2845 2291/2934/2844 2409/2937/2847
f 2409/2937/2847 2291/2934/2844 2290/2938/2848
f 2409/2937/2847 2290/2938/2848 2289/2939/2849
f 2409/2937/2847 2289/2939/2849 2408/2936/2846
f 2408/2936/2846 2289/2939/2849 2288/2932/2842
f 2286/2940/2850 2398/2941/2851 2287/2933/2843
f 2287/2933/2843 2398/2941/2851 2404/2879/2789
f 2287/2933/2843 2404/2879/2789 2405/2942/2852
f 2405/2942/2852 2404/2879/2789 2445/2881/2791
f 2405/2942/2852 2445/2881/2791 2444/2943/2853
f 2444/2943/2853 2445/2881/2791 2435/2883/2793
f 2444/2943/2853 2435/2883/2793 2434/2944/2854
f 2434/2944/2854 2435/2883/2793 2423/2885/2795
f 2434/2944/2854 2423/2885/2795 2422/2945/2855
f 2422/2945/2855 2423/2885/2795 2411/2887/2797
f 2422/2945/2855 2411/2887/2797 2410/2923/2833
f 2398/2941/2851 2286/2940/2850 2397/2877/2787
f 2397/2877/2787 2286/2940/2850 2285/2875/2785
f 2441/2905/2815 2451/2904/2814 2431/2909/2819
f 2408/2936/2846 2392/2935/2845 2409/2937/2847
f 2393/2870/2780 2400/2892/2802 2394/2872/2782
f 2394/2872/2782 2400/2892/2802 2401/2946/2856
f 2394/2872/2782 2401/2946/2856 2395/2874/2784
f 2395/2874/2784 2401/2946/2856 2402/2947/2857
f 2395/2874/2784 2402/2947/2857 2396/2876/2786
f 2396/2876/2786 2402/2947/2857 2403/2878/2788
f 2404/2879/2789 2398/2941/2851 2397/2877/2787
f 2400/2892/2802 2449/2894/2804 2401/2946/2856
f 2401/2946/2856 2449/2894/2804 2448/2948/2858
f 2401/2946/2856 2448/2948/2858 2402/2947/2857
f 2402/2947/2857 2448/2948/2858 2447/2949/2859
f 2402/2947/2857 2447/2949/2859 2403/2878/2788
f 2403/2878/2788 2447/2949/2859 2446/2880/2790
f 2406/2931/2841 2287/2933/2843 2405/2942/2852
f 2443/2929/2839 2406/2931/2841 2444/2943/2853
f 2444/2943/2853 2406/2931/2841 2405/2942/2852
f 2412/2886/2796 2424/2884/2794 2413/2921/2831
f 2413/2921/2831 2424/2884/2794 2425/2950/2860
f 2413/2921/2831 2425/2950/2860 2414/2919/2829
f 2414/2919/2829 2425/2950/2860 2426/2951/2861
f 2414/2919/2829 2426/2951/2861 2415/2900/2810
f 2415/2900/2810 2426/2951/2861 2427/2898/2808
f 2417/2907/2817 2429/2906/2816 2418/2917/2827
f 2418/2917/2827 2429/2906/2816 2430/2952/2862
f 2418/2917/2827 2430/2952/2862 2419/2913/2823
f 2419/2913/2823 2430/2952/2862 2391/2911/2821
f 2410/2923/2833 2421/2925/2835 2422/2945/2855
f 2422/2945/2855 2421/2925/2835 2433/2927/2837
f 2422/2945/2855 2433/2927/2837 2434/2944/2854
f 2434/2944/2854 2433/2927/2837 2443/2929/2839
f 2434/2944/2854 2443/2929/2839 2444/2943/2853
f 2424/2884/2794 2436/2882/2792 2425/2950/2860
f 2425/2950/2860 2436/2882/2792 2437/2953/2863
f 2425/2950/2860 2437/2953/2863 2426/2951/2861
f 2426/2951/2861 2437/2953/2863 2438/2954/2864
f 2426/2951/2861 2438/2954/2864 2427/2898/2808
f 2427/2898/2808 2438/2954/2864 2439/2896/2806
f 2431/2909/2819 2391/2911/2821 2430/2952/2862
f 2431/2909/2819 2430/2952/2862 2441/2905/2815
f 2441/2905/2815 2430/2952/2862 2429/2906/2816
f 2436/2882/2792 2446/2880/2790 2437/2953/2863
f 2437/2953/2863 2446/2880/2790 2447/2949/2859
f 2437/2953/2863 2447/2949/2859 2438/2954/2864
f 2438/2954/2864 2447/2949/2859 2448/2948/2858
f 2438/2954/2864 2448/2948/2858 2439/2896/2806
f 2439/2896/2806 2448/2948/2858 2449/2894/2804
f 1988/2955/2431 2390/2956/2834 2453/2957/2865
f 2453/2957/2865 2390/2956/2834 2389/2958/2866
f 2453/2957/2865 2389/2958/2866 2462/2959/2867
f 2462/2959/2867 2389/2958/2866 2388/2960/2868
f 2462/2959/2867 2388/2960/2868 2387/2961/2869
f 2462/2959/2867 2387/2961/2869 2461/2962/2870
f 2461/2962/2870 2387/2961/2869 2386/2963/2871
f 2461/2962/2870 2386/2963/2871 2460/2964/2872
f 2460/2964/2872 2386/2963/2871 2385/2965/2873
f 2460/2964/2872 2385/2965/2873 2384/2966/2874
f 2460/2964/2872 2384/2966/2874 2459/2967/2875
f 2459/2967/2875 2384/2966/2874 2383/2968/2876
f 2459/2967/2875 2383/2968/2876 2458/2969/2877
f 2458/2969/2877 2383/2968/2876 2382/2970/2878
f 2458/2969/2877 2382/2970/2878 2457/2971/2879
f 2457/2971/2879 2382/2970/2878 2381/2972/2880
f 2457/2971/2879 2381/2972/2880 2456/2973/2881
f 2456/2973/2881 2381/2972/2880 2380/2974/2882
f 2456/2973/2881 2380/2974/2882 2455/2975/2883
f 2455/2975/2883 2380/2974/2882 2454/2976/2884
f 2455/2975/2883 2454/2976/2884 1994/2977/2885
f 1994/2977/2885 2454/2976/2884 1995/2978/2886
f 1995/2978/2886 2454/2976/2884 1996/2979/2425
f 1996/2979/2425 2454/2976/2884 2452/2980/2887
f 2452/2980/2887 2454/2976/2884 2379/2981/2888
f 2452/2980/2887 2379/2981/2888 2378/2982/2820
f 2380/2974/2882 2379/2981/2888 2454/2976/2884
f 2455/2975/2883 1994/2977/2885 2456/2973/2881
f 2456/2973/2881 1994/2977/2885 1993/2983/2889
f 2456/2973/2881 1993/2983/2889 2457/2971/2879
f 2457/2971/2879 1993/2983/2889 2458/2969/2877
f 1993/2983/2889 1992/2984/2890 2458/2969/2877
f 2458/2969/2877 1992/2984/2890 2459/2967/2875
f 2459/2967/2875 1992/2984/2890 2460/2964/2872
f 2460/2964/2872 1992/2984/2890 1991/2985/2891
f 2460/2964/2872 1991/2985/2891 2461/2962/2870
f 2461/2962/2870 1991/2985/2891 1990/2986/2892
f 2461/2962/2870 1990/2986/2892 2462/2959/2867
f 2462/2959/2867 1990/2986/2892 1989/2987/2893
f 2462/2959/2867 1989/2987/2893 2453/2957/2865
f 2453/2957/2865 1989/2987/2893 1988/2955/2431
f 2291/2988/2844 2390/2989/2834 2464/2990/2894
f 2464/2990/2894 2390/2989/2834 1988/2991/2431
f 2464/2990/2894 1988/2991/2431 2463/2992/2895
f 2463/2992/2895 1988/2991/2431 1987/2993/2403
f 2463/2992/2895 1987/2993/2403 1986/2994/2401
f 1986/2994/2401 1985/2995/2399 2463/2992/2895
f 2463/2992/2895 1985/2995/2399 1984/2996/2397
f 2463/2992/2895 1984/2996/2397 1983/2997/2395
f 1983/2997/2395 1982/2998/2393 2463/2992/2895
f 2463/2992/2895 1982/2998/2393 1981/2999/2896
f 2463/2992/2895 1981/2999/2896 1980/3000/2897
f 1979/3001/2898 163/3002/2899 1980/3003/2900
f 1980/3003/2900 163/3002/2899 176/3004/2901
f 1980/3003/2900 176/3004/2901 2463/3005/2902
f 1979/3001/2898 1978/3006/2903 163/3002/2899
f 163/3002/2899 1978/3006/2903 1977/3007/2904
f 163/3002/2899 1977/3007/2904 164/3008/2905
f 2477/3009/2906 2005/3010/2477 2480/3011/2907
f 2480/3011/2907 2005/3010/2477 2004/3012/2908
f 2480/3011/2907 2004/3012/2908 2003/3013/2909
f 2480/3011/2907 2003/3013/2909 2488/3014/2910
f 2488/3014/2910 2003/3013/2909 2002/3015/2911
f 2488/3014/2910 2002/3015/2911 2487/3016/2912
f 2487/3016/2912 2002/3015/2911 2001/3017/2383
f 2487/3016/2912 2001/3017/2383 2486/3018/2913
f 2486/3018/2913 2001/3017/2383 2000/3019/2914
f 2486/3018/2913 2000/3019/2914 2485/3020/2915
f 2485/3020/2915 2000/3019/2914 1999/3021/2916
f 2485/3020/2915 1999/3021/2916 2484/3022/2917
f 2484/3022/2917 1999/3021/2916 1998/3023/2918
f 2484/3022/2917 1998/3023/2918 2483/3024/2919
f 2483/3024/2919 1998/3023/2918 1997/3025/2920
f 2483/3024/2919 1997/3025/2920 2482/3026/2921
f 2482/3026/2921 1997/3025/2920 1996/3027/2425
f 2482/3026/2921 1996/3027/2425 2452/3028/2887
f 2482/3026/2921 2452/3028/2887 2481/3029/2922
f 2481/3029/2922 2452/3028/2887 2378/3030/2820
f 2481/3029/2922 2378/3030/2820 2513/3031/2923
f 2513/3031/2923 2378/3030/2820 2479/3032/2924
f 2513/3031/2923 2479/3032/2924 2512/3033/2925
f 2512/3033/2925 2479/3032/2924 2504/3034/2926
f 2512/3033/2925 2504/3034/2926 2511/3035/2927
f 2511/3035/2927 2504/3034/2926 2503/3036/2928
f 2511/3035/2927 2503/3036/2928 2510/3037/2929
f 2510/3037/2929 2503/3036/2928 2502/3038/2930
f 2510/3037/2929 2502/3038/2930 2509/3039/2931
f 2509/3039/2931 2502/3038/2930 2501/3040/2932
f 2509/3039/2931 2501/3040/2932 2508/3041/2933
f 2508/3041/2933 2501/3040/2932 2500/3042/2934
f 2508/3041/2933 2500/3042/2934 2507/3043/2935
f 2507/3043/2935 2500/3042/2934 2499/3044/2936
f 2507/3043/2935 2499/3044/2936 2506/3045/2937
f 2506/3045/2937 2499/3044/2936 2498/3046/2938
f 2506/3045/2937 2498/3046/2938 2475/3047/2939
f 2475/3047/2939 2498/3046/2938 2474/3048/2940
f 2474/3048/2940 2498/3046/2938 2499/3044/2936
f 2474/3048/2940 2499/3044/2936 2500/3042/2934
f 2378/3030/2820 2465/3049/2941 2479/3032/2924
f 2479/3032/2924 2465/3049/2941 2491/3050/2942
f 2479/3032/2924 2491/3050/2942 2504/3034/2926
f 2504/3034/2926 2491/3050/2942 2493/3051/2943
f 2504/3034/2926 2493/3051/2943 2503/3036/2928
f 2503/3036/2928 2493/3051/2943 2496/3052/2944
f 2503/3036/2928 2496/3052/2944 2502/3038/2930
f 2502/3038/2930 2496/3052/2944 2495/3053/2945
f 2502/3038/2930 2495/3053/2945 2501/3040/2932
f 2501/3040/2932 2495/3053/2945 2473/3054/2946
f 2501/3040/2932 2473/3054/2946 2500/3042/2934
f 2500/3042/2934 2473/3054/2946 2474/3048/2940
f 2466/3055/2947 2467/3056/2948 2465/3049/2941
f 2465/3049/2941 2467/3056/2948 2478/3057/2949
f 2465/3049/2941 2478/3057/2949 2494/3058/2950
f 2494/3058/2950 2478/3057/2949 2490/3059/2951
f 2494/3058/2950 2490/3059/2951 2492/3060/2952
f 2492/3060/2952 2490/3059/2951 2470/3061/2953
f 2492/3060/2952 2470/3061/2953 2493/3051/2943
f 2493/3051/2943 2470/3061/2953 2496/3052/2944
f 2478/3057/2949 2467/3056/2948 2489/3062/2954
f 2489/3062/2954 2467/3056/2948 2468/3063/2955
f 2489/3062/2954 2468/3063/2955 2478/3057/2949
f 2478/3057/2949 2468/3063/2955 2490/3059/2951
f 2468/3063/2955 2469/3064/2956 2490/3059/2951
f 2490/3059/2951 2469/3064/2956 2470/3061/2953
f 2496/3052/2944 2470/3061/2953 2497/3065/2957
f 2497/3065/2957 2470/3061/2953 2471/3066/2958
f 2497/3065/2957 2471/3066/2958 2496/3052/2944
f 2496/3052/2944 2471/3066/2958 2472/3067/2959
f 2496/3052/2944 2472/3067/2959 2495/3053/2945
f 2495/3053/2945 2472/3067/2959 2473/3054/2946
f 2506/3045/2937 2475/3047/2939 2505/3068/2960
f 2505/3068/2960 2475/3047/2939 2476/3069/2961
f 2505/3068/2960 2476/3069/2961 2477/3009/2906
f 2505/3068/2960 2477/3009/2906 2480/3011/2907
f 2513/3031/2923 2512/3033/2925 2481/3029/2922
f 2481/3029/2922 2512/3033/2925 2482/3026/2921
f 2512/3033/2925 2511/3035/2927 2482/3026/2921
f 2482/3026/2921 2511/3035/2927 2483/3024/2919
f 2511/3035/2927 2510/3037/2929 2483/3024/2919
f 2483/3024/2919 2510/3037/2929 2484/3022/2917
f 2510/3037/2929 2509/3039/2931 2484/3022/2917
f 2484/3022/2917 2509/3039/2931 2485/3020/2915
f 2509/3039/2931 2508/3041/2933 2485/3020/2915
f 2485/3020/2915 2508/3041/2933 2486/3018/2913
f 2508/3041/2933 2507/3043/2935 2486/3018/2913
f 2486/3018/2913 2507/3043/2935 2487/3016/2912
f 2505/3068/2960 2480/3011/2907 2488/3014/2910
f 2507/3043/2935 2506/3045/2937 2487/3016/2912
f 2487/3016/2912 2506/3045/2937 2488/3014/2910
f 2506/3045/2937 2505/3068/2960 2488/3014/2910
f 2491/3050/2942 2465/3049/2941 2494/3058/2950
f 2491/3050/2942 2494/3058/2950 2492/3060/2952
f 2493/3051/2943 2491/3050/2942 2492/3060/2952
f 2378/3070/2820 2377/3071/2813 2465/3072/2941
f 2465/3072/2941 2377/3071/2813 2514/3073/2962
f 2465/3072/2941 2514/3073/2962 2521/3074/2963
f 2521/3074/2963 2514/3073/2962 2515/3075/2964
f 2521/3074/2963 2515/3075/2964 509/3076/630
f 509/3076/630 2515/3075/2964 364/3077/536
f 364/3077/536 2515/3075/2964 2516/3078/2965
f 364/3077/536 2516/3078/2965 365/3079/537
f 365/3079/537 2516/3078/2965 2517/3080/2966
f 365/3079/537 2517/3080/2966 2518/3081/2967
f 365/3079/537 2518/3081/2967 366/3082/538
f 366/3082/538 2518/3081/2967 2519/3083/2968
f 366/3082/538 2519/3083/2968 2520/3084/2969
f 2142/3085/2970 2547/3086/2971 2143/3087/2972
f 2143/3087/2972 2547/3086/2971 2536/3088/2973
f 2143/3087/2972 2536/3088/2973 2603/3089/2974
f 2603/3089/2974 2536/3088/2973 2594/3090/2975
f 2603/3089/2974 2594/3090/2975 2602/3091/2976
f 2602/3091/2976 2594/3090/2975 2593/3092/2977
f 2602/3091/2976 2593/3092/2977 2601/3093/2978
f 2601/3093/2978 2593/3092/2977 2592/3094/2979
f 2601/3093/2978 2592/3094/2979 2600/3095/2980
f 2600/3095/2980 2592/3094/2979 2591/3096/2981
f 2600/3095/2980 2591/3096/2981 2599/3097/2982
f 2599/3097/2982 2591/3096/2981 2590/3098/2983
f 2599/3097/2982 2590/3098/2983 2598/3099/2984
f 2598/3099/2984 2590/3098/2983 2589/3100/2985
f 2598/3099/2984 2589/3100/2985 2597/3101/2986
f 2597/3101/2986 2589/3100/2985 2588/3102/2987
f 2597/3101/2986 2588/3102/2987 2596/3103/2988
f 2596/3103/2988 2588/3102/2987 2538/3104/2989
f 2596/3103/2988 2538/3104/2989 2595/3105/2990
f 2595/3105/2990 2538/3104/2989 2522/3106/2991
f 2595/3105/2990 2522/3106/2991 2587/3107/2992
f 2587/3107/2992 2522/3106/2991 2570/3108/2993
f 2587/3107/2992 2570/3108/2993 2571/3109/2994
f 2571/3109/2994 2570/3108/2993 2526/3110/2995
f 2571/3109/2994 2526/3110/2995 2527/3111/2996
f 2141/3112/2997 2548/3113/2998 2142/3085/2970
f 2142/3085/2970 2548/3113/2998 2546/3114/2999
f 2142/3085/2970 2546/3114/2999 2547/3086/2971
f 2547/3086/2971 2546/3114/2999 2536/3088/2973
f 2140/3115/3000 2561/3116/3001 2141/3112/2997
f 2141/3112/2997 2561/3116/3001 2549/3117/3002
f 2141/3112/2997 2549/3117/3002 2548/3113/2998
f 2548/3113/2998 2549/3117/3002 2546/3114/2999
f 2139/3118/3003 2566/3119/3004 2140/3115/3000
f 2140/3115/3000 2566/3119/3004 2556/3120/3005
f 2140/3115/3000 2556/3120/3005 2550/3121/3006
f 2550/3121/3006 2556/3120/3005 2557/3122/3007
f 2550/3121/3006 2557/3122/3007 2551/3123/3008
f 2551/3123/3008 2557/3122/3007 2558/3124/3009
f 2551/3123/3008 2558/3124/3009 2552/3125/3010
f 2552/3125/3010 2558/3124/3009 2559/3126/3011
f 2552/3125/3010 2559/3126/3011 2553/3127/3012
f 2553/3127/3012 2559/3126/3011 2560/3128/3013
f 2553/3127/3012 2560/3128/3013 2554/3129/3014
f 2554/3129/3014 2560/3128/3013 2537/3130/3015
f 2554/3129/3014 2537/3130/3015 2555/3131/3016
f 2555/3131/3016 2537/3130/3015 2133/3132/3017
f 2555/3131/3016 2133/3132/3017 2539/3133/3018
f 2539/3133/3018 2133/3132/3017 2538/3104/2989
f 2539/3133/3018 2538/3104/2989 2588/3102/2987
f 2138/3134/3019 2562/3135/3020 2139/3118/3003
f 2139/3118/3003 2562/3135/3020 2557/3122/3007
f 2139/3118/3003 2557/3122/3007 2556/3120/3005
f 2137/3136/3021 2567/3137/3022 2138/3134/3019
f 2138/3134/3019 2567/3137/3022 2563/3138/3023
f 2138/3134/3019 2563/3138/3023 2535/3139/3024
f 2535/3139/3024 2563/3138/3023 2558/3124/3009
f 2535/3139/3024 2558/3124/3009 2557/3122/3007
f 2567/3137/3022 2137/3136/3021 2568/3140/3025
f 2568/3140/3025 2137/3136/3021 2136/3141/3026
f 2568/3140/3025 2136/3141/3026 2564/3142/3027
f 2564/3142/3027 2136/3141/3026 2565/3143/3028
f 2564/3142/3027 2565/3143/3028 2560/3128/3013
f 2560/3128/3013 2565/3143/3028 2537/3130/3015
f 2565/3143/3028 2136/3141/3026 2569/3144/3029
f 2569/3144/3029 2136/3141/3026 2135/3145/3030
f 2569/3144/3029 2135/3145/3030 2134/3146/3031
f 2133/3132/3017 2537/3130/3015 2134/3146/3031
f 2134/3146/3031 2537/3130/3015 2565/3143/3028
f 2134/3146/3031 2565/3143/3028 2569/3144/3029
f 2133/3132/3017 2522/3106/2991 2538/3104/2989
f 2522/3106/2991 2523/3147/3032 2570/3108/2993
f 2570/3108/2993 2523/3147/3032 2524/3148/3033
f 2570/3108/2993 2524/3148/3033 2525/3149/3034
f 2525/3149/3034 2526/3110/2995 2570/3108/2993
f 2571/3109/2994 2527/3111/2996 2572/3150/3035
f 2572/3150/3035 2527/3111/2996 2528/3151/3036
f 2572/3150/3035 2528/3151/3036 2529/3152/3037
f 2530/3153/3038 2574/3154/3039 2529/3152/3037
f 2529/3152/3037 2574/3154/3039 2573/3155/3040
f 2529/3152/3037 2573/3155/3040 2572/3150/3035
f 2572/3150/3035 2573/3155/3040 2585/3156/3041
f 2572/3150/3035 2585/3156/3041 2586/3157/3042
f 2586/3157/3042 2585/3156/3041 2596/3103/2988
f 2586/3157/3042 2596/3103/2988 2595/3105/2990
f 2574/3154/3039 2530/3153/3038 2575/3158/3043
f 2575/3158/3043 2530/3153/3038 2531/3159/3044
f 2575/3158/3043 2531/3159/3044 2576/3160/3045
f 2576/3160/3045 2531/3159/3044 2532/3161/3046
f 2576/3160/3045 2532/3161/3046 2577/3162/3047
f 2577/3162/3047 2532/3161/3046 2533/3163/3048
f 2577/3162/3047 2533/3163/3048 2578/3164/3049
f 2578/3164/3049 2533/3163/3048 2534/3165/3050
f 2578/3164/3049 2534/3165/3050 2579/3166/3051
f 2579/3166/3051 2534/3165/3050 2143/3087/2972
f 2579/3166/3051 2143/3087/2972 2603/3089/2974
f 2562/3135/3020 2138/3134/3019 2535/3139/3024
f 2586/3157/3042 2595/3105/2990 2587/3107/2992
f 2554/3129/3014 2555/3131/3016 2540/3167/3052
f 2540/3167/3052 2555/3131/3016 2539/3133/3018
f 2540/3167/3052 2539/3133/3018 2588/3102/2987
f 2553/3127/3012 2554/3129/3014 2541/3168/3053
f 2541/3168/3053 2554/3129/3014 2540/3167/3052
f 2541/3168/3053 2540/3167/3052 2589/3100/2985
f 2589/3100/2985 2540/3167/3052 2588/3102/2987
f 2552/3125/3010 2553/3127/3012 2542/3169/3054
f 2542/3169/3054 2553/3127/3012 2541/3168/3053
f 2542/3169/3054 2541/3168/3053 2590/3098/2983
f 2590/3098/2983 2541/3168/3053 2589/3100/2985
f 2551/3123/3008 2552/3125/3010 2543/3170/3055
f 2543/3170/3055 2552/3125/3010 2542/3169/3054
f 2543/3170/3055 2542/3169/3054 2591/3096/2981
f 2591/3096/2981 2542/3169/3054 2590/3098/2983
f 2550/3121/3006 2551/3123/3008 2544/3171/3056
f 2544/3171/3056 2551/3123/3008 2543/3170/3055
f 2544/3171/3056 2543/3170/3055 2592/3094/2979
f 2592/3094/2979 2543/3170/3055 2591/3096/2981
f 2544/3171/3056 2545/3172/3057 2550/3121/3006
f 2550/3121/3006 2545/3172/3057 2549/3117/3002
f 2550/3121/3006 2549/3117/3002 2140/3115/3000
f 2140/3115/3000 2549/3117/3002 2561/3116/3001
f 2549/3117/3002 2545/3172/3057 2546/3114/2999
f 2546/3114/2999 2545/3172/3057 2594/3090/2975
f 2546/3114/2999 2594/3090/2975 2536/3088/2973
f 2592/3094/2979 2593/3092/2977 2544/3171/3056
f 2544/3171/3056 2593/3092/2977 2545/3172/3057
f 2593/3092/2977 2594/3090/2975 2545/3172/3057
f 2566/3119/3004 2139/3118/3003 2556/3120/3005
f 2562/3135/3020 2535/3139/3024 2557/3122/3007
f 2564/3142/3027 2560/3128/3013 2559/3126/3011
f 2564/3142/3027 2559/3126/3011 2563/3138/3023
f 2563/3138/3023 2559/3126/3011 2558/3124/3009
f 2568/3140/3025 2564/3142/3027 2563/3138/3023
f 2567/3137/3022 2568/3140/3025 2563/3138/3023
f 2586/3157/3042 2587/3107/2992 2571/3109/2994
f 2571/3109/2994 2572/3150/3035 2586/3157/3042
f 2573/3155/3040 2574/3154/3039 2584/3173/3058
f 2584/3173/3058 2574/3154/3039 2583/3174/3059
f 2584/3173/3058 2583/3174/3059 2598/3099/2984
f 2598/3099/2984 2583/3174/3059 2599/3097/2982
f 2574/3154/3039 2575/3158/3043 2583/3174/3059
f 2583/3174/3059 2575/3158/3043 2582/3175/3060
f 2583/3174/3059 2582/3175/3060 2599/3097/2982
f 2599/3097/2982 2582/3175/3060 2600/3095/2980
f 2575/3158/3043 2576/3160/3045 2582/3175/3060
f 2582/3175/3060 2576/3160/3045 2581/3176/3061
f 2582/3175/3060 2581/3176/3061 2600/3095/2980
f 2600/3095/2980 2581/3176/3061 2601/3093/2978
f 2576/3160/3045 2577/3162/3047 2581/3176/3061
f 2581/3176/3061 2577/3162/3047 2580/3177/3062
f 2581/3176/3061 2580/3177/3062 2601/3093/2978
f 2601/3093/2978 2580/3177/3062 2602/3091/2976
f 2577/3162/3047 2578/3164/3049 2580/3177/3062
f 2580/3177/3062 2578/3164/3049 2579/3166/3051
f 2580/3177/3062 2579/3166/3051 2602/3091/2976
f 2602/3091/2976 2579/3166/3051 2603/3089/2974
f 2573/3155/3040 2584/3173/3058 2585/3156/3041
f 2585/3156/3041 2584/3173/3058 2597/3101/2986
f 2585/3156/3041 2597/3101/2986 2596/3103/2988
f 2597/3101/2986 2584/3173/3058 2598/3099/2984
f 2133/3178/2551 2132/3179/2523 2605/3180/3063
f 2605/3180/3063 2132/3179/2523 2604/3181/3064
f 2604/3181/3064 2132/3179/2523 2131/3182/2522
f 2151/3183/2620 2150/3184/2619 2292/3185/2762
f 2292/3186/2762 2150/3187/2619 2293/3188/3065
f 2293/3188/3065 2150/3187/2619 2149/3189/3066
f 2293/3188/3065 2149/3189/3066 2637/3190/3067
f 2637/3190/3067 2149/3189/3066 2638/3191/3068
f 2637/3190/3067 2638/3191/3068 2639/3192/3069
f 2639/3192/3069 2638/3191/3068 2650/3193/3070
f 2639/3192/3069 2650/3193/3070 2651/3194/3071
f 2651/3194/3071 2650/3193/3070 2668/3195/3072
f 2651/3194/3071 2668/3195/3072 2667/3196/3073
f 2667/3196/3073 2668/3195/3072 2672/3197/3074
f 2667/3196/3073 2672/3197/3074 2673/3198/3075
f 2673/3198/3075 2672/3197/3074 2722/3199/3076
f 2673/3198/3075 2722/3199/3076 2721/3200/3077
f 2721/3200/3077 2722/3199/3076 2683/3201/3078
f 2721/3200/3077 2683/3201/3078 2682/3202/3079
f 2682/3202/3079 2683/3201/3078 2693/3203/3080
f 2682/3202/3079 2693/3203/3080 2694/3204/3081
f 2694/3204/3081 2693/3203/3080 2711/3205/3082
f 2694/3204/3081 2711/3205/3082 2710/3206/3083
f 2710/3206/3083 2711/3205/3082 2609/3207/3084
f 2710/3206/3083 2609/3207/3084 2610/3208/3085
f 2149/3189/3066 2148/3209/3086 2638/3191/3068
f 2638/3191/3068 2148/3209/3086 2649/3210/3087
f 2638/3191/3068 2649/3210/3087 2650/3193/3070
f 2650/3193/3070 2649/3210/3087 2147/3211/3088
f 2650/3193/3070 2147/3211/3088 2669/3212/3089
f 2669/3212/3089 2147/3211/3088 2670/3213/3090
f 2669/3212/3089 2670/3213/3090 2671/3214/3091
f 2671/3214/3091 2670/3213/3090 2724/3215/3092
f 2671/3214/3091 2724/3215/3092 2723/3216/3093
f 2723/3216/3093 2724/3215/3092 2685/3217/3094
f 2723/3216/3093 2685/3217/3094 2684/3218/3095
f 2684/3218/3095 2685/3217/3094 2691/3219/3096
f 2684/3218/3095 2691/3219/3096 2692/3220/3097
f 2692/3220/3097 2691/3219/3096 2713/3221/3098
f 2692/3220/3097 2713/3221/3098 2712/3222/3099
f 2712/3222/3099 2713/3221/3098 2703/3223/3100
f 2712/3222/3099 2703/3223/3100 2702/3224/3101
f 2702/3224/3101 2703/3223/3100 2608/3225/3102
f 2702/3224/3101 2608/3225/3102 2609/3207/3084
f 2148/3209/3086 2147/3211/3088 2649/3210/3087
f 2147/3211/3088 2146/3226/3103 2670/3213/3090
f 2670/3213/3090 2146/3226/3103 2624/3227/3104
f 2670/3213/3090 2624/3227/3104 2724/3215/3092
f 2724/3215/3092 2624/3227/3104 2686/3228/3105
f 2724/3215/3092 2686/3228/3105 2685/3217/3094
f 2685/3217/3094 2686/3228/3105 2690/3229/3106
f 2685/3217/3094 2690/3229/3106 2691/3219/3096
f 2691/3219/3096 2690/3229/3106 2714/3230/3107
f 2691/3219/3096 2714/3230/3107 2713/3221/3098
f 2713/3221/3098 2714/3230/3107 2704/3231/3108
f 2713/3221/3098 2704/3231/3108 2703/3223/3100
f 2703/3223/3100 2704/3231/3108 2698/3232/3109
f 2703/3223/3100 2698/3232/3109 2607/3233/3110
f 2607/3233/3110 2698/3232/3109 2699/3234/3111
f 2607/3233/3110 2699/3234/3111 2701/3235/3112
f 2701/3235/3112 2699/3234/3111 2606/3236/3113
f 2701/3235/3112 2606/3236/3113 2607/3233/3110
f 2145/3237/3114 2707/3238/3115 2146/3226/3103
f 2146/3226/3103 2707/3238/3115 2623/3239/3116
f 2146/3226/3103 2623/3239/3116 2688/3240/3117
f 2688/3240/3117 2623/3239/3116 2689/3241/3118
f 2688/3240/3117 2689/3241/3118 2687/3242/3119
f 2687/3242/3119 2689/3241/3118 2686/3228/3105
f 2687/3242/3119 2686/3228/3105 2624/3227/3104
f 2606/3236/3113 2700/3243/3120 2145/3237/3114
f 2145/3237/3114 2700/3243/3120 2622/3244/3121
f 2145/3237/3114 2622/3244/3121 2707/3238/3115
f 2707/3238/3115 2622/3244/3121 2706/3245/3122
f 2707/3238/3115 2706/3245/3122 2623/3239/3116
f 2623/3239/3116 2706/3245/3122 2715/3246/3123
f 2623/3239/3116 2715/3246/3123 2689/3241/3118
f 2689/3241/3118 2715/3246/3123 2690/3229/3106
f 2689/3241/3118 2690/3229/3106 2686/3228/3105
f 2607/3233/3110 2608/3225/3102 2703/3223/3100
f 2611/3247/3124 2708/3248/3125 2610/3208/3085
f 2610/3208/3085 2708/3248/3125 2709/3249/3126
f 2610/3208/3085 2709/3249/3126 2710/3206/3083
f 2710/3206/3083 2709/3249/3126 2695/3250/3127
f 2710/3206/3083 2695/3250/3127 2694/3204/3081
f 2694/3204/3081 2695/3250/3127 2681/3251/3128
f 2694/3204/3081 2681/3251/3128 2682/3202/3079
f 2682/3202/3079 2681/3251/3128 2720/3252/3129
f 2682/3202/3079 2720/3252/3129 2721/3200/3077
f 2721/3200/3077 2720/3252/3129 2674/3253/3130
f 2721/3200/3077 2674/3253/3130 2673/3198/3075
f 2673/3198/3075 2674/3253/3130 2666/3254/3131
f 2673/3198/3075 2666/3254/3131 2667/3196/3073
f 2667/3196/3073 2666/3254/3131 2652/3255/3132
f 2667/3196/3073 2652/3255/3132 2651/3194/3071
f 2651/3194/3071 2652/3255/3132 2640/3256/3133
f 2651/3194/3071 2640/3256/3133 2639/3192/3069
f 2639/3192/3069 2640/3256/3133 2636/3257/3134
f 2639/3192/3069 2636/3257/3134 2637/3190/3067
f 2637/3190/3067 2636/3257/3134 2294/3258/3135
f 2637/3190/3067 2294/3258/3135 2293/3188/3065
f 2612/3259/3136 2697/3260/3137 2611/3247/3124
f 2611/3247/3124 2697/3260/3137 2660/3261/3138
f 2611/3247/3124 2660/3261/3138 2679/3262/3139
f 2679/3262/3139 2660/3261/3138 2717/3263/3140
f 2679/3262/3139 2717/3263/3140 2718/3264/3141
f 2718/3264/3141 2717/3263/3140 2677/3265/3142
f 2718/3264/3141 2677/3265/3142 2676/3266/3143
f 2676/3266/3143 2677/3265/3142 2663/3267/3144
f 2676/3266/3143 2663/3267/3144 2664/3268/3145
f 2664/3268/3145 2663/3267/3144 2655/3269/3146
f 2664/3268/3145 2655/3269/3146 2654/3270/3147
f 2654/3270/3147 2655/3269/3146 2643/3271/3148
f 2654/3270/3147 2643/3271/3148 2642/3272/3149
f 2642/3272/3149 2643/3271/3148 2633/3273/3150
f 2642/3272/3149 2633/3273/3150 2634/3274/3151
f 2634/3274/3151 2633/3273/3150 2620/3275/3152
f 2634/3274/3151 2620/3275/3152 2621/3276/3153
f 2697/3260/3137 2612/3259/3136 2660/3261/3138
f 2660/3261/3138 2612/3259/3136 2613/3277/3154
f 2660/3261/3138 2613/3277/3154 2716/3278/3155
f 2716/3278/3155 2613/3277/3154 2625/3279/3156
f 2716/3278/3155 2625/3279/3156 2678/3280/3157
f 2678/3280/3157 2625/3279/3156 2661/3281/3158
f 2678/3280/3157 2661/3281/3158 2662/3282/3159
f 2662/3282/3159 2661/3281/3158 2657/3283/3160
f 2662/3282/3159 2657/3283/3160 2656/3284/3161
f 2656/3284/3161 2657/3283/3160 2645/3285/3162
f 2656/3284/3161 2645/3285/3162 2644/3286/3163
f 2644/3286/3163 2645/3285/3162 2631/3287/3164
f 2644/3286/3163 2631/3287/3164 2632/3288/3165
f 2632/3288/3165 2631/3287/3164 2619/3289/3166
f 2632/3288/3165 2619/3289/3166 2633/3273/3150
f 2633/3273/3150 2619/3289/3166 2620/3275/3152
f 2614/3290/3167 2648/3291/3168 2613/3277/3154
f 2613/3277/3154 2648/3291/3168 2659/3292/3169
f 2613/3277/3154 2659/3292/3169 2625/3279/3156
f 2625/3279/3156 2659/3292/3169 2661/3281/3158
f 2615/3293/3170 2627/3294/3171 2614/3290/3167
f 2614/3290/3167 2627/3294/3171 2626/3295/3172
f 2614/3290/3167 2626/3295/3172 2648/3291/3168
f 2648/3291/3168 2626/3295/3172 2647/3296/3173
f 2648/3291/3168 2647/3296/3173 2658/3297/3174
f 2658/3297/3174 2647/3296/3173 2646/3298/3175
f 2658/3297/3174 2646/3298/3175 2657/3283/3160
f 2657/3283/3160 2646/3298/3175 2645/3285/3162
f 2615/3293/3170 2616/3299/3176 2627/3294/3171
f 2627/3294/3171 2616/3299/3176 2628/3300/3177
f 2627/3294/3171 2628/3300/3177 2626/3295/3172
f 2626/3295/3172 2628/3300/3177 2647/3296/3173
f 2616/3299/3176 2617/3301/3178 2628/3300/3177
f 2628/3300/3177 2617/3301/3178 2629/3302/3179
f 2628/3300/3177 2629/3302/3179 2647/3296/3173
f 2647/3296/3173 2629/3302/3179 2646/3298/3175
f 2629/3302/3179 2617/3301/3178 2630/3303/3180
f 2630/3303/3180 2617/3301/3178 2618/3304/3181
f 2630/3303/3180 2618/3304/3181 2631/3287/3164
f 2631/3287/3164 2618/3304/3181 2619/3289/3166
f 2282/3305/3182 2636/3257/3134 2621/3276/3153
f 2621/3276/3153 2636/3257/3134 2635/3306/3183
f 2621/3276/3153 2635/3306/3183 2634/3274/3151
f 2634/3274/3151 2635/3306/3183 2641/3307/3184
f 2634/3274/3151 2641/3307/3184 2642/3272/3149
f 2642/3272/3149 2641/3307/3184 2653/3308/3185
f 2642/3272/3149 2653/3308/3185 2654/3270/3147
f 2654/3270/3147 2653/3308/3185 2665/3309/3186
f 2654/3270/3147 2665/3309/3186 2664/3268/3145
f 2664/3268/3145 2665/3309/3186 2675/3310/3187
f 2664/3268/3145 2675/3310/3187 2676/3266/3143
f 2676/3266/3143 2675/3310/3187 2719/3311/3188
f 2676/3266/3143 2719/3311/3188 2718/3264/3141
f 2718/3264/3141 2719/3311/3188 2680/3312/3189
f 2718/3264/3141 2680/3312/3189 2679/3262/3139
f 2679/3262/3139 2680/3312/3189 2696/3313/3190
f 2679/3262/3139 2696/3313/3190 2611/3247/3124
f 2611/3247/3124 2696/3313/3190 2708/3248/3125
f 2282/3305/3182 2294/3258/3135 2636/3257/3134
f 2688/3240/3117 2687/3242/3119 2146/3226/3103
f 2146/3226/3103 2687/3242/3119 2624/3227/3104
f 2645/3285/3162 2646/3298/3175 2630/3303/3180
f 2630/3303/3180 2646/3298/3175 2629/3302/3179
f 2630/3303/3180 2631/3287/3164 2645/3285/3162
f 2644/3286/3163 2632/3288/3165 2643/3271/3148
f 2643/3271/3148 2632/3288/3165 2633/3273/3150
f 2641/3307/3184 2635/3306/3183 2640/3256/3133
f 2640/3256/3133 2635/3306/3183 2636/3257/3134
f 2653/3308/3185 2641/3307/3184 2652/3255/3132
f 2652/3255/3132 2641/3307/3184 2640/3256/3133
f 2656/3284/3161 2644/3286/3163 2655/3269/3146
f 2655/3269/3146 2644/3286/3163 2643/3271/3148
f 2665/3309/3186 2653/3308/3185 2666/3254/3131
f 2666/3254/3131 2653/3308/3185 2652/3255/3132
f 2662/3282/3159 2656/3284/3161 2663/3267/3144
f 2663/3267/3144 2656/3284/3161 2655/3269/3146
f 2659/3292/3169 2648/3291/3168 2658/3297/3174
f 2659/3292/3169 2658/3297/3174 2661/3281/3158
f 2661/3281/3158 2658/3297/3174 2657/3283/3160
f 2717/3263/3140 2660/3261/3138 2716/3278/3155
f 2678/3280/3157 2662/3282/3159 2677/3265/3142
f 2677/3265/3142 2662/3282/3159 2663/3267/3144
f 2675/3310/3187 2665/3309/3186 2674/3253/3130
f 2674/3253/3130 2665/3309/3186 2666/3254/3131
f 2672/3197/3074 2668/3195/3072 2671/3214/3091
f 2671/3214/3091 2668/3195/3072 2669/3212/3089
f 2669/3212/3089 2668/3195/3072 2650/3193/3070
f 2722/3199/3076 2672/3197/3074 2723/3216/3093
f 2723/3216/3093 2672/3197/3074 2671/3214/3091
f 2719/3311/3188 2675/3310/3187 2720/3252/3129
f 2720/3252/3129 2675/3310/3187 2674/3253/3130
f 2716/3278/3155 2678/3280/3157 2717/3263/3140
f 2717/3263/3140 2678/3280/3157 2677/3265/3142
f 2696/3313/3190 2680/3312/3189 2695/3250/3127
f 2695/3250/3127 2680/3312/3189 2681/3251/3128
f 2720/3252/3129 2681/3251/3128 2719/3311/3188
f 2719/3311/3188 2681/3251/3128 2680/3312/3189
f 2693/3203/3080 2683/3201/3078 2692/3220/3097
f 2692/3220/3097 2683/3201/3078 2684/3218/3095
f 2723/3216/3093 2684/3218/3095 2722/3199/3076
f 2722/3199/3076 2684/3218/3095 2683/3201/3078
f 2714/3230/3107 2690/3229/3106 2715/3246/3123
f 2711/3205/3082 2693/3203/3080 2712/3222/3099
f 2712/3222/3099 2693/3203/3080 2692/3220/3097
f 2708/3248/3125 2696/3313/3190 2709/3249/3126
f 2709/3249/3126 2696/3313/3190 2695/3250/3127
f 2700/3243/3120 2606/3236/3113 2622/3244/3121
f 2622/3244/3121 2606/3236/3113 2699/3234/3111
f 2622/3244/3121 2699/3234/3111 2706/3245/3122
f 2706/3245/3122 2699/3234/3111 2705/3314/3191
f 2706/3245/3122 2705/3314/3191 2715/3246/3123
f 2715/3246/3123 2705/3314/3191 2714/3230/3107
f 2705/3314/3191 2699/3234/3111 2698/3232/3109
f 2712/3222/3099 2702/3224/3101 2711/3205/3082
f 2711/3205/3082 2702/3224/3101 2609/3207/3084
f 2705/3314/3191 2698/3232/3109 2704/3231/3108
f 2714/3230/3107 2705/3314/3191 2704/3231/3108
f 367/3315/3192 366/3316/538 2744/3317/3193
f 2744/3317/3193 366/3316/538 2520/3318/2969
f 2744/3317/3193 2520/3318/2969 2765/3319/3194
f 2765/3319/3194 2520/3318/2969 2725/3320/3195
f 2765/3319/3194 2725/3320/3195 2766/3321/3196
f 2766/3321/3196 2725/3320/3195 2726/3322/3197
f 2766/3321/3196 2726/3322/3197 2767/3323/3198
f 2767/3323/3198 2726/3322/3197 2777/3324/3199
f 2767/3323/3198 2777/3324/3199 2778/3325/3200
f 2778/3325/3200 2777/3324/3199 2787/3326/3201
f 2778/3325/3200 2787/3326/3201 2788/3327/3202
f 2788/3327/3202 2787/3326/3201 2729/3328/3203
f 2788/3327/3202 2729/3328/3203 2796/3329/3204
f 2796/3329/3204 2729/3328/3203 2730/3330/3205
f 2796/3329/3204 2730/3330/3205 2797/3331/3206
f 2797/3331/3206 2730/3330/3205 2731/3332/3207
f 2797/3331/3206 2731/3332/3207 2803/3333/3208
f 2803/3333/3208 2731/3332/3207 2732/3334/3209
f 2803/3333/3208 2732/3334/3209 2804/3335/3210
f 2804/3335/3210 2732/3334/3209 2811/3336/3211
f 2804/3335/3210 2811/3336/3211 2733/3337/3212
f 2733/3337/3212 2811/3336/3211 2732/3334/3209
f 2726/3322/3197 2727/3338/3213 2777/3324/3199
f 2777/3324/3199 2727/3338/3213 2728/3339/3214
f 2777/3324/3199 2728/3339/3214 2787/3326/3201
f 2787/3326/3201 2728/3339/3214 2729/3328/3203
f 2804/3335/3210 2733/3337/3212 2809/3340/3215
f 2809/3340/3215 2733/3337/3212 2734/3341/3216
f 2809/3340/3215 2734/3341/3216 2741/3342/3217
f 2741/3342/3217 2734/3341/3216 2735/3343/3218
f 2741/3342/3217 2735/3343/3218 2810/3344/3219
f 2810/3344/3219 2735/3343/3218 2812/3345/3220
f 2810/3344/3219 2812/3345/3220 2736/3346/3221
f 2736/3346/3221 2812/3345/3220 2735/3343/3218
f 2737/3347/3222 2813/3348/3223 2736/3346/3221
f 2736/3346/3221 2813/3348/3223 2742/3349/3224
f 2736/3346/3221 2742/3349/3224 2810/3344/3219
f 2810/3344/3219 2742/3349/3224 2807/3350/3225
f 2810/3344/3219 2807/3350/3225 2806/3351/3226
f 2806/3351/3226 2807/3350/3225 2801/3352/3227
f 2806/3351/3226 2801/3352/3227 2800/3353/3228
f 2800/3353/3228 2801/3352/3227 2792/3354/3229
f 2800/3353/3228 2792/3354/3229 2791/3355/3230
f 2791/3355/3230 2792/3354/3229 2782/3356/3231
f 2791/3355/3230 2782/3356/3231 2781/3357/3232
f 2781/3357/3232 2782/3356/3231 2771/3358/3233
f 2781/3357/3232 2771/3358/3233 2770/3359/3234
f 2770/3359/3234 2771/3358/3233 2761/3360/3235
f 2770/3359/3234 2761/3360/3235 2762/3361/3236
f 2762/3361/3236 2761/3360/3235 2748/3362/3237
f 2762/3361/3236 2748/3362/3237 2747/3363/3238
f 2747/3363/3238 2748/3362/3237 370/3364/3239
f 2747/3363/3238 370/3364/3239 369/3365/3240
f 2737/3347/3222 2738/3366/3241 2813/3348/3223
f 2813/3348/3223 2738/3366/3241 2739/3367/3242
f 2813/3348/3223 2739/3367/3242 2742/3349/3224
f 2742/3349/3224 2739/3367/3242 2808/3368/3243
f 2742/3349/3224 2808/3368/3243 2807/3350/3225
f 2807/3350/3225 2808/3368/3243 2802/3369/3244
f 2807/3350/3225 2802/3369/3244 2801/3352/3227
f 2801/3352/3227 2802/3369/3244 2793/3370/3245
f 2801/3352/3227 2793/3370/3245 2792/3354/3229
f 2792/3354/3229 2793/3370/3245 2783/3371/3246
f 2792/3354/3229 2783/3371/3246 2782/3356/3231
f 2782/3356/3231 2783/3371/3246 2772/3372/3247
f 2782/3356/3231 2772/3372/3247 2771/3358/3233
f 2771/3358/3233 2772/3372/3247 2760/3373/3248
f 2771/3358/3233 2760/3373/3248 2761/3360/3235
f 2761/3360/3235 2760/3373/3248 2749/3374/3249
f 2761/3360/3235 2749/3374/3249 2748/3362/3237
f 2748/3362/3237 2749/3374/3249 370/3364/3239
f 2808/3368/3243 2739/3367/3242 2795/3375/3250
f 2795/3375/3250 2739/3367/3242 2740/3376/3251
f 2795/3375/3250 2740/3376/3251 2743/3377/3252
f 2743/3377/3252 2740/3376/3251 2786/3378/3253
f 2743/3377/3252 2786/3378/3253 2785/3379/3254
f 2785/3379/3254 2786/3378/3253 2775/3380/3255
f 2785/3379/3254 2775/3380/3255 2774/3381/3256
f 2774/3381/3256 2775/3380/3255 2757/3382/3257
f 2774/3381/3256 2757/3382/3257 2758/3383/3258
f 2758/3383/3258 2757/3382/3257 2752/3384/3259
f 2758/3383/3258 2752/3384/3259 2751/3385/3260
f 2751/3385/3260 2752/3384/3259 372/3386/3261
f 2751/3385/3260 372/3386/3261 371/3387/3262
f 354/3388/3263 2745/3389/3264 2740/3376/3251
f 2740/3376/3251 2745/3389/3264 2755/3390/3265
f 2740/3376/3251 2755/3390/3265 2776/3391/3266
f 2776/3391/3266 2755/3390/3265 2756/3392/3267
f 2776/3391/3266 2756/3392/3267 2775/3380/3255
f 2775/3380/3255 2756/3392/3267 2757/3382/3257
f 354/3388/3263 376/3393/3268 2745/3389/3264
f 2745/3389/3264 376/3393/3268 375/3394/3269
f 2745/3389/3264 375/3394/3269 374/3395/3270
f 2745/3389/3264 374/3395/3270 2754/3396/3271
f 2754/3396/3271 374/3395/3270 373/3397/3272
f 2754/3396/3271 373/3397/3272 2753/3398/3273
f 2753/3398/3273 373/3397/3272 372/3386/3261
f 2753/3398/3273 372/3386/3261 2752/3384/3259
f 370/3364/3239 2749/3374/3249 371/3387/3262
f 371/3387/3262 2749/3374/3249 2750/3399/3274
f 371/3387/3262 2750/3399/3274 2751/3385/3260
f 2751/3385/3260 2750/3399/3274 2759/3400/3275
f 2751/3385/3260 2759/3400/3275 2758/3383/3258
f 2758/3383/3258 2759/3400/3275 2773/3401/3276
f 2758/3383/3258 2773/3401/3276 2774/3381/3256
f 2774/3381/3256 2773/3401/3276 2784/3402/3277
f 2774/3381/3256 2784/3402/3277 2785/3379/3254
f 2785/3379/3254 2784/3402/3277 2794/3403/3278
f 2785/3379/3254 2794/3403/3278 2743/3377/3252
f 2743/3377/3252 2794/3403/3278 2795/3375/3250
f 2747/3363/3238 369/3365/3240 2746/3404/3279
f 2746/3404/3279 369/3365/3240 368/3405/3280
f 2746/3404/3279 368/3405/3280 2744/3317/3193
f 2744/3317/3193 368/3405/3280 367/3315/3192
f 2802/3369/3244 2808/3368/3243 2795/3375/3250
f 2775/3380/3255 2786/3378/3253 2776/3391/3266
f 2776/3391/3266 2786/3378/3253 2740/3376/3251
f 2746/3404/3279 2744/3317/3193 2764/3406/3281
f 2764/3406/3281 2744/3317/3193 2765/3319/3194
f 2764/3406/3281 2765/3319/3194 2767/3323/3198
f 2767/3323/3198 2765/3319/3194 2766/3321/3196
f 2747/3363/3238 2746/3404/3279 2763/3407/3282
f 2763/3407/3282 2746/3404/3279 2764/3406/3281
f 2763/3407/3282 2764/3406/3281 2768/3408/3283
f 2768/3408/3283 2764/3406/3281 2767/3323/3198
f 2768/3408/3283 2767/3323/3198 2778/3325/3200
f 2759/3400/3275 2750/3399/3274 2760/3373/3248
f 2760/3373/3248 2750/3399/3274 2749/3374/3249
f 2752/3384/3259 2757/3382/3257 2753/3398/3273
f 2753/3398/3273 2757/3382/3257 2756/3392/3267
f 2753/3398/3273 2756/3392/3267 2754/3396/3271
f 2754/3396/3271 2756/3392/3267 2755/3390/3265
f 2754/3396/3271 2755/3390/3265 2745/3389/3264
f 2773/3401/3276 2759/3400/3275 2772/3372/3247
f 2772/3372/3247 2759/3400/3275 2760/3373/3248
f 2762/3361/3236 2763/3407/3282 2769/3409/3284
f 2769/3409/3284 2763/3407/3282 2768/3408/3283
f 2769/3409/3284 2768/3408/3283 2779/3410/3285
f 2779/3410/3285 2768/3408/3283 2778/3325/3200
f 2779/3410/3285 2778/3325/3200 2788/3327/3202
f 2763/3407/3282 2762/3361/3236 2747/3363/3238
f 2762/3361/3236 2769/3409/3284 2770/3359/3234
f 2770/3359/3234 2769/3409/3284 2780/3411/3286
f 2770/3359/3234 2780/3411/3286 2781/3357/3232
f 2781/3357/3232 2780/3411/3286 2790/3412/3287
f 2781/3357/3232 2790/3412/3287 2791/3355/3230
f 2791/3355/3230 2790/3412/3287 2799/3413/3288
f 2791/3355/3230 2799/3413/3288 2800/3353/3228
f 2800/3353/3228 2799/3413/3288 2805/3414/3289
f 2800/3353/3228 2805/3414/3289 2806/3351/3226
f 2806/3351/3226 2805/3414/3289 2741/3342/3217
f 2806/3351/3226 2741/3342/3217 2810/3344/3219
f 2780/3411/3286 2769/3409/3284 2779/3410/3285
f 2784/3402/3277 2773/3401/3276 2783/3371/3246
f 2783/3371/3246 2773/3401/3276 2772/3372/3247
f 2780/3411/3286 2779/3410/3285 2789/3415/3290
f 2789/3415/3290 2779/3410/3285 2788/3327/3202
f 2789/3415/3290 2788/3327/3202 2797/3331/3206
f 2797/3331/3206 2788/3327/3202 2796/3329/3204
f 2794/3403/3278 2784/3402/3277 2793/3370/3245
f 2793/3370/3245 2784/3402/3277 2783/3371/3246
f 2780/3411/3286 2789/3415/3290 2790/3412/3287
f 2790/3412/3287 2789/3415/3290 2798/3416/3291
f 2790/3412/3287 2798/3416/3291 2799/3413/3288
f 2799/3413/3288 2798/3416/3291 2804/3335/3210
f 2799/3413/3288 2804/3335/3210 2805/3414/3289
f 2805/3414/3289 2804/3335/3210 2809/3340/3215
f 2805/3414/3289 2809/3340/3215 2741/3342/3217
f 2798/3416/3291 2789/3415/3290 2797/3331/3206
f 2795/3375/3250 2794/3403/3278 2802/3369/3244
f 2802/3369/3244 2794/3403/3278 2793/3370/3245
f 2804/3335/3210 2798/3416/3291 2803/3333/3208
f 2803/3333/3208 2798/3416/3291 2797/3331/3206
f 2519/3417/2968 2814/3418/3292 2520/3419/2969
f 2520/3419/2969 2814/3418/3292 2914/3420/3293
f 2520/3419/2969 2914/3420/3293 2725/3421/3294
f 2725/3421/3294 2914/3420/3293 2831/3422/3295
f 2725/3421/3294 2831/3422/3295 2852/3423/3296
f 2852/3423/3296 2831/3422/3295 2832/3424/3297
f 2852/3423/3296 2832/3424/3297 2851/3425/3298
f 2851/3425/3298 2832/3424/3297 2833/3426/3299
f 2851/3425/3298 2833/3426/3299 2850/3427/3300
f 2850/3427/3300 2833/3426/3299 2834/3428/3301
f 2850/3427/3300 2834/3428/3301 2849/3429/3302
f 2849/3429/3302 2834/3428/3301 2835/3430/3303
f 2849/3429/3302 2835/3430/3303 2848/3431/3304
f 2848/3431/3304 2835/3430/3303 2836/3432/3305
f 2848/3431/3304 2836/3432/3305 2847/3433/3306
f 2847/3433/3306 2836/3432/3305 2837/3434/3307
f 2847/3433/3306 2837/3434/3307 2846/3435/3308
f 2846/3435/3308 2837/3434/3307 2838/3436/3309
f 2846/3435/3308 2838/3436/3309 2845/3437/3310
f 2845/3437/3310 2838/3436/3309 2839/3438/3311
f 2845/3437/3310 2839/3438/3311 2844/3439/3312
f 2844/3439/3312 2839/3438/3311 2840/3440/3313
f 2844/3439/3312 2840/3440/3313 2843/3441/3314
f 2843/3441/3314 2840/3440/3313 2841/3442/3315
f 2843/3441/3314 2841/3442/3315 2842/3443/3316
f 2842/3443/3316 2841/3442/3315 2827/3444/3317
f 2842/3443/3316 2827/3444/3317 2890/3445/3318
f 2890/3445/3318 2827/3444/3317 2830/3446/3319
f 2890/3445/3318 2830/3446/3319 2904/3447/3320
f 2904/3447/3320 2830/3446/3319 2736/3448/3321
f 2904/3447/3320 2736/3448/3321 2735/3449/3322
f 2815/3450/3323 2864/3451/3324 2814/3418/3292
f 2814/3418/3292 2864/3451/3324 2863/3452/3325
f 2814/3418/3292 2863/3452/3325 2914/3420/3293
f 2914/3420/3293 2863/3452/3325 2862/3453/3326
f 2914/3420/3293 2862/3453/3326 2913/3454/3327
f 2913/3454/3327 2862/3453/3326 2861/3455/3328
f 2913/3454/3327 2861/3455/3328 2912/3456/3329
f 2912/3456/3329 2861/3455/3328 2860/3457/3330
f 2912/3456/3329 2860/3457/3330 2911/3458/3331
f 2911/3458/3331 2860/3457/3330 2859/3459/3332
f 2911/3458/3331 2859/3459/3332 2910/3460/3333
f 2910/3460/3333 2859/3459/3332 2858/3461/3334
f 2910/3460/3333 2858/3461/3334 2909/3462/3335
f 2909/3462/3335 2858/3461/3334 2857/3463/3336
f 2909/3462/3335 2857/3463/3336 2908/3464/3337
f 2908/3464/3337 2857/3463/3336 2856/3465/3338
f 2908/3464/3337 2856/3465/3338 2907/3466/3339
f 2907/3466/3339 2856/3465/3338 2855/3467/3340
f 2907/3466/3339 2855/3467/3340 2906/3468/3341
f 2906/3468/3341 2855/3467/3340 2854/3469/3342
f 2906/3468/3341 2854/3469/3342 2905/3470/3343
f 2905/3470/3343 2854/3469/3342 2853/3471/3344
f 2905/3470/3343 2853/3471/3344 2829/3472/3345
f 2829/3472/3345 2853/3471/3344 2827/3444/3317
f 2829/3472/3345 2827/3444/3317 2841/3442/3315
f 2816/3473/3346 2875/3474/3347 2815/3450/3323
f 2815/3450/3323 2875/3474/3347 2865/3475/3348
f 2815/3450/3323 2865/3475/3348 2864/3451/3324
f 2864/3451/3324 2865/3475/3348 2863/3452/3325
f 2875/3474/3347 2816/3473/3346 2876/3476/3349
f 2876/3476/3349 2816/3473/3346 2817/3477/3350
f 2876/3476/3349 2817/3477/3350 2877/3478/3351
f 2877/3478/3351 2817/3477/3350 2878/3479/3352
f 2877/3478/3351 2878/3479/3352 2867/3480/3353
f 2867/3480/3353 2878/3479/3352 2868/3481/3354
f 2867/3480/3353 2868/3481/3354 2860/3457/3330
f 2860/3457/3330 2868/3481/3354 2859/3459/3332
f 2817/3477/3350 2818/3482/3355 2878/3479/3352
f 2878/3479/3352 2818/3482/3355 2879/3483/3356
f 2878/3479/3352 2879/3483/3356 2868/3481/3354
f 2868/3481/3354 2879/3483/3356 2869/3484/3357
f 2868/3481/3354 2869/3484/3357 2859/3459/3332
f 2859/3459/3332 2869/3484/3357 2858/3461/3334
f 2879/3483/3356 2818/3482/3355 2889/3485/3358
f 2889/3485/3358 2818/3482/3355 2819/3486/3359
f 2889/3485/3358 2819/3486/3359 2879/3483/3356
f 2879/3483/3356 2819/3486/3359 2884/3487/3360
f 2879/3483/3356 2884/3487/3360 2880/3488/3361
f 2880/3488/3361 2884/3487/3360 2885/3489/3362
f 2880/3488/3361 2885/3489/3362 2881/3490/3363
f 2881/3490/3363 2885/3489/3362 2886/3491/3364
f 2881/3490/3363 2886/3491/3364 2882/3492/3365
f 2882/3492/3365 2886/3491/3364 2887/3493/3366
f 2882/3492/3365 2887/3493/3366 2883/3494/3367
f 2883/3494/3367 2887/3493/3366 2888/3495/3368
f 2883/3494/3367 2888/3495/3368 2828/3496/3369
f 2828/3496/3369 2888/3495/3368 2825/3497/3370
f 2828/3496/3369 2825/3497/3370 2826/3498/3371
f 2819/3486/3359 2820/3499/3372 2884/3487/3360
f 2884/3487/3360 2820/3499/3372 2885/3489/3362
f 2820/3499/3372 2821/3500/3373 2885/3489/3362
f 2885/3489/3362 2821/3500/3373 2886/3491/3364
f 2821/3500/3373 2822/3501/3374 2886/3491/3364
f 2886/3491/3364 2822/3501/3374 2887/3493/3366
f 2822/3501/3374 2823/3502/3375 2887/3493/3366
f 2887/3493/3366 2823/3502/3375 2888/3495/3368
f 2823/3502/3375 2824/3503/3376 2888/3495/3368
f 2888/3495/3368 2824/3503/3376 2825/3497/3370
f 2827/3444/3317 2853/3471/3344 2826/3498/3371
f 2826/3498/3371 2853/3471/3344 2874/3504/3377
f 2826/3498/3371 2874/3504/3377 2828/3496/3369
f 2828/3496/3369 2874/3504/3377 2873/3505/3378
f 2828/3496/3369 2873/3505/3378 2883/3494/3367
f 2883/3494/3367 2873/3505/3378 2872/3506/3379
f 2883/3494/3367 2872/3506/3379 2882/3492/3365
f 2882/3492/3365 2872/3506/3379 2871/3507/3380
f 2882/3492/3365 2871/3507/3380 2881/3490/3363
f 2881/3490/3363 2871/3507/3380 2870/3508/3381
f 2881/3490/3363 2870/3508/3381 2880/3488/3361
f 2880/3488/3361 2870/3508/3381 2869/3484/3357
f 2880/3488/3361 2869/3484/3357 2879/3483/3356
f 2827/3444/3317 2739/3509/3382 2830/3446/3319
f 2830/3446/3319 2739/3509/3382 2738/3510/3383
f 2830/3446/3319 2738/3510/3383 2737/3511/3384
f 2737/3511/3384 2736/3448/3321 2830/3446/3319
f 2904/3447/3320 2735/3449/3322 2903/3512/3385
f 2903/3512/3385 2735/3449/3322 2734/3513/3386
f 2903/3512/3385 2734/3513/3386 2902/3514/3387
f 2902/3514/3387 2734/3513/3386 2733/3515/3388
f 2902/3514/3387 2733/3515/3388 2901/3516/3389
f 2901/3516/3389 2733/3515/3388 2732/3517/3390
f 2901/3516/3389 2732/3517/3390 2900/3518/3391
f 2900/3518/3391 2732/3517/3390 2731/3519/3392
f 2900/3518/3391 2731/3519/3392 2899/3520/3393
f 2899/3520/3393 2731/3519/3392 2730/3521/3394
f 2899/3520/3393 2730/3521/3394 2729/3522/3395
f 2728/3523/3396 2897/3524/3397 2729/3522/3395
f 2729/3522/3395 2897/3524/3397 2896/3525/3398
f 2729/3522/3395 2896/3525/3398 2899/3520/3393
f 2899/3520/3393 2896/3525/3398 2895/3526/3399
f 2899/3520/3393 2895/3526/3399 2900/3518/3391
f 2900/3518/3391 2895/3526/3399 2894/3527/3400
f 2900/3518/3391 2894/3527/3400 2901/3516/3389
f 2901/3516/3389 2894/3527/3400 2893/3528/3401
f 2901/3516/3389 2893/3528/3401 2902/3514/3387
f 2902/3514/3387 2893/3528/3401 2892/3529/3402
f 2902/3514/3387 2892/3529/3402 2903/3512/3385
f 2903/3512/3385 2892/3529/3402 2891/3530/3403
f 2903/3512/3385 2891/3530/3403 2904/3447/3320
f 2904/3447/3320 2891/3530/3403 2890/3445/3318
f 2897/3524/3397 2728/3523/3396 2898/3531/3404
f 2898/3531/3404 2728/3523/3396 2727/3532/3405
f 2898/3531/3404 2727/3532/3405 2850/3427/3300
f 2850/3427/3300 2727/3532/3405 2851/3425/3298
f 2727/3532/3405 2726/3533/3406 2851/3425/3298
f 2851/3425/3298 2726/3533/3406 2852/3423/3296
f 2726/3533/3406 2725/3421/3294 2852/3423/3296
f 2914/3420/3293 2913/3454/3327 2831/3422/3295
f 2831/3422/3295 2913/3454/3327 2832/3424/3297
f 2913/3454/3327 2912/3456/3329 2832/3424/3297
f 2832/3424/3297 2912/3456/3329 2833/3426/3299
f 2912/3456/3329 2911/3458/3331 2833/3426/3299
f 2833/3426/3299 2911/3458/3331 2834/3428/3301
f 2911/3458/3331 2910/3460/3333 2834/3428/3301
f 2834/3428/3301 2910/3460/3333 2835/3430/3303
f 2910/3460/3333 2909/3462/3335 2835/3430/3303
f 2835/3430/3303 2909/3462/3335 2836/3432/3305
f 2909/3462/3335 2908/3464/3337 2836/3432/3305
f 2836/3432/3305 2908/3464/3337 2837/3434/3307
f 2908/3464/3337 2907/3466/3339 2837/3434/3307
f 2837/3434/3307 2907/3466/3339 2838/3436/3309
f 2907/3466/3339 2906/3468/3341 2838/3436/3309
f 2838/3436/3309 2906/3468/3341 2839/3438/3311
f 2829/3472/3345 2841/3442/3315 2840/3440/3313
f 2906/3468/3341 2905/3470/3343 2839/3438/3311
f 2839/3438/3311 2905/3470/3343 2840/3440/3313
f 2905/3470/3343 2829/3472/3345 2840/3440/3313
f 2890/3445/3318 2891/3530/3403 2842/3443/3316
f 2842/3443/3316 2891/3530/3403 2843/3441/3314
f 2891/3530/3403 2892/3529/3402 2843/3441/3314
f 2843/3441/3314 2892/3529/3402 2844/3439/3312
f 2892/3529/3402 2893/3528/3401 2844/3439/3312
f 2844/3439/3312 2893/3528/3401 2845/3437/3310
f 2893/3528/3401 2894/3527/3400 2845/3437/3310
f 2845/3437/3310 2894/3527/3400 2846/3435/3308
f 2894/3527/3400 2895/3526/3399 2846/3435/3308
f 2846/3435/3308 2895/3526/3399 2847/3433/3306
f 2895/3526/3399 2896/3525/3398 2847/3433/3306
f 2847/3433/3306 2896/3525/3398 2848/3431/3304
f 2898/3531/3404 2850/3427/3300 2849/3429/3302
f 2896/3525/3398 2897/3524/3397 2848/3431/3304
f 2848/3431/3304 2897/3524/3397 2849/3429/3302
f 2897/3524/3397 2898/3531/3404 2849/3429/3302
f 2873/3505/3378 2874/3504/3377 2854/3469/3342
f 2854/3469/3342 2874/3504/3377 2853/3471/3344
f 2872/3506/3379 2873/3505/3378 2855/3467/3340
f 2855/3467/3340 2873/3505/3378 2854/3469/3342
f 2871/3507/3380 2872/3506/3379 2856/3465/3338
f 2856/3465/3338 2872/3506/3379 2855/3467/3340
f 2870/3508/3381 2871/3507/3380 2857/3463/3336
f 2857/3463/3336 2871/3507/3380 2856/3465/3338
f 2869/3484/3357 2870/3508/3381 2858/3461/3334
f 2858/3461/3334 2870/3508/3381 2857/3463/3336
f 2860/3457/3330 2861/3455/3328 2867/3480/3353
f 2867/3480/3353 2861/3455/3328 2866/3534/3407
f 2867/3480/3353 2866/3534/3407 2877/3478/3351
f 2877/3478/3351 2866/3534/3407 2876/3476/3349
f 2861/3455/3328 2862/3453/3326 2866/3534/3407
f 2866/3534/3407 2862/3453/3326 2865/3475/3348
f 2866/3534/3407 2865/3475/3348 2876/3476/3349
f 2876/3476/3349 2865/3475/3348 2875/3474/3347
f 2862/3453/3326 2863/3452/3325 2865/3475/3348
f 2518/3535/2967 2925/3536/3408 2519/3537/2968
f 2519/3537/2968 2925/3536/3408 2967/3538/3409
f 2519/3537/2968 2967/3538/3409 2966/3539/3410
f 2966/3539/3410 2967/3538/3409 2968/3540/3411
f 2966/3539/3410 2968/3540/3411 2965/3541/3412
f 2965/3541/3412 2968/3540/3411 2969/3542/3413
f 2965/3541/3412 2969/3542/3413 2964/3543/3414
f 2964/3543/3414 2969/3542/3413 2970/3544/3415
f 2964/3543/3414 2970/3544/3415 2963/3545/3416
f 2963/3545/3416 2970/3544/3415 2971/3546/3417
f 2963/3545/3416 2971/3546/3417 2962/3547/3418
f 2962/3547/3418 2971/3546/3417 2972/3548/3419
f 2962/3547/3418 2972/3548/3419 2961/3549/3420
f 2961/3549/3420 2972/3548/3419 2973/3550/3421
f 2961/3549/3420 2973/3550/3421 2960/3551/3422
f 2960/3551/3422 2973/3550/3421 2974/3552/3423
f 2960/3551/3422 2974/3552/3423 2959/3553/3424
f 2959/3553/3424 2974/3552/3423 2975/3554/3425
f 2959/3553/3424 2975/3554/3425 2958/3555/3426
f 2958/3555/3426 2975/3554/3425 2976/3556/3427
f 2958/3555/3426 2976/3556/3427 2957/3557/3428
f 2957/3557/3428 2976/3556/3427 2977/3558/3429
f 2957/3557/3428 2977/3558/3429 2956/3559/3430
f 2956/3559/3430 2977/3558/3429 2924/3560/3431
f 2956/3559/3430 2924/3560/3431 2928/3561/3432
f 2928/3561/3432 2924/3560/3431 2826/3562/3433
f 2928/3561/3432 2826/3562/3433 2825/3563/3434
f 2915/3564/3435 2942/3565/3436 2518/3535/2967
f 2518/3535/2967 2942/3565/3436 2954/3566/3437
f 2518/3535/2967 2954/3566/3437 3007/3567/3438
f 3007/3567/3438 2954/3566/3437 2996/3568/3439
f 3007/3567/3438 2996/3568/3439 3006/3569/3440
f 3006/3569/3440 2996/3568/3439 2995/3570/3441
f 3006/3569/3440 2995/3570/3441 3005/3571/3442
f 3005/3571/3442 2995/3570/3441 2994/3572/3443
f 3005/3571/3442 2994/3572/3443 3004/3573/3444
f 3004/3573/3444 2994/3572/3443 2993/3574/3445
f 3004/3573/3444 2993/3574/3445 3003/3575/3446
f 3003/3575/3446 2993/3574/3445 2992/3576/3447
f 3003/3575/3446 2992/3576/3447 3002/3577/3448
f 3002/3577/3448 2992/3576/3447 2991/3578/3449
f 3002/3577/3448 2991/3578/3449 3001/3579/3450
f 3001/3579/3450 2991/3578/3449 2990/3580/3451
f 3001/3579/3450 2990/3580/3451 3000/3581/3452
f 3000/3581/3452 2990/3580/3451 2989/3582/3453
f 3000/3581/3452 2989/3582/3453 2999/3583/3454
f 2999/3583/3454 2989/3582/3453 2988/3584/3455
f 2999/3583/3454 2988/3584/3455 2998/3585/3456
f 2998/3585/3456 2988/3584/3455 2987/3586/3457
f 2998/3585/3456 2987/3586/3457 2997/3587/3458
f 2997/3587/3458 2987/3586/3457 2923/3588/3459
f 2997/3587/3458 2923/3588/3459 2924/3560/3431
f 2916/3589/3460 2943/3590/3461 2915/3564/3435
f 2915/3564/3435 2943/3590/3461 2955/3591/3462
f 2915/3564/3435 2955/3591/3462 2942/3565/3436
f 2942/3565/3436 2955/3591/3462 2953/3592/3463
f 2942/3565/3436 2953/3592/3463 2986/3593/3464
f 2986/3593/3464 2953/3592/3463 2952/3594/3465
f 2986/3593/3464 2952/3594/3465 2985/3595/3466
f 2985/3595/3466 2952/3594/3465 2951/3596/3467
f 2985/3595/3466 2951/3596/3467 2984/3597/3468
f 2984/3597/3468 2951/3596/3467 2950/3598/3469
f 2984/3597/3468 2950/3598/3469 2983/3599/3470
f 2983/3599/3470 2950/3598/3469 2949/3600/3471
f 2983/3599/3470 2949/3600/3471 2982/3601/3472
f 2982/3601/3472 2949/3600/3471 2948/3602/3473
f 2982/3601/3472 2948/3602/3473 2981/3603/3474
f 2981/3603/3474 2948/3602/3473 2947/3604/3475
f 2981/3603/3474 2947/3604/3475 2980/3605/3476
f 2980/3605/3476 2947/3604/3475 2946/3606/3477
f 2980/3605/3476 2946/3606/3477 2979/3607/3478
f 2979/3607/3478 2946/3606/3477 2945/3608/3479
f 2979/3607/3478 2945/3608/3479 2978/3609/3480
f 2978/3609/3480 2945/3608/3479 2944/3610/3481
f 2978/3609/3480 2944/3610/3481 2926/3611/3482
f 2926/3611/3482 2944/3610/3481 2923/3588/3459
f 2926/3611/3482 2923/3588/3459 2987/3586/3457
f 2943/3590/3461 2916/3589/3460 2941/3612/3483
f 2941/3612/3483 2916/3589/3460 2917/3613/3484
f 2941/3612/3483 2917/3613/3484 2940/3614/3485
f 2940/3614/3485 2917/3613/3484 2918/3615/3486
f 2940/3614/3485 2918/3615/3486 2939/3616/3487
f 2939/3616/3487 2918/3615/3486 2951/3596/3467
f 2939/3616/3487 2951/3596/3467 2952/3594/3465
f 2951/3596/3467 2918/3615/3486 2950/3598/3469
f 2950/3598/3469 2918/3615/3486 2919/3617/3488
f 2950/3598/3469 2919/3617/3488 2949/3600/3471
f 2949/3600/3471 2919/3617/3488 2948/3602/3473
f 2919/3617/3488 2920/3618/3489 2948/3602/3473
f 2948/3602/3473 2920/3618/3489 2947/3604/3475
f 2947/3604/3475 2920/3618/3489 2946/3606/3477
f 2946/3606/3477 2920/3618/3489 2921/3619/3490
f 2946/3606/3477 2921/3619/3490 2945/3608/3479
f 2945/3608/3479 2921/3619/3490 2922/3620/3491
f 2945/3608/3479 2922/3620/3491 2944/3610/3481
f 2944/3610/3481 2922/3620/3491 2923/3588/3459
f 2825/3563/3434 2824/3621/3492 2928/3561/3432
f 2928/3561/3432 2824/3621/3492 2823/3622/3493
f 2928/3561/3432 2823/3622/3493 2938/3623/3494
f 2938/3623/3494 2823/3622/3493 2822/3624/3495
f 2938/3623/3494 2822/3624/3495 2937/3625/3496
f 2937/3625/3496 2822/3624/3495 2821/3626/3497
f 2937/3625/3496 2821/3626/3497 2936/3627/3498
f 2936/3627/3498 2821/3626/3497 2820/3628/3499
f 2936/3627/3498 2820/3628/3499 2819/3629/3500
f 2936/3627/3498 2819/3629/3500 2935/3630/3501
f 2935/3630/3501 2819/3629/3500 2818/3631/3502
f 2935/3630/3501 2818/3631/3502 2934/3632/3503
f 2934/3632/3503 2818/3631/3502 2933/3633/3504
f 2934/3632/3503 2933/3633/3504 2961/3549/3420
f 2961/3549/3420 2933/3633/3504 2962/3547/3418
f 2818/3631/3502 2817/3634/3505 2933/3633/3504
f 2933/3633/3504 2817/3634/3505 2932/3635/3506
f 2933/3633/3504 2932/3635/3506 2962/3547/3418
f 2962/3547/3418 2932/3635/3506 2963/3545/3416
f 2932/3635/3506 2817/3634/3505 2931/3636/3507
f 2931/3636/3507 2817/3634/3505 2816/3637/3508
f 2931/3636/3507 2816/3637/3508 2930/3638/3509
f 2930/3638/3509 2816/3637/3508 2815/3639/3510
f 2930/3638/3509 2815/3639/3510 2929/3640/3511
f 2929/3640/3511 2815/3639/3510 2814/3641/3512
f 2929/3640/3511 2814/3641/3512 2966/3539/3410
f 2966/3539/3410 2814/3641/3512 2519/3537/2968
f 2925/3536/3408 2518/3535/2967 3007/3567/3438
f 2924/3560/3431 2977/3558/3429 2927/3642/3513
f 2927/3642/3513 2977/3558/3429 2976/3556/3427
f 2927/3642/3513 2976/3556/3427 3008/3643/3514
f 3008/3643/3514 2976/3556/3427 2975/3554/3425
f 3008/3643/3514 2975/3554/3425 3009/3644/3515
f 3009/3644/3515 2975/3554/3425 2974/3552/3423
f 3009/3644/3515 2974/3552/3423 3010/3645/3516
f 3010/3645/3516 2974/3552/3423 2973/3550/3421
f 3010/3645/3516 2973/3550/3421 3011/3646/3517
f 3011/3646/3517 2973/3550/3421 2972/3548/3419
f 3011/3646/3517 2972/3548/3419 3012/3647/3518
f 3012/3647/3518 2972/3548/3419 2971/3546/3417
f 3012/3647/3518 2971/3546/3417 3013/3648/3519
f 3013/3648/3519 2971/3546/3417 2970/3544/3415
f 3013/3648/3519 2970/3544/3415 3014/3649/3520
f 3014/3649/3520 2970/3544/3415 2969/3542/3413
f 3014/3649/3520 2969/3542/3413 3015/3650/3521
f 3015/3650/3521 2969/3542/3413 2968/3540/3411
f 3015/3650/3521 2968/3540/3411 3016/3651/3522
f 3016/3651/3522 2968/3540/3411 2967/3538/3409
f 3016/3651/3522 2967/3538/3409 2925/3536/3408
f 2966/3539/3410 2965/3541/3412 2929/3640/3511
f 2929/3640/3511 2965/3541/3412 2930/3638/3509
f 2963/3545/3416 2932/3635/3506 2931/3636/3507
f 2965/3541/3412 2964/3543/3414 2930/3638/3509
f 2930/3638/3509 2964/3543/3414 2931/3636/3507
f 2964/3543/3414 2963/3545/3416 2931/3636/3507
f 2961/3549/3420 2960/3551/3422 2934/3632/3503
f 2934/3632/3503 2960/3551/3422 2935/3630/3501
f 2960/3551/3422 2959/3553/3424 2935/3630/3501
f 2935/3630/3501 2959/3553/3424 2936/3627/3498
f 2959/3553/3424 2958/3555/3426 2936/3627/3498
f 2936/3627/3498 2958/3555/3426 2937/3625/3496
f 2956/3559/3430 2928/3561/3432 2938/3623/3494
f 2958/3555/3426 2957/3557/3428 2937/3625/3496
f 2937/3625/3496 2957/3557/3428 2938/3623/3494
f 2957/3557/3428 2956/3559/3430 2938/3623/3494
f 2939/3616/3487 2952/3594/3465 2940/3614/3485
f 2940/3614/3485 2952/3594/3465 2953/3592/3463
f 2940/3614/3485 2953/3592/3463 2941/3612/3483
f 2941/3612/3483 2953/3592/3463 2955/3591/3462
f 2941/3612/3483 2955/3591/3462 2943/3590/3461
f 2924/3560/3431 2927/3642/3513 2997/3587/3458
f 2997/3587/3458 2927/3642/3513 3008/3643/3514
f 2997/3587/3458 3008/3643/3514 2998/3585/3456
f 2998/3585/3456 3008/3643/3514 3009/3644/3515
f 2998/3585/3456 3009/3644/3515 2999/3583/3454
f 2999/3583/3454 3009/3644/3515 3010/3645/3516
f 2999/3583/3454 3010/3645/3516 3000/3581/3452
f 3000/3581/3452 3010/3645/3516 3011/3646/3517
f 3000/3581/3452 3011/3646/3517 3001/3579/3450
f 3001/3579/3450 3011/3646/3517 3012/3647/3518
f 3001/3579/3450 3012/3647/3518 3002/3577/3448
f 3002/3577/3448 3012/3647/3518 3013/3648/3519
f 3002/3577/3448 3013/3648/3519 3003/3575/3446
f 3003/3575/3446 3013/3648/3519 3014/3649/3520
f 3003/3575/3446 3014/3649/3520 3004/3573/3444
f 3004/3573/3444 3014/3649/3520 3015/3650/3521
f 3004/3573/3444 3015/3650/3521 3005/3571/3442
f 3005/3571/3442 3015/3650/3521 3016/3651/3522
f 3005/3571/3442 3016/3651/3522 3006/3569/3440
f 3006/3569/3440 3016/3651/3522 2925/3536/3408
f 3006/3569/3440 2925/3536/3408 3007/3567/3438
f 2987/3586/3457 2988/3584/3455 2926/3611/3482
f 2926/3611/3482 2988/3584/3455 2978/3609/3480
f 2988/3584/3455 2989/3582/3453 2978/3609/3480
f 2978/3609/3480 2989/3582/3453 2979/3607/3478
f 2989/3582/3453 2990/3580/3451 2979/3607/3478
f 2979/3607/3478 2990/3580/3451 2980/3605/3476
f 2990/3580/3451 2991/3578/3449 2980/3605/3476
f 2980/3605/3476 2991/3578/3449 2981/3603/3474
f 2991/3578/3449 2992/3576/3447 2981/3603/3474
f 2981/3603/3474 2992/3576/3447 2982/3601/3472
f 2992/3576/3447 2993/3574/3445 2982/3601/3472
f 2982/3601/3472 2993/3574/3445 2983/3599/3470
f 2993/3574/3445 2994/3572/3443 2983/3599/3470
f 2983/3599/3470 2994/3572/3443 2984/3597/3468
f 2994/3572/3443 2995/3570/3441 2984/3597/3468
f 2984/3597/3468 2995/3570/3441 2985/3595/3466
f 2954/3566/3437 2942/3565/3436 2986/3593/3464
f 2995/3570/3441 2996/3568/3439 2985/3595/3466
f 2985/3595/3466 2996/3568/3439 2986/3593/3464
f 2996/3568/3439 2954/3566/3437 2986/3593/3464
f 2518/3652/2967 2517/3653/2966 2915/3654/3523
f 2915/3654/3523 2517/3653/2966 3032/3655/3524
f 2915/3654/3523 3032/3655/3524 2916/3656/3525
f 2916/3656/3525 3032/3655/3524 3034/3657/3526
f 2916/3656/3525 3034/3657/3526 2917/3658/3527
f 2917/3658/3527 3034/3657/3526 3035/3659/3528
f 2917/3658/3527 3035/3659/3528 2918/3660/3529
f 2918/3660/3529 3035/3659/3528 3036/3661/3530
f 2918/3660/3529 3036/3661/3530 3037/3662/3531
f 3037/3662/3531 3036/3661/3530 3117/3663/3532
f 3037/3662/3531 3117/3663/3532 3116/3664/3533
f 3116/3664/3533 3117/3663/3532 3060/3665/3534
f 3116/3664/3533 3060/3665/3534 3059/3666/3535
f 3059/3666/3535 3060/3665/3534 3050/3667/3536
f 3059/3666/3535 3050/3667/3536 3051/3668/3537
f 3051/3668/3537 3050/3667/3536 3104/3669/3538
f 3051/3668/3537 3104/3669/3538 3103/3670/3539
f 3103/3670/3539 3104/3669/3538 3084/3671/3540
f 3103/3670/3539 3084/3671/3540 3094/3672/3541
f 3094/3672/3541 3084/3671/3540 3092/3673/3542
f 3094/3672/3541 3092/3673/3542 3026/3674/3543
f 3026/3674/3543 3092/3673/3542 3025/3675/3544
f 3025/3675/3544 3092/3673/3542 3084/3671/3540
f 3025/3675/3544 3084/3671/3540 3083/3676/3545
f 3083/3676/3545 3084/3671/3540 3095/3677/3546
f 3083/3676/3545 3095/3677/3546 3085/3678/3547
f 3085/3678/3547 3095/3677/3546 3096/3679/3548
f 3085/3678/3547 3096/3679/3548 3086/3680/3549
f 3086/3680/3549 3096/3679/3548 3097/3681/3550
f 3086/3680/3549 3097/3681/3550 3077/3682/3551
f 3077/3682/3551 3097/3681/3550 3098/3683/3552
f 3077/3682/3551 3098/3683/3552 3087/3684/3553
f 3087/3684/3553 3098/3683/3552 3099/3685/3554
f 3087/3684/3553 3099/3685/3554 3088/3686/3555
f 3088/3686/3555 3099/3685/3554 3100/3687/3556
f 3088/3686/3555 3100/3687/3556 3089/3688/3557
f 3089/3688/3557 3100/3687/3556 3101/3689/3558
f 3089/3688/3557 3101/3689/3558 3090/3690/3559
f 3090/3690/3559 3101/3689/3558 3075/3691/3560
f 3090/3690/3559 3075/3691/3560 3030/3692/3561
f 3030/3692/3561 3075/3691/3560 2516/3693/2965
f 3030/3692/3561 2516/3693/2965 3082/3694/3562
f 3082/3694/3562 2516/3693/2965 3066/3695/3563
f 3082/3694/3562 3066/3695/3563 3074/3696/3564
f 3074/3696/3564 3066/3695/3563 3069/3697/3565
f 3074/3696/3564 3069/3697/3565 3068/3698/3566
f 3068/3698/3566 3069/3697/3565 3019/3699/3567
f 3068/3698/3566 3019/3699/3567 3020/3700/3568
f 2516/3693/2965 3075/3691/3560 2517/3653/2966
f 2517/3653/2966 3075/3691/3560 3111/3701/3569
f 2517/3653/2966 3111/3701/3569 3044/3702/3570
f 3044/3702/3570 3111/3701/3569 3110/3703/3571
f 3044/3702/3570 3110/3703/3571 3045/3704/3572
f 3045/3704/3572 3110/3703/3571 3109/3705/3573
f 3045/3704/3572 3109/3705/3573 3046/3706/3574
f 3046/3706/3574 3109/3705/3573 3108/3707/3575
f 3046/3706/3574 3108/3707/3575 3047/3708/3576
f 3047/3708/3576 3108/3707/3575 3107/3709/3577
f 3047/3708/3576 3107/3709/3577 3048/3710/3578
f 3048/3710/3578 3107/3709/3577 3106/3711/3579
f 3048/3710/3578 3106/3711/3579 3049/3712/3580
f 3049/3712/3580 3106/3711/3579 3105/3713/3581
f 3049/3712/3580 3105/3713/3581 3050/3667/3536
f 3050/3667/3536 3105/3713/3581 3104/3669/3538
f 3017/3714/3582 3018/3715/3583 2516/3693/2965
f 2516/3693/2965 3018/3715/3583 3067/3716/3584
f 2516/3693/2965 3067/3716/3584 3070/3717/3585
f 3070/3717/3585 3067/3716/3584 3019/3699/3567
f 3070/3717/3585 3019/3699/3567 3069/3697/3565
f 3018/3715/3583 3019/3699/3567 3067/3716/3584
f 3021/3718/3586 3071/3719/3587 3020/3700/3568
f 3020/3700/3568 3071/3719/3587 3072/3720/3588
f 3020/3700/3568 3072/3720/3588 3073/3721/3589
f 3073/3721/3589 3072/3720/3588 3080/3722/3590
f 3073/3721/3589 3080/3722/3590 3081/3723/3591
f 3081/3723/3591 3080/3722/3590 3090/3690/3559
f 3081/3723/3591 3090/3690/3559 3030/3692/3561
f 3022/3724/3592 3076/3725/3593 3021/3718/3586
f 3021/3718/3586 3076/3725/3593 3078/3726/3594
f 3021/3718/3586 3078/3726/3594 3071/3719/3587
f 3071/3719/3587 3078/3726/3594 3079/3727/3595
f 3071/3719/3587 3079/3727/3595 3072/3720/3588
f 3072/3720/3588 3079/3727/3595 3080/3722/3590
f 3023/3728/3596 3091/3729/3597 3022/3724/3592
f 3022/3724/3592 3091/3729/3597 3077/3682/3551
f 3022/3724/3592 3077/3682/3551 3076/3725/3593
f 3076/3725/3593 3077/3682/3551 3087/3684/3553
f 3076/3725/3593 3087/3684/3553 3078/3726/3594
f 3078/3726/3594 3087/3684/3553 3088/3686/3555
f 3078/3726/3594 3088/3686/3555 3079/3727/3595
f 3079/3727/3595 3088/3686/3555 3089/3688/3557
f 3079/3727/3595 3089/3688/3557 3080/3722/3590
f 3080/3722/3590 3089/3688/3557 3090/3690/3559
f 3024/3730/3598 3085/3678/3547 3023/3728/3596
f 3023/3728/3596 3085/3678/3547 3086/3680/3549
f 3023/3728/3596 3086/3680/3549 3091/3729/3597
f 3091/3729/3597 3086/3680/3549 3077/3682/3551
f 3085/3678/3547 3024/3730/3598 3083/3676/3545
f 3083/3676/3545 3024/3730/3598 3025/3675/3544
f 3026/3674/3543 3027/3731/3599 3094/3672/3541
f 3094/3672/3541 3027/3731/3599 3093/3732/3600
f 3094/3672/3541 3093/3732/3600 3102/3733/3601
f 3102/3733/3601 3093/3732/3600 3031/3734/3602
f 3102/3733/3601 3031/3734/3602 3053/3735/3603
f 3053/3735/3603 3031/3734/3602 3054/3736/3604
f 3053/3735/3603 3054/3736/3604 3056/3737/3605
f 3056/3737/3605 3054/3736/3604 3055/3738/3606
f 3056/3737/3605 3055/3738/3606 3112/3739/3607
f 3112/3739/3607 3055/3738/3606 3033/3740/3608
f 3112/3739/3607 3033/3740/3608 3042/3741/3609
f 3042/3741/3609 3033/3740/3608 3043/3742/3610
f 3042/3741/3609 3043/3742/3610 2922/3743/3611
f 2922/3743/3611 3043/3742/3610 2923/3744/3612
f 2923/3744/3612 3043/3742/3610 3033/3740/3608
f 2923/3744/3612 3033/3740/3608 3029/3745/3613
f 3029/3745/3613 3033/3740/3608 3055/3738/3606
f 3029/3745/3613 3055/3738/3606 3054/3736/3604
f 3027/3731/3599 3028/3746/3614 3093/3732/3600
f 3093/3732/3600 3028/3746/3614 3029/3745/3613
f 3093/3732/3600 3029/3745/3613 3031/3734/3602
f 3031/3734/3602 3029/3745/3613 3054/3736/3604
f 2922/3743/3611 2921/3747/3615 3042/3741/3609
f 3042/3741/3609 2921/3747/3615 3041/3748/3616
f 3042/3741/3609 3041/3748/3616 3112/3739/3607
f 3112/3739/3607 3041/3748/3616 3113/3749/3617
f 3112/3739/3607 3113/3749/3617 3056/3737/3605
f 3056/3737/3605 3113/3749/3617 3057/3750/3618
f 3056/3737/3605 3057/3750/3618 3053/3735/3603
f 3053/3735/3603 3057/3750/3618 3052/3751/3619
f 3053/3735/3603 3052/3751/3619 3102/3733/3601
f 3102/3733/3601 3052/3751/3619 3103/3670/3539
f 3102/3733/3601 3103/3670/3539 3094/3672/3541
f 2921/3747/3615 2920/3752/3620 3041/3748/3616
f 3041/3748/3616 2920/3752/3620 3040/3753/3621
f 3041/3748/3616 3040/3753/3621 3113/3749/3617
f 3113/3749/3617 3040/3753/3621 3114/3754/3622
f 3113/3749/3617 3114/3754/3622 3057/3750/3618
f 3057/3750/3618 3114/3754/3622 3058/3755/3623
f 3057/3750/3618 3058/3755/3623 3052/3751/3619
f 3052/3751/3619 3058/3755/3623 3051/3668/3537
f 3052/3751/3619 3051/3668/3537 3103/3670/3539
f 3040/3753/3621 2920/3752/3620 3039/3756/3624
f 3039/3756/3624 2920/3752/3620 2919/3757/3625
f 3039/3756/3624 2919/3757/3625 3038/3758/3626
f 3038/3758/3626 2919/3757/3625 3037/3662/3531
f 3038/3758/3626 3037/3662/3531 3116/3664/3533
f 2919/3757/3625 2918/3660/3529 3037/3662/3531
f 3081/3723/3591 3030/3692/3561 3082/3694/3562
f 2517/3653/2966 3065/3759/3627 3121/3760/3628
f 3121/3760/3628 3065/3759/3627 3064/3761/3629
f 3121/3760/3628 3064/3761/3629 3120/3762/3630
f 3120/3762/3630 3064/3761/3629 3063/3763/3631
f 3120/3762/3630 3063/3763/3631 3119/3764/3632
f 3119/3764/3632 3063/3763/3631 3062/3765/3633
f 3119/3764/3632 3062/3765/3633 3118/3766/3634
f 3118/3766/3634 3062/3765/3633 3061/3767/3635
f 3118/3766/3634 3061/3767/3635 3117/3663/3532
f 3117/3663/3532 3061/3767/3635 3060/3665/3534
f 2517/3653/2966 3121/3760/3628 3032/3655/3524
f 3032/3655/3524 3121/3760/3628 3120/3762/3630
f 3032/3655/3524 3120/3762/3630 3034/3657/3526
f 3034/3657/3526 3120/3762/3630 3119/3764/3632
f 3034/3657/3526 3119/3764/3632 3035/3659/3528
f 3035/3659/3528 3119/3764/3632 3118/3766/3634
f 3035/3659/3528 3118/3766/3634 3036/3661/3530
f 3036/3661/3530 3118/3766/3634 3117/3663/3532
f 3114/3754/3622 3040/3753/3621 3039/3756/3624
f 3039/3756/3624 3038/3758/3626 3115/3768/3636
f 3115/3768/3636 3038/3758/3626 3116/3664/3533
f 3115/3768/3636 3116/3664/3533 3059/3666/3535
f 3064/3761/3629 3065/3759/3627 3045/3704/3572
f 3045/3704/3572 3065/3759/3627 3044/3702/3570
f 3063/3763/3631 3064/3761/3629 3046/3706/3574
f 3046/3706/3574 3064/3761/3629 3045/3704/3572
f 3062/3765/3633 3063/3763/3631 3047/3708/3576
f 3047/3708/3576 3063/3763/3631 3046/3706/3574
f 3061/3767/3635 3062/3765/3633 3048/3710/3578
f 3048/3710/3578 3062/3765/3633 3047/3708/3576
f 3060/3665/3534 3061/3767/3635 3049/3712/3580
f 3049/3712/3580 3061/3767/3635 3048/3710/3578
f 3049/3712/3580 3050/3667/3536 3060/3665/3534
f 3059/3666/3535 3051/3668/3537 3058/3755/3623
f 3115/3768/3636 3059/3666/3535 3058/3755/3623
f 3115/3768/3636 3058/3755/3623 3114/3754/3622
f 3065/3759/3627 2517/3653/2966 3044/3702/3570
f 3069/3697/3565 3066/3695/3563 3070/3717/3585
f 3070/3717/3585 3066/3695/3563 2516/3693/2965
f 3068/3698/3566 3020/3700/3568 3073/3721/3589
f 3068/3698/3566 3073/3721/3589 3074/3696/3564
f 3074/3696/3564 3073/3721/3589 3081/3723/3591
f 3074/3696/3564 3081/3723/3591 3082/3694/3562
f 3084/3671/3540 3104/3669/3538 3095/3677/3546
f 3095/3677/3546 3104/3669/3538 3105/3713/3581
f 3095/3677/3546 3105/3713/3581 3096/3679/3548
f 3096/3679/3548 3105/3713/3581 3106/3711/3579
f 3096/3679/3548 3106/3711/3579 3097/3681/3550
f 3097/3681/3550 3106/3711/3579 3107/3709/3577
f 3097/3681/3550 3107/3709/3577 3098/3683/3552
f 3098/3683/3552 3107/3709/3577 3108/3707/3575
f 3098/3683/3552 3108/3707/3575 3099/3685/3554
f 3099/3685/3554 3108/3707/3575 3109/3705/3573
f 3099/3685/3554 3109/3705/3573 3100/3687/3556
f 3100/3687/3556 3109/3705/3573 3110/3703/3571
f 3100/3687/3556 3110/3703/3571 3101/3689/3558
f 3101/3689/3558 3110/3703/3571 3111/3701/3569
f 3101/3689/3558 3111/3701/3569 3075/3691/3560
f 3039/3756/3624 3115/3768/3636 3114/3754/3622
f 2516/3769/2965 2515/3770/2964 3017/3771/3637
f 3017/3771/3637 2515/3770/2964 3018/3772/3638
f 3018/3772/3638 2515/3770/2964 3137/3773/3639
f 3018/3772/3638 3137/3773/3639 3019/3774/3640
f 3019/3774/3640 3137/3773/3639 3139/3775/3641
f 3019/3774/3640 3139/3775/3641 3140/3776/3642
f 3140/3776/3642 3139/3775/3641 3242/3777/3643
f 3140/3776/3642 3242/3777/3643 3241/3778/3644
f 3241/3778/3644 3242/3777/3643 3168/3779/3645
f 3241/3778/3644 3168/3779/3645 3167/3780/3646
f 3167/3780/3646 3168/3779/3645 3153/3781/3647
f 3167/3780/3646 3153/3781/3647 3154/3782/3648
f 3154/3782/3648 3153/3781/3647 3229/3783/3649
f 3154/3782/3648 3229/3783/3649 3228/3784/3650
f 3228/3784/3650 3229/3783/3649 3219/3785/3651
f 3228/3784/3650 3219/3785/3651 3218/3786/3652
f 3218/3786/3652 3219/3785/3651 3208/3787/3653
f 3218/3786/3652 3208/3787/3653 3207/3788/3654
f 3207/3788/3654 3208/3787/3653 3187/3789/3655
f 3207/3788/3654 3187/3789/3655 3185/3790/3656
f 3185/3790/3656 3187/3789/3655 3195/3791/3657
f 3185/3790/3656 3195/3791/3657 3131/3792/3658
f 3131/3792/3658 3195/3791/3657 3130/3793/3659
f 3130/3793/3659 3195/3791/3657 3187/3789/3655
f 3130/3793/3659 3187/3789/3655 3186/3794/3660
f 3186/3794/3660 3187/3789/3655 3198/3795/3661
f 3186/3794/3660 3198/3795/3661 3188/3796/3662
f 3188/3796/3662 3198/3795/3661 3199/3797/3663
f 3188/3796/3662 3199/3797/3663 3189/3798/3664
f 3189/3798/3664 3199/3797/3663 3200/3799/3665
f 3189/3798/3664 3200/3799/3665 3178/3800/3666
f 3178/3800/3666 3200/3799/3665 3201/3801/3667
f 3178/3800/3666 3201/3801/3667 3180/3802/3668
f 3180/3802/3668 3201/3801/3667 3202/3803/3669
f 3180/3802/3668 3202/3803/3669 3190/3804/3670
f 3190/3804/3670 3202/3803/3669 3203/3805/3671
f 3190/3804/3670 3203/3805/3671 3191/3806/3672
f 3191/3806/3672 3203/3805/3671 3204/3807/3673
f 3191/3806/3672 3204/3807/3673 3192/3808/3674
f 3192/3808/3674 3204/3807/3673 3205/3809/3675
f 3192/3808/3674 3205/3809/3675 3175/3810/3676
f 3175/3810/3676 3205/3809/3675 2514/3811/2962
f 3175/3810/3676 2514/3811/2962 3122/3812/3677
f 2514/3811/2962 3193/3813/3678 2515/3770/2964
f 2515/3770/2964 3193/3813/3678 3234/3814/3679
f 2515/3770/2964 3234/3814/3679 3149/3815/3680
f 3149/3815/3680 3234/3814/3679 3233/3816/3681
f 3149/3815/3680 3233/3816/3681 3150/3817/3682
f 3150/3817/3682 3233/3816/3681 3232/3818/3683
f 3150/3817/3682 3232/3818/3683 3151/3819/3684
f 3151/3819/3684 3232/3818/3683 3231/3820/3685
f 3151/3819/3684 3231/3820/3685 3152/3821/3686
f 3152/3821/3686 3231/3820/3685 3230/3822/3687
f 3152/3821/3686 3230/3822/3687 3153/3781/3647
f 3153/3781/3647 3230/3822/3687 3229/3783/3649
f 3123/3823/3688 3177/3824/3689 3122/3812/3677
f 3122/3812/3677 3177/3824/3689 3176/3825/3690
f 3122/3812/3677 3176/3825/3690 3172/3826/3691
f 3172/3826/3691 3176/3825/3690 3174/3827/3692
f 3172/3826/3691 3174/3827/3692 3183/3828/3693
f 3183/3828/3693 3174/3827/3692 3173/3829/3694
f 3183/3828/3693 3173/3829/3694 3182/3830/3695
f 3182/3830/3695 3173/3829/3694 3125/3831/3696
f 3182/3830/3695 3125/3831/3696 3181/3832/3697
f 3181/3832/3697 3125/3831/3696 3179/3833/3698
f 3181/3832/3697 3179/3833/3698 3190/3804/3670
f 3190/3804/3670 3179/3833/3698 3180/3802/3668
f 3123/3823/3688 3124/3834/3699 3177/3824/3689
f 3177/3824/3689 3124/3834/3699 3176/3825/3690
f 3125/3831/3696 3173/3829/3694 3124/3834/3699
f 3124/3834/3699 3173/3829/3694 3174/3827/3692
f 3124/3834/3699 3174/3827/3692 3176/3825/3690
f 3125/3831/3696 3126/3835/3700 3179/3833/3698
f 3179/3833/3698 3126/3835/3700 3180/3802/3668
f 3180/3802/3668 3126/3835/3700 3184/3836/3701
f 3184/3836/3701 3126/3835/3700 3127/3837/3702
f 3184/3836/3701 3127/3837/3702 3178/3800/3666
f 3178/3800/3666 3127/3837/3702 3189/3798/3664
f 3189/3798/3664 3127/3837/3702 3194/3838/3703
f 3194/3838/3703 3127/3837/3702 3128/3839/3704
f 3194/3838/3703 3128/3839/3704 3189/3798/3664
f 3189/3798/3664 3128/3839/3704 3188/3796/3662
f 3128/3839/3704 3129/3840/3705 3188/3796/3662
f 3188/3796/3662 3129/3840/3705 3186/3794/3660
f 3129/3840/3705 3130/3793/3659 3186/3794/3660
f 3185/3790/3656 3131/3792/3658 3197/3841/3706
f 3197/3841/3706 3131/3792/3658 3132/3842/3707
f 3197/3841/3706 3132/3842/3707 3196/3843/3708
f 3196/3843/3708 3132/3842/3707 3133/3844/3709
f 3196/3843/3708 3133/3844/3709 3197/3841/3706
f 3197/3841/3706 3133/3844/3709 3159/3845/3710
f 3197/3841/3706 3159/3845/3710 3206/3846/3711
f 3206/3846/3711 3159/3845/3710 3216/3847/3712
f 3206/3846/3711 3216/3847/3712 3217/3848/3713
f 3217/3848/3713 3216/3847/3712 3226/3849/3714
f 3217/3848/3713 3226/3849/3714 3227/3850/3715
f 3227/3850/3715 3226/3849/3714 3156/3851/3716
f 3227/3850/3715 3156/3851/3716 3155/3852/3717
f 3155/3852/3717 3156/3851/3716 3165/3853/3718
f 3155/3852/3717 3165/3853/3718 3166/3854/3719
f 3166/3854/3719 3165/3853/3718 3239/3855/3720
f 3166/3854/3719 3239/3855/3720 3240/3856/3721
f 3240/3856/3721 3239/3855/3720 3142/3857/3722
f 3240/3856/3721 3142/3857/3722 3141/3858/3723
f 3141/3858/3723 3142/3857/3722 3020/3859/3724
f 3141/3858/3723 3020/3859/3724 3140/3776/3642
f 3140/3776/3642 3020/3859/3724 3019/3774/3640
f 3133/3844/3709 3134/3860/3725 3159/3845/3710
f 3159/3845/3710 3134/3860/3725 3215/3861/3726
f 3159/3845/3710 3215/3861/3726 3216/3847/3712
f 3216/3847/3712 3215/3861/3726 3225/3862/3727
f 3216/3847/3712 3225/3862/3727 3226/3849/3714
f 3226/3849/3714 3225/3862/3727 3157/3863/3728
f 3226/3849/3714 3157/3863/3728 3156/3851/3716
f 3156/3851/3716 3157/3863/3728 3164/3864/3729
f 3156/3851/3716 3164/3864/3729 3165/3853/3718
f 3165/3853/3718 3164/3864/3729 3238/3865/3730
f 3165/3853/3718 3238/3865/3730 3239/3855/3720
f 3239/3855/3720 3238/3865/3730 3143/3866/3731
f 3239/3855/3720 3143/3866/3731 3142/3857/3722
f 3142/3857/3722 3143/3866/3731 3021/3867/3732
f 3142/3857/3722 3021/3867/3732 3020/3859/3724
f 3029/3868/3733 3161/3869/3734 3134/3860/3725
f 3134/3860/3725 3161/3869/3734 3160/3870/3735
f 3134/3860/3725 3160/3870/3735 3136/3871/3736
f 3136/3871/3736 3160/3870/3735 3158/3872/3737
f 3136/3871/3736 3158/3872/3737 3225/3862/3727
f 3225/3862/3727 3158/3872/3737 3157/3863/3728
f 3028/3873/3738 3148/3874/3739 3029/3868/3733
f 3029/3868/3733 3148/3874/3739 3138/3875/3740
f 3029/3868/3733 3138/3875/3740 3161/3869/3734
f 3161/3869/3734 3138/3875/3740 3235/3876/3741
f 3161/3869/3734 3235/3876/3741 3162/3877/3742
f 3162/3877/3742 3235/3876/3741 3236/3878/3743
f 3162/3877/3742 3236/3878/3743 3163/3879/3744
f 3163/3879/3744 3236/3878/3743 3237/3880/3745
f 3163/3879/3744 3237/3880/3745 3164/3864/3729
f 3164/3864/3729 3237/3880/3745 3238/3865/3730
f 3028/3873/3738 3027/3881/3746 3148/3874/3739
f 3148/3874/3739 3027/3881/3746 3147/3882/3747
f 3148/3874/3739 3147/3882/3747 3138/3875/3740
f 3138/3875/3740 3147/3882/3747 3235/3876/3741
f 3027/3881/3746 3026/3883/3748 3147/3882/3747
f 3147/3882/3747 3026/3883/3748 3025/3884/3749
f 3147/3882/3747 3025/3884/3749 3146/3885/3750
f 3146/3885/3750 3025/3884/3749 3024/3886/3751
f 3146/3885/3750 3024/3886/3751 3145/3887/3752
f 3145/3887/3752 3024/3886/3751 3023/3888/3753
f 3145/3887/3752 3023/3888/3753 3144/3889/3754
f 3144/3889/3754 3023/3888/3753 3022/3890/3755
f 3144/3889/3754 3022/3890/3755 3143/3866/3731
f 3143/3866/3731 3022/3890/3755 3021/3867/3732
f 3122/3812/3677 3172/3826/3691 3175/3810/3676
f 3175/3810/3676 3172/3826/3691 3183/3828/3693
f 3175/3810/3676 3183/3828/3693 3192/3808/3674
f 3192/3808/3674 3183/3828/3693 3182/3830/3695
f 3192/3808/3674 3182/3830/3695 3191/3806/3672
f 3191/3806/3672 3182/3830/3695 3181/3832/3697
f 3191/3806/3672 3181/3832/3697 3190/3804/3670
f 2514/3811/2962 3205/3809/3675 3135/3891/3756
f 3135/3891/3756 3205/3809/3675 3204/3807/3673
f 3135/3891/3756 3204/3807/3673 3214/3892/3757
f 3214/3892/3757 3204/3807/3673 3203/3805/3671
f 3214/3892/3757 3203/3805/3671 3213/3893/3758
f 3213/3893/3758 3203/3805/3671 3202/3803/3669
f 3213/3893/3758 3202/3803/3669 3212/3894/3759
f 3212/3894/3759 3202/3803/3669 3201/3801/3667
f 3212/3894/3759 3201/3801/3667 3211/3895/3760
f 3211/3895/3760 3201/3801/3667 3200/3799/3665
f 3211/3895/3760 3200/3799/3665 3210/3896/3761
f 3210/3896/3761 3200/3799/3665 3199/3797/3663
f 3210/3896/3761 3199/3797/3663 3209/3897/3762
f 3209/3897/3762 3199/3797/3663 3198/3795/3661
f 3209/3897/3762 3198/3795/3661 3208/3787/3653
f 3208/3787/3653 3198/3795/3661 3187/3789/3655
f 2515/3770/2964 3171/3898/3763 3244/3899/3764
f 3244/3899/3764 3171/3898/3763 3170/3900/3765
f 3244/3899/3764 3170/3900/3765 3243/3901/3766
f 3243/3901/3766 3170/3900/3765 3169/3902/3767
f 3243/3901/3766 3169/3902/3767 3242/3777/3643
f 3242/3777/3643 3169/3902/3767 3168/3779/3645
f 3215/3861/3726 3134/3860/3725 3136/3871/3736
f 2515/3770/2964 3244/3899/3764 3137/3773/3639
f 3137/3773/3639 3244/3899/3764 3243/3901/3766
f 3137/3773/3639 3243/3901/3766 3139/3775/3641
f 3139/3775/3641 3243/3901/3766 3242/3777/3643
f 3240/3856/3721 3141/3858/3723 3241/3778/3644
f 3241/3778/3644 3141/3858/3723 3140/3776/3642
f 3143/3866/3731 3238/3865/3730 3144/3889/3754
f 3144/3889/3754 3238/3865/3730 3237/3880/3745
f 3144/3889/3754 3237/3880/3745 3145/3887/3752
f 3145/3887/3752 3237/3880/3745 3236/3878/3743
f 3145/3887/3752 3236/3878/3743 3146/3885/3750
f 3146/3885/3750 3236/3878/3743 3235/3876/3741
f 3146/3885/3750 3235/3876/3741 3147/3882/3747
f 3170/3900/3765 3171/3898/3763 3150/3817/3682
f 3150/3817/3682 3171/3898/3763 3149/3815/3680
f 3169/3902/3767 3170/3900/3765 3151/3819/3684
f 3151/3819/3684 3170/3900/3765 3150/3817/3682
f 3168/3779/3645 3169/3902/3767 3152/3821/3686
f 3152/3821/3686 3169/3902/3767 3151/3819/3684
f 3152/3821/3686 3153/3781/3647 3168/3779/3645
f 3167/3780/3646 3154/3782/3648 3166/3854/3719
f 3166/3854/3719 3154/3782/3648 3155/3852/3717
f 3227/3850/3715 3155/3852/3717 3228/3784/3650
f 3228/3784/3650 3155/3852/3717 3154/3782/3648
f 3163/3879/3744 3164/3864/3729 3157/3863/3728
f 3162/3877/3742 3163/3879/3744 3158/3872/3737
f 3158/3872/3737 3163/3879/3744 3157/3863/3728
f 3161/3869/3734 3162/3877/3742 3160/3870/3735
f 3160/3870/3735 3162/3877/3742 3158/3872/3737
f 3225/3862/3727 3215/3861/3726 3136/3871/3736
f 3241/3778/3644 3167/3780/3646 3240/3856/3721
f 3240/3856/3721 3167/3780/3646 3166/3854/3719
f 3171/3898/3763 2515/3770/2964 3149/3815/3680
f 3180/3802/3668 3184/3836/3701 3178/3800/3666
f 2514/3811/2962 3135/3891/3756 3193/3813/3678
f 3193/3813/3678 3135/3891/3756 3214/3892/3757
f 3193/3813/3678 3214/3892/3757 3224/3903/3768
f 3224/3903/3768 3214/3892/3757 3213/3893/3758
f 3224/3903/3768 3213/3893/3758 3223/3904/3769
f 3223/3904/3769 3213/3893/3758 3212/3894/3759
f 3223/3904/3769 3212/3894/3759 3222/3905/3770
f 3222/3905/3770 3212/3894/3759 3211/3895/3760
f 3222/3905/3770 3211/3895/3760 3221/3906/3771
f 3221/3906/3771 3211/3895/3760 3210/3896/3761
f 3221/3906/3771 3210/3896/3761 3220/3907/3772
f 3220/3907/3772 3210/3896/3761 3209/3897/3762
f 3220/3907/3772 3209/3897/3762 3219/3785/3651
f 3219/3785/3651 3209/3897/3762 3208/3787/3653
f 3207/3788/3654 3185/3790/3656 3206/3846/3711
f 3206/3846/3711 3185/3790/3656 3197/3841/3706
f 3218/3786/3652 3207/3788/3654 3217/3848/3713
f 3217/3848/3713 3207/3788/3654 3206/3846/3711
f 3228/3784/3650 3218/3786/3652 3227/3850/3715
f 3227/3850/3715 3218/3786/3652 3217/3848/3713
f 3219/3785/3651 3229/3783/3649 3220/3907/3772
f 3220/3907/3772 3229/3783/3649 3230/3822/3687
f 3220/3907/3772 3230/3822/3687 3221/3906/3771
f 3221/3906/3771 3230/3822/3687 3231/3820/3685
f 3221/3906/3771 3231/3820/3685 3222/3905/3770
f 3222/3905/3770 3231/3820/3685 3232/3818/3683
f 3222/3905/3770 3232/3818/3683 3223/3904/3769
f 3223/3904/3769 3232/3818/3683 3233/3816/3681
f 3223/3904/3769 3233/3816/3681 3224/3903/3768
f 3224/3903/3768 3233/3816/3681 3234/3814/3679
f 3224/3903/3768 3234/3814/3679 3193/3813/3678
f 2282/3908/3773 3261/3909/3774 2283/3910/3775
f 2283/3910/3775 3261/3909/3774 3259/3911/3776
f 2283/3910/3775 3259/3911/3776 3260/3912/3777
f 3260/3912/3777 3259/3911/3776 3307/3913/3778
f 3260/3912/3777 3307/3913/3778 2375/3914/3779
f 2375/3914/3779 3307/3913/3778 2376/3915/3780
f 2376/3915/3780 3307/3913/3778 2377/3916/2813
f 2377/3916/2813 3307/3913/3778 3246/3917/3781
f 2377/3916/2813 3246/3917/3781 3286/3918/3782
f 3286/3918/3782 3246/3917/3781 3333/3919/3783
f 3286/3918/3782 3333/3919/3783 3287/3920/3784
f 3287/3920/3784 3333/3919/3783 3332/3921/3785
f 3287/3920/3784 3332/3921/3785 3288/3922/3786
f 3288/3922/3786 3332/3921/3785 3331/3923/3787
f 3288/3922/3786 3331/3923/3787 3289/3924/3788
f 3289/3924/3788 3331/3923/3787 3330/3925/3789
f 3289/3924/3788 3330/3925/3789 3290/3926/3790
f 3290/3926/3790 3330/3925/3789 3329/3927/3791
f 3290/3926/3790 3329/3927/3791 3291/3928/3792
f 3291/3928/3792 3329/3927/3791 3328/3929/3793
f 3291/3928/3792 3328/3929/3793 3292/3930/3794
f 3292/3930/3794 3328/3929/3793 3327/3931/3795
f 3292/3930/3794 3327/3931/3795 3293/3932/3796
f 3293/3932/3796 3327/3931/3795 3326/3933/3797
f 3293/3932/3796 3326/3933/3797 3294/3934/3798
f 3294/3934/3798 3326/3933/3797 3325/3935/3799
f 3294/3934/3798 3325/3935/3799 3295/3936/3800
f 3295/3936/3800 3325/3935/3799 3248/3937/3801
f 3295/3936/3800 3248/3937/3801 3296/3938/3802
f 3296/3938/3802 3248/3937/3801 3134/3939/3803
f 3296/3938/3802 3134/3939/3803 3133/3940/3804
f 2621/3941/3805 3275/3942/3806 2282/3908/3773
f 2282/3908/3773 3275/3942/3806 3245/3943/3807
f 2282/3908/3773 3245/3943/3807 3315/3944/3808
f 3315/3944/3808 3245/3943/3807 3283/3945/3809
f 3315/3944/3808 3283/3945/3809 3314/3946/3810
f 3314/3946/3810 3283/3945/3809 3273/3947/3811
f 3314/3946/3810 3273/3947/3811 3313/3948/3812
f 3313/3948/3812 3273/3947/3811 3282/3949/3813
f 3313/3948/3812 3282/3949/3813 3312/3950/3814
f 3312/3950/3814 3282/3949/3813 3281/3951/3815
f 3312/3950/3814 3281/3951/3815 3311/3952/3816
f 3311/3952/3816 3281/3951/3815 3280/3953/3817
f 3311/3952/3816 3280/3953/3817 3310/3954/3818
f 3310/3954/3818 3280/3953/3817 3279/3955/3819
f 3310/3954/3818 3279/3955/3819 3309/3956/3820
f 3309/3956/3820 3279/3955/3819 3278/3957/3821
f 3309/3956/3820 3278/3957/3821 3308/3958/3822
f 3308/3958/3822 3278/3957/3821 3276/3959/3823
f 3308/3958/3822 3276/3959/3823 3277/3960/3824
f 3277/3960/3824 3276/3959/3823 2616/3961/3825
f 3277/3960/3824 2616/3961/3825 3250/3962/3826
f 3250/3962/3826 2616/3961/3825 3285/3963/3827
f 3250/3962/3826 3285/3963/3827 2615/3964/3828
f 2615/3964/3828 3285/3963/3827 2616/3961/3825
f 2620/3965/3829 3272/3966/3830 2621/3941/3805
f 2621/3941/3805 3272/3966/3830 3274/3967/3831
f 2621/3941/3805 3274/3967/3831 3275/3942/3806
f 3275/3942/3806 3274/3967/3831 3245/3943/3807
f 2619/3968/3832 3271/3969/3833 2620/3965/3829
f 2620/3965/3829 3271/3969/3833 3273/3947/3811
f 2620/3965/3829 3273/3947/3811 3272/3966/3830
f 3272/3966/3830 3273/3947/3811 3283/3945/3809
f 3272/3966/3830 3283/3945/3809 3274/3967/3831
f 3274/3967/3831 3283/3945/3809 3245/3943/3807
f 2618/3970/3834 3280/3953/3817 2619/3968/3832
f 2619/3968/3832 3280/3953/3817 3270/3971/3835
f 2619/3968/3832 3270/3971/3835 3271/3969/3833
f 3271/3969/3833 3270/3971/3835 3282/3949/3813
f 3271/3969/3833 3282/3949/3813 3273/3947/3811
f 3280/3953/3817 2618/3970/3834 3279/3955/3819
f 3279/3955/3819 2618/3970/3834 2617/3972/3836
f 3279/3955/3819 2617/3972/3836 3278/3957/3821
f 3278/3957/3821 2617/3972/3836 3276/3959/3823
f 2617/3972/3836 2616/3961/3825 3276/3959/3823
f 2615/3964/3828 2614/3973/3837 3250/3962/3826
f 3250/3962/3826 2614/3973/3837 3316/3974/3838
f 3250/3962/3826 3316/3974/3838 3317/3975/3839
f 3317/3975/3839 3316/3974/3838 3269/3976/3840
f 3317/3975/3839 3269/3976/3840 3268/3977/3841
f 3268/3977/3841 3269/3976/3840 3252/3978/3842
f 3268/3977/3841 3252/3978/3842 3253/3979/3843
f 3253/3979/3843 3252/3978/3842 3300/3980/3844
f 3253/3979/3843 3300/3980/3844 3301/3981/3845
f 3301/3981/3845 3300/3980/3844 3328/3929/3793
f 3301/3981/3845 3328/3929/3793 3329/3927/3791
f 3134/3939/3803 3297/3982/3846 2614/3973/3837
f 2614/3973/3837 3297/3982/3846 3249/3983/3847
f 2614/3973/3837 3249/3983/3847 3247/3984/3848
f 3247/3984/3848 3249/3983/3847 3251/3985/3849
f 3247/3984/3848 3251/3985/3849 3269/3976/3840
f 3269/3976/3840 3251/3985/3849 3252/3978/3842
f 3133/3940/3804 3132/3986/3850 3296/3938/3802
f 3296/3938/3802 3132/3986/3850 3131/3987/3851
f 3296/3938/3802 3131/3987/3851 3295/3936/3800
f 3295/3936/3800 3131/3987/3851 3130/3988/3852
f 3295/3936/3800 3130/3988/3852 3294/3934/3798
f 3294/3934/3798 3130/3988/3852 3129/3989/3853
f 3294/3934/3798 3129/3989/3853 3293/3932/3796
f 3293/3932/3796 3129/3989/3853 3128/3990/3854
f 3293/3932/3796 3128/3990/3854 3292/3930/3794
f 3292/3930/3794 3128/3990/3854 3127/3991/3855
f 3292/3930/3794 3127/3991/3855 3291/3928/3792
f 3291/3928/3792 3127/3991/3855 3126/3992/3856
f 3291/3928/3792 3126/3992/3856 3290/3926/3790
f 3290/3926/3790 3126/3992/3856 3125/3993/3857
f 3290/3926/3790 3125/3993/3857 3289/3924/3788
f 3289/3924/3788 3125/3993/3857 3288/3922/3786
f 3125/3993/3857 3124/3994/3858 3288/3922/3786
f 3288/3922/3786 3124/3994/3858 3287/3920/3784
f 3287/3920/3784 3124/3994/3858 3286/3918/3782
f 3286/3918/3782 3124/3994/3858 3123/3995/3859
f 3286/3918/3782 3123/3995/3859 3122/3996/3860
f 2514/3997/2962 2377/3916/2813 3122/3996/3860
f 3122/3996/3860 2377/3916/2813 3286/3918/3782
f 2375/3914/3779 2283/3910/3775 3260/3912/3777
f 2282/3908/3773 3284/3998/3861 3261/3909/3774
f 3261/3909/3774 3284/3998/3861 3324/3999/3862
f 3261/3909/3774 3324/3999/3862 3262/4000/3863
f 3262/4000/3863 3324/3999/3862 3323/4001/3864
f 3262/4000/3863 3323/4001/3864 3263/4002/3865
f 3263/4002/3865 3323/4001/3864 3322/4003/3866
f 3263/4002/3865 3322/4003/3866 3264/4004/3867
f 3264/4004/3867 3322/4003/3866 3321/4005/3868
f 3264/4004/3867 3321/4005/3868 3265/4006/3869
f 3265/4006/3869 3321/4005/3868 3320/4007/3870
f 3265/4006/3869 3320/4007/3870 3266/4008/3871
f 3266/4008/3871 3320/4007/3870 3319/4009/3872
f 3266/4008/3871 3319/4009/3872 3267/4010/3873
f 3267/4010/3873 3319/4009/3872 3318/4011/3874
f 3267/4010/3873 3318/4011/3874 3268/3977/3841
f 3268/3977/3841 3318/4011/3874 3317/3975/3839
f 3316/3974/3838 2614/3973/3837 3247/3984/3848
f 3297/3982/3846 3134/3939/3803 3248/3937/3801
f 3251/3985/3849 3249/3983/3847 3298/4012/3875
f 3298/4012/3875 3249/3983/3847 3297/3982/3846
f 3298/4012/3875 3297/3982/3846 3325/3935/3799
f 3325/3935/3799 3297/3982/3846 3248/3937/3801
f 3267/4010/3873 3268/3977/3841 3253/3979/3843
f 3252/3978/3842 3251/3985/3849 3299/4013/3876
f 3299/4013/3876 3251/3985/3849 3298/4012/3875
f 3299/4013/3876 3298/4012/3875 3326/3933/3797
f 3326/3933/3797 3298/4012/3875 3325/3935/3799
f 3266/4008/3871 3267/4010/3873 3254/4014/3877
f 3254/4014/3877 3267/4010/3873 3253/3979/3843
f 3254/4014/3877 3253/3979/3843 3301/3981/3845
f 3265/4006/3869 3266/4008/3871 3255/4015/3878
f 3255/4015/3878 3266/4008/3871 3254/4014/3877
f 3255/4015/3878 3254/4014/3877 3302/4016/3879
f 3302/4016/3879 3254/4014/3877 3301/3981/3845
f 3302/4016/3879 3301/3981/3845 3329/3927/3791
f 3264/4004/3867 3265/4006/3869 3256/4017/3880
f 3256/4017/3880 3265/4006/3869 3255/4015/3878
f 3256/4017/3880 3255/4015/3878 3303/4018/3881
f 3303/4018/3881 3255/4015/3878 3302/4016/3879
f 3303/4018/3881 3302/4016/3879 3330/3925/3789
f 3330/3925/3789 3302/4016/3879 3329/3927/3791
f 3263/4002/3865 3264/4004/3867 3257/4019/3882
f 3257/4019/3882 3264/4004/3867 3256/4017/3880
f 3257/4019/3882 3256/4017/3880 3304/4020/3883
f 3304/4020/3883 3256/4017/3880 3303/4018/3881
f 3304/4020/3883 3303/4018/3881 3331/3923/3787
f 3331/3923/3787 3303/4018/3881 3330/3925/3789
f 3262/4000/3863 3263/4002/3865 3258/4021/3884
f 3258/4021/3884 3263/4002/3865 3257/4019/3882
f 3258/4021/3884 3257/4019/3882 3305/4022/3885
f 3305/4022/3885 3257/4019/3882 3304/4020/3883
f 3305/4022/3885 3304/4020/3883 3332/3921/3785
f 3332/3921/3785 3304/4020/3883 3331/3923/3787
f 3261/3909/3774 3262/4000/3863 3259/3911/3776
f 3259/3911/3776 3262/4000/3863 3258/4021/3884
f 3259/3911/3776 3258/4021/3884 3306/4023/3886
f 3306/4023/3886 3258/4021/3884 3305/4022/3885
f 3306/4023/3886 3305/4022/3885 3333/3919/3783
f 3333/3919/3783 3305/4022/3885 3332/3921/3785
f 3307/3913/3778 3259/3911/3776 3306/4023/3886
f 3316/3974/3838 3247/3984/3848 3269/3976/3840
f 3281/3951/3815 3282/3949/3813 3270/3971/3835
f 3284/3998/3861 2282/3908/3773 3315/3944/3808
f 3281/3951/3815 3270/3971/3835 3280/3953/3817
f 3252/3978/3842 3299/4013/3876 3300/3980/3844
f 3300/3980/3844 3299/4013/3876 3327/3931/3795
f 3300/3980/3844 3327/3931/3795 3328/3929/3793
f 3327/3931/3795 3299/4013/3876 3326/3933/3797
f 3246/3917/3781 3307/3913/3778 3306/4023/3886
f 3246/3917/3781 3306/4023/3886 3333/3919/3783
f 3250/3962/3826 3317/3975/3839 3277/3960/3824
f 3277/3960/3824 3317/3975/3839 3318/4011/3874
f 3277/3960/3824 3318/4011/3874 3308/3958/3822
f 3308/3958/3822 3318/4011/3874 3319/4009/3872
f 3308/3958/3822 3319/4009/3872 3309/3956/3820
f 3309/3956/3820 3319/4009/3872 3320/4007/3870
f 3309/3956/3820 3320/4007/3870 3310/3954/3818
f 3310/3954/3818 3320/4007/3870 3321/4005/3868
f 3310/3954/3818 3321/4005/3868 3311/3952/3816
f 3311/3952/3816 3321/4005/3868 3322/4003/3866
f 3311/3952/3816 3322/4003/3866 3312/3950/3814
f 3312/3950/3814 3322/4003/3866 3323/4001/3864
f 3312/3950/3814 3323/4001/3864 3313/3948/3812
f 3313/3948/3812 3323/4001/3864 3324/3999/3862
f 3313/3948/3812 3324/3999/3862 3314/3946/3810
f 3314/3946/3810 3324/3999/3862 3284/3998/3861
f 3314/3946/3810 3284/3998/3861 3315/3944/3808
f 2606/4024/3887 2145/4025/3888 3350/4026/3889
f 3350/4026/3889 2145/4025/3888 2144/4027/3890
f 3350/4026/3889 2144/4027/3890 3349/4028/3891
f 3349/4028/3891 2144/4027/3890 2143/4029/3892
f 3349/4028/3891 2143/4029/3892 3346/4030/3893
f 3346/4030/3893 2143/4029/3892 2534/4031/3894
f 3346/4030/3893 2534/4031/3894 3366/4032/3895
f 3366/4032/3895 2534/4031/3894 3367/4033/3896
f 3366/4032/3895 3367/4033/3896 3368/4034/3897
f 3368/4034/3897 3367/4033/3896 3334/4035/3898
f 3368/4034/3897 3334/4035/3898 3377/4036/3899
f 3377/4036/3899 3334/4035/3898 3335/4037/3900
f 3377/4036/3899 3335/4037/3900 3336/4038/3901
f 2534/4031/3894 3334/4035/3898 3367/4033/3896
f 3377/4036/3899 3336/4038/3901 3378/4039/3902
f 3378/4039/3902 3336/4038/3901 3337/4040/3903
f 3378/4039/3902 3337/4040/3903 3345/4041/3904
f 3345/4041/3904 3337/4040/3903 3393/4042/3905
f 3345/4041/3904 3393/4042/3905 3392/4043/3906
f 3392/4043/3906 3393/4042/3905 3337/4040/3903
f 3392/4043/3906 3337/4040/3903 3338/4044/3907
f 3339/4045/3908 3394/4046/3909 3338/4044/3907
f 3338/4044/3907 3394/4046/3909 3391/4047/3910
f 3338/4044/3907 3391/4047/3910 3392/4043/3906
f 3392/4043/3906 3391/4047/3910 3384/4048/3911
f 3392/4043/3906 3384/4048/3911 3345/4041/3904
f 3345/4041/3904 3384/4048/3911 3379/4049/3912
f 3345/4041/3904 3379/4049/3912 3378/4039/3902
f 3378/4039/3902 3379/4049/3912 3369/4050/3913
f 3378/4039/3902 3369/4050/3913 3368/4034/3897
f 3368/4034/3897 3369/4050/3913 3365/4051/3914
f 3368/4034/3897 3365/4051/3914 3366/4032/3895
f 3366/4032/3895 3365/4051/3914 3346/4030/3893
f 3394/4046/3909 3339/4045/3908 3395/4052/3915
f 3395/4052/3915 3339/4045/3908 3340/4053/3916
f 3395/4052/3915 3340/4053/3916 3396/4054/3917
f 3396/4054/3917 3340/4053/3916 3398/4055/3918
f 3396/4054/3917 3398/4055/3918 3341/4056/3919
f 3341/4056/3919 3398/4055/3918 3340/4053/3916
f 3342/4057/3920 3399/4058/3921 3341/4056/3919
f 3341/4056/3919 3399/4058/3921 3397/4059/3922
f 3341/4056/3919 3397/4059/3922 3396/4054/3917
f 3396/4054/3917 3397/4059/3922 3389/4060/3923
f 3396/4054/3917 3389/4060/3923 3390/4061/3924
f 3390/4061/3924 3389/4060/3923 3386/4062/3925
f 3390/4061/3924 3386/4062/3925 3385/4063/3926
f 3385/4063/3926 3386/4062/3925 3381/4064/3927
f 3385/4063/3926 3381/4064/3927 3380/4065/3928
f 3380/4065/3928 3381/4064/3927 3371/4066/3929
f 3380/4065/3928 3371/4066/3929 3370/4067/3930
f 3370/4067/3930 3371/4066/3929 3363/4068/3931
f 3370/4067/3930 3363/4068/3931 3364/4069/3932
f 3364/4069/3932 3363/4068/3931 3405/4070/3933
f 3364/4069/3932 3405/4070/3933 3406/4071/3934
f 3406/4071/3934 3405/4070/3933 3350/4026/3889
f 3406/4071/3934 3350/4026/3889 3349/4028/3891
f 3342/4057/3920 3343/4072/3935 3399/4058/3921
f 3399/4058/3921 3343/4072/3935 3397/4059/3922
f 3397/4059/3922 3343/4072/3935 3375/4073/3936
f 3375/4073/3936 3343/4072/3935 3344/4074/3937
f 3375/4073/3936 3344/4074/3937 3388/4075/3938
f 3388/4075/3938 3344/4074/3937 3347/4076/3939
f 3388/4075/3938 3347/4076/3939 3383/4077/3940
f 3383/4077/3940 3347/4076/3939 3374/4078/3941
f 3383/4077/3940 3374/4078/3941 3373/4079/3942
f 3373/4079/3942 3374/4078/3941 3360/4080/3943
f 3373/4079/3942 3360/4080/3943 3361/4081/3944
f 3361/4081/3944 3360/4080/3943 3402/4082/3945
f 3361/4081/3944 3402/4082/3945 3403/4083/3946
f 3403/4083/3946 3402/4082/3945 3353/4084/3947
f 3403/4083/3946 3353/4084/3947 3352/4085/3948
f 3352/4085/3948 3353/4084/3947 2608/4086/3949
f 3352/4085/3948 2608/4086/3949 2607/4087/3950
f 2613/4088/3951 3358/4089/3952 3344/4074/3937
f 3344/4074/3937 3358/4089/3952 3376/4090/3953
f 3344/4074/3937 3376/4090/3953 3347/4076/3939
f 3347/4076/3939 3376/4090/3953 3374/4078/3941
f 2612/4091/3954 3357/4092/3955 2613/4088/3951
f 2613/4088/3951 3357/4092/3955 3348/4093/3956
f 2613/4088/3951 3348/4093/3956 3358/4089/3952
f 3358/4089/3952 3348/4093/3956 3400/4094/3957
f 3358/4089/3952 3400/4094/3957 3359/4095/3958
f 3359/4095/3958 3400/4094/3957 3401/4096/3959
f 3359/4095/3958 3401/4096/3959 3360/4080/3943
f 3360/4080/3943 3401/4096/3959 3402/4082/3945
f 2612/4091/3954 2611/4097/3960 3357/4092/3955
f 3357/4092/3955 2611/4097/3960 3356/4098/3961
f 3357/4092/3955 3356/4098/3961 3348/4093/3956
f 3348/4093/3956 3356/4098/3961 3400/4094/3957
f 2611/4097/3960 2610/4099/3962 3356/4098/3961
f 3356/4098/3961 2610/4099/3962 3355/4100/3963
f 3356/4098/3961 3355/4100/3963 3400/4094/3957
f 3400/4094/3957 3355/4100/3963 3401/4096/3959
f 3355/4100/3963 2610/4099/3962 3354/4101/3964
f 3354/4101/3964 2610/4099/3962 2609/4102/3965
f 3354/4101/3964 2609/4102/3965 3353/4084/3947
f 3353/4084/3947 2609/4102/3965 2608/4086/3949
f 3352/4085/3948 2607/4087/3950 3351/4103/3966
f 3351/4103/3966 2607/4087/3950 2606/4024/3887
f 3351/4103/3966 2606/4024/3887 3350/4026/3889
f 3350/4026/3889 3405/4070/3933 3351/4103/3966
f 3351/4103/3966 3405/4070/3933 3404/4104/3967
f 3351/4103/3966 3404/4104/3967 3352/4085/3948
f 3352/4085/3948 3404/4104/3967 3403/4083/3946
f 3401/4096/3959 3355/4100/3963 3354/4101/3964
f 3401/4096/3959 3354/4101/3964 3402/4082/3945
f 3402/4082/3945 3354/4101/3964 3353/4084/3947
f 3374/4078/3941 3376/4090/3953 3359/4095/3958
f 3359/4095/3958 3376/4090/3953 3358/4089/3952
f 3359/4095/3958 3360/4080/3943 3374/4078/3941
f 3361/4081/3944 3362/4105/3968 3372/4106/3969
f 3372/4106/3969 3362/4105/3968 3371/4066/3929
f 3372/4106/3969 3371/4066/3929 3381/4064/3927
f 3371/4066/3929 3362/4105/3968 3363/4068/3931
f 3363/4068/3931 3362/4105/3968 3404/4104/3967
f 3363/4068/3931 3404/4104/3967 3405/4070/3933
f 3404/4104/3967 3362/4105/3968 3403/4083/3946
f 3403/4083/3946 3362/4105/3968 3361/4081/3944
f 3370/4067/3930 3364/4069/3932 3369/4050/3913
f 3369/4050/3913 3364/4069/3932 3365/4051/3914
f 3346/4030/3893 3365/4051/3914 3406/4071/3934
f 3406/4071/3934 3365/4051/3914 3364/4069/3932
f 3377/4036/3899 3378/4039/3902 3368/4034/3897
f 3380/4065/3928 3370/4067/3930 3379/4049/3912
f 3379/4049/3912 3370/4067/3930 3369/4050/3913
f 3361/4081/3944 3372/4106/3969 3373/4079/3942
f 3373/4079/3942 3372/4106/3969 3382/4107/3970
f 3373/4079/3942 3382/4107/3970 3383/4077/3940
f 3383/4077/3940 3382/4107/3970 3387/4108/3971
f 3383/4077/3940 3387/4108/3971 3388/4075/3938
f 3388/4075/3938 3387/4108/3971 3375/4073/3936
f 3382/4107/3970 3372/4106/3969 3381/4064/3927
f 3385/4063/3926 3380/4065/3928 3384/4048/3911
f 3384/4048/3911 3380/4065/3928 3379/4049/3912
f 3387/4108/3971 3382/4107/3970 3386/4062/3925
f 3386/4062/3925 3382/4107/3970 3381/4064/3927
f 3390/4061/3924 3385/4063/3926 3391/4047/3910
f 3391/4047/3910 3385/4063/3926 3384/4048/3911
f 3375/4073/3936 3387/4108/3971 3389/4060/3923
f 3389/4060/3923 3387/4108/3971 3386/4062/3925
f 3375/4073/3936 3389/4060/3923 3397/4059/3922
f 3395/4052/3915 3396/4054/3917 3390/4061/3924
f 3394/4046/3909 3395/4052/3915 3391/4047/3910
f 3391/4047/3910 3395/4052/3915 3390/4061/3924
f 3349/4028/3891 3346/4030/3893 3406/4071/3934
f 3334/4109/3972 2534/4110/3973 3417/4111/3974
f 3417/4111/3974 2534/4110/3973 2533/4112/3975
f 3417/4111/3974 2533/4112/3975 3416/4113/3976
f 3416/4113/3976 2533/4112/3975 3418/4114/3977
f 3416/4113/3976 3418/4114/3977 3419/4115/3978
f 3419/4115/3978 3418/4114/3977 3426/4116/3979
f 3419/4115/3978 3426/4116/3979 3427/4117/3980
f 3427/4117/3980 3426/4116/3979 3433/4118/3981
f 3427/4117/3980 3433/4118/3981 3434/4119/3982
f 3434/4119/3982 3433/4118/3981 2530/4120/3983
f 3434/4119/3982 2530/4120/3983 2529/4121/3984
f 2533/4112/3975 2532/4122/3985 3418/4114/3977
f 3418/4114/3977 2532/4122/3985 2531/4123/3986
f 3418/4114/3977 2531/4123/3986 3426/4116/3979
f 3426/4116/3979 2531/4123/3986 2530/4120/3983
f 3426/4116/3979 2530/4120/3983 3433/4118/3981
f 3434/4119/3982 2529/4121/3984 3438/4124/3987
f 3438/4124/3987 2529/4121/3984 2528/4125/3988
f 3438/4124/3987 2528/4125/3988 3439/4126/3989
f 3439/4126/3989 2528/4125/3988 2527/4127/3990
f 3439/4126/3989 2527/4127/3990 3440/4128/3991
f 3440/4128/3991 2527/4127/3990 3442/4129/3992
f 3440/4128/3991 3442/4129/3992 2526/4130/3993
f 2526/4130/3993 3442/4129/3992 2527/4127/3990
f 2525/4131/3994 3443/4132/3995 2526/4130/3993
f 2526/4130/3993 3443/4132/3995 3441/4133/3996
f 2526/4130/3993 3441/4133/3996 3440/4128/3991
f 3440/4128/3991 3441/4133/3996 3437/4134/3997
f 3440/4128/3991 3437/4134/3997 3436/4135/3998
f 3436/4135/3998 3437/4134/3997 3430/4136/3999
f 3436/4135/3998 3430/4136/3999 3429/4137/4000
f 3429/4137/4000 3430/4136/3999 3422/4138/4001
f 3429/4137/4000 3422/4138/4001 3421/4139/4002
f 3421/4139/4002 3422/4138/4001 3413/4140/4003
f 3421/4139/4002 3413/4140/4003 3414/4141/4004
f 3414/4141/4004 3413/4140/4003 3449/4142/4005
f 3414/4141/4004 3449/4142/4005 3450/4143/4006
f 3450/4143/4006 3449/4142/4005 3337/4144/4007
f 3450/4143/4006 3337/4144/4007 3336/4145/4008
f 2525/4131/3994 2524/4146/4009 3443/4132/3995
f 3443/4132/3995 2524/4146/4009 3441/4133/3996
f 2524/4146/4009 2523/4147/4010 3441/4133/3996
f 3441/4133/3996 2523/4147/4010 3432/4148/4011
f 3441/4133/3996 3432/4148/4011 3437/4134/3997
f 3437/4134/3997 3432/4148/4011 3431/4149/4012
f 3437/4134/3997 3431/4149/4012 3430/4136/3999
f 3430/4136/3999 3431/4149/4012 3423/4150/4013
f 3430/4136/3999 3423/4150/4013 3422/4138/4001
f 3422/4138/4001 3423/4150/4013 3412/4151/4014
f 3422/4138/4001 3412/4151/4014 3413/4140/4003
f 3413/4140/4003 3412/4151/4014 3448/4152/4015
f 3413/4140/4003 3448/4152/4015 3449/4142/4005
f 3449/4142/4005 3448/4152/4015 3337/4144/4007
f 3432/4148/4011 2523/4147/4010 3408/4153/4016
f 3408/4153/4016 2523/4147/4010 3407/4154/4017
f 3408/4153/4016 3407/4154/4017 3425/4155/4018
f 3425/4155/4018 3407/4154/4017 3409/4156/4019
f 3425/4155/4018 3409/4156/4019 3410/4157/4020
f 3410/4157/4020 3409/4156/4019 3445/4158/4021
f 3410/4157/4020 3445/4158/4021 3446/4159/4022
f 3446/4159/4022 3445/4158/4021 3340/4160/4023
f 3446/4159/4022 3340/4160/4023 3339/4161/4024
f 3409/4156/4019 3407/4154/4017 3444/4162/4025
f 3444/4162/4025 3407/4154/4017 3344/4163/4026
f 3444/4162/4025 3344/4163/4026 3343/4164/4027
f 3343/4164/4027 3342/4165/4028 3444/4162/4025
f 3444/4162/4025 3342/4165/4028 3341/4166/4029
f 3444/4162/4025 3341/4166/4029 3445/4158/4021
f 3445/4158/4021 3341/4166/4029 3340/4160/4023
f 3339/4161/4024 3338/4167/4030 3446/4159/4022
f 3446/4159/4022 3338/4167/4030 3447/4168/4031
f 3446/4159/4022 3447/4168/4031 3411/4169/4032
f 3411/4169/4032 3447/4168/4031 3412/4151/4014
f 3411/4169/4032 3412/4151/4014 3423/4150/4013
f 3447/4168/4031 3338/4167/4030 3448/4152/4015
f 3448/4152/4015 3338/4167/4030 3337/4144/4007
f 3336/4145/4008 3335/4170/4033 3450/4143/4006
f 3450/4143/4006 3335/4170/4033 3415/4171/4034
f 3450/4143/4006 3415/4171/4034 3414/4141/4004
f 3414/4141/4004 3415/4171/4034 3420/4172/4035
f 3414/4141/4004 3420/4172/4035 3421/4139/4002
f 3421/4139/4002 3420/4172/4035 3428/4173/4036
f 3421/4139/4002 3428/4173/4036 3429/4137/4000
f 3429/4137/4000 3428/4173/4036 3435/4174/4037
f 3429/4137/4000 3435/4174/4037 3436/4135/3998
f 3436/4135/3998 3435/4174/4037 3439/4126/3989
f 3436/4135/3998 3439/4126/3989 3440/4128/3991
f 3415/4171/4034 3335/4170/4033 3416/4113/3976
f 3416/4113/3976 3335/4170/4033 3334/4109/3972
f 3416/4113/3976 3334/4109/3972 3417/4111/3974
f 3445/4158/4021 3409/4156/4019 3444/4162/4025
f 3410/4157/4020 3411/4169/4032 3424/4175/4038
f 3424/4175/4038 3411/4169/4032 3423/4150/4013
f 3424/4175/4038 3423/4150/4013 3431/4149/4012
f 3411/4169/4032 3410/4157/4020 3446/4159/4022
f 3448/4152/4015 3412/4151/4014 3447/4168/4031
f 3420/4172/4035 3415/4171/4034 3419/4115/3978
f 3419/4115/3978 3415/4171/4034 3416/4113/3976
f 3428/4173/4036 3420/4172/4035 3427/4117/3980
f 3427/4117/3980 3420/4172/4035 3419/4115/3978
f 3408/4153/4016 3425/4155/4018 3424/4175/4038
f 3424/4175/4038 3425/4155/4018 3410/4157/4020
f 3408/4153/4016 3424/4175/4038 3431/4149/4012
f 3435/4174/4037 3428/4173/4036 3434/4119/3982
f 3434/4119/3982 3428/4173/4036 3427/4117/3980
f 3432/4148/4011 3408/4153/4016 3431/4149/4012
f 3439/4126/3989 3435/4174/4037 3438/4124/3987
f 3438/4124/3987 3435/4174/4037 3434/4119/3982
f 109/4176/4039 108/4177/4040 531/4178/653
f 531/4178/653 108/4177/4040 3452/4179/4041
f 3452/4179/4041 108/4177/4040 107/4180/4042
f 3452/4179/4041 107/4180/4042 3451/4181/4043
f 3451/4181/4043 107/4180/4042 106/4182/4044
f 3451/4181/4043 106/4182/4044 105/4183/4045
f 104/4184/4046 3474/4185/4047 105/4186/4048
f 105/4186/4048 3474/4185/4047 3475/4187/4049
f 105/4186/4048 3475/4187/4049 3451/4188/4050
f 3451/4188/4050 3475/4187/4049 3452/4189/4051
f 3452/4189/4051 3475/4187/4049 3539/4190/4052
f 3452/4189/4051 3539/4190/4052 3476/4191/4053
f 3476/4191/4053 3539/4190/4052 3532/4192/4054
f 3476/4191/4053 3532/4192/4054 3531/4193/4055
f 3531/4193/4055 3532/4192/4054 3522/4194/4056
f 3531/4193/4055 3522/4194/4056 532/4195/652
f 532/4195/652 3522/4194/4056 3514/4196/4057
f 532/4195/652 3514/4196/4057 3466/4197/4058
f 3466/4197/4058 3514/4196/4057 3515/4198/4059
f 3466/4197/4058 3515/4198/4059 3505/4199/4060
f 3505/4199/4060 3515/4198/4059 3516/4200/4061
f 3505/4199/4060 3516/4200/4061 3506/4201/4062
f 3506/4201/4062 3516/4200/4061 3517/4202/4063
f 3506/4201/4062 3517/4202/4063 3507/4203/4064
f 3507/4203/4064 3517/4202/4063 3518/4204/4065
f 3507/4203/4064 3518/4204/4065 3508/4205/4066
f 3508/4205/4066 3518/4204/4065 3519/4206/4067
f 3508/4205/4066 3519/4206/4067 3509/4207/4068
f 3509/4207/4068 3519/4206/4067 3520/4208/4069
f 3509/4207/4068 3520/4208/4069 3510/4209/4070
f 3510/4209/4070 3520/4208/4069 3521/4210/4071
f 3510/4209/4070 3521/4210/4071 3511/4211/4072
f 3511/4211/4072 3521/4210/4071 3467/4212/4073
f 3511/4211/4072 3467/4212/4073 3513/4213/4074
f 3513/4213/4074 3467/4212/4073 98/4214/4075
f 3513/4213/4074 98/4214/4075 3496/4215/4076
f 3496/4215/4076 98/4214/4075 3468/4216/4077
f 3496/4215/4076 3468/4216/4077 3495/4217/4078
f 3495/4217/4078 3468/4216/4077 3486/4218/4079
f 3495/4217/4078 3486/4218/4079 3485/4219/4080
f 3485/4219/4080 3486/4218/4079 3456/4220/4081
f 3485/4219/4080 3456/4220/4081 3484/4221/4082
f 3484/4221/4082 3456/4220/4081 3457/4222/4083
f 3484/4221/4082 3457/4222/4083 3483/4223/4084
f 3483/4223/4084 3457/4222/4083 3458/4224/4085
f 3483/4223/4084 3458/4224/4085 3482/4225/4086
f 3482/4225/4086 3458/4224/4085 3459/4226/4087
f 3482/4225/4086 3459/4226/4087 3481/4227/4088
f 3481/4227/4088 3459/4226/4087 3460/4228/4089
f 3481/4227/4088 3460/4228/4089 3480/4229/4090
f 3480/4229/4090 3460/4228/4089 3461/4230/4091
f 3480/4229/4090 3461/4230/4091 3462/4231/4092
f 3474/4185/4047 104/4184/4046 3473/4232/4093
f 3473/4232/4093 104/4184/4046 103/4233/4094
f 3473/4232/4093 103/4233/4094 3472/4234/4095
f 3472/4234/4095 103/4233/4094 102/4235/4096
f 3472/4234/4095 102/4235/4096 3471/4236/4097
f 3471/4236/4097 102/4235/4096 101/4237/4098
f 3471/4236/4097 101/4237/4098 3469/4238/4099
f 3469/4238/4099 101/4237/4098 100/4239/4100
f 3469/4238/4099 100/4239/4100 3470/4240/4101
f 3470/4240/4101 100/4239/4100 3544/4241/4102
f 3470/4240/4101 3544/4241/4102 3538/4242/4103
f 3538/4242/4103 3544/4241/4102 3512/4243/4104
f 3538/4242/4103 3512/4243/4104 3529/4244/4105
f 3529/4244/4105 3512/4243/4104 3530/4245/4106
f 3529/4244/4105 3530/4245/4106 3521/4210/4071
f 3521/4210/4071 3530/4245/4106 3467/4212/4073
f 3544/4241/4102 100/4239/4100 3478/4246/4107
f 3478/4246/4107 100/4239/4100 99/4247/4108
f 3478/4246/4107 99/4247/4108 98/4214/4075
f 98/4214/4075 3453/4248/4109 3468/4216/4077
f 3468/4216/4077 3453/4248/4109 3487/4249/4110
f 3468/4216/4077 3487/4249/4110 3486/4218/4079
f 3486/4218/4079 3487/4249/4110 3455/4250/4111
f 3486/4218/4079 3455/4250/4111 3456/4220/4081
f 3453/4248/4109 3454/4251/4112 3487/4249/4110
f 3487/4249/4110 3454/4251/4112 3455/4250/4111
f 3480/4229/4090 3462/4231/4092 3479/4252/4113
f 3479/4252/4113 3462/4231/4092 3463/4253/4114
f 3479/4252/4113 3463/4253/4114 3464/4254/4115
f 3464/4254/4115 2521/4255/2963 3479/4252/4113
f 3479/4252/4113 2521/4255/2963 532/4195/652
f 3479/4252/4113 532/4195/652 3488/4256/4116
f 3488/4256/4116 532/4195/652 3497/4257/4117
f 3488/4256/4116 3497/4257/4117 3498/4258/4118
f 3498/4258/4118 3497/4257/4117 3505/4199/4060
f 3498/4258/4118 3505/4199/4060 3506/4201/4062
f 2521/4255/2963 509/4259/630 532/4195/652
f 531/4260/653 3545/4261/4119 532/4195/652
f 532/4195/652 3545/4261/4119 3465/4262/4120
f 532/4195/652 3465/4262/4120 3531/4193/4055
f 3531/4193/4055 3465/4262/4120 3476/4191/4053
f 3452/4189/4051 3477/4263/4121 531/4260/653
f 531/4260/653 3477/4263/4121 3476/4191/4053
f 531/4260/653 3476/4191/4053 3465/4262/4120
f 531/4260/653 3465/4262/4120 3545/4261/4119
f 3497/4257/4117 532/4195/652 3466/4197/4058
f 3478/4246/4107 98/4214/4075 3544/4241/4102
f 3544/4241/4102 98/4214/4075 3512/4243/4104
f 3471/4236/4097 3469/4238/4099 3543/4264/4122
f 3543/4264/4122 3469/4238/4099 3470/4240/4101
f 3543/4264/4122 3470/4240/4101 3537/4265/4123
f 3537/4265/4123 3470/4240/4101 3538/4242/4103
f 3537/4265/4123 3538/4242/4103 3528/4266/4124
f 3528/4266/4124 3538/4242/4103 3529/4244/4105
f 3528/4266/4124 3529/4244/4105 3520/4208/4069
f 3520/4208/4069 3529/4244/4105 3521/4210/4071
f 3472/4234/4095 3471/4236/4097 3542/4267/4125
f 3542/4267/4125 3471/4236/4097 3543/4264/4122
f 3542/4267/4125 3543/4264/4122 3536/4268/4126
f 3536/4268/4126 3543/4264/4122 3537/4265/4123
f 3536/4268/4126 3537/4265/4123 3527/4269/4127
f 3527/4269/4127 3537/4265/4123 3528/4266/4124
f 3527/4269/4127 3528/4266/4124 3519/4206/4067
f 3519/4206/4067 3528/4266/4124 3520/4208/4069
f 3473/4232/4093 3472/4234/4095 3541/4270/4128
f 3541/4270/4128 3472/4234/4095 3542/4267/4125
f 3541/4270/4128 3542/4267/4125 3535/4271/4129
f 3535/4271/4129 3542/4267/4125 3536/4268/4126
f 3535/4271/4129 3536/4268/4126 3526/4272/4130
f 3526/4272/4130 3536/4268/4126 3527/4269/4127
f 3526/4272/4130 3527/4269/4127 3518/4204/4065
f 3518/4204/4065 3527/4269/4127 3519/4206/4067
f 3539/4190/4052 3475/4187/4049 3474/4185/4047
f 3474/4185/4047 3473/4232/4093 3540/4273/4131
f 3540/4273/4131 3473/4232/4093 3541/4270/4128
f 3540/4273/4131 3541/4270/4128 3534/4274/4132
f 3534/4274/4132 3541/4270/4128 3535/4271/4129
f 3534/4274/4132 3535/4271/4129 3525/4275/4133
f 3525/4275/4133 3535/4271/4129 3526/4272/4130
f 3525/4275/4133 3526/4272/4130 3517/4202/4063
f 3517/4202/4063 3526/4272/4130 3518/4204/4065
f 3452/4189/4051 3476/4191/4053 3477/4263/4121
f 3480/4229/4090 3479/4252/4113 3489/4276/4134
f 3489/4276/4134 3479/4252/4113 3488/4256/4116
f 3489/4276/4134 3488/4256/4116 3498/4258/4118
f 3481/4227/4088 3480/4229/4090 3490/4277/4135
f 3490/4277/4135 3480/4229/4090 3489/4276/4134
f 3490/4277/4135 3489/4276/4134 3499/4278/4136
f 3499/4278/4136 3489/4276/4134 3498/4258/4118
f 3499/4278/4136 3498/4258/4118 3506/4201/4062
f 3482/4225/4086 3481/4227/4088 3491/4279/4137
f 3491/4279/4137 3481/4227/4088 3490/4277/4135
f 3491/4279/4137 3490/4277/4135 3500/4280/4138
f 3500/4280/4138 3490/4277/4135 3499/4278/4136
f 3500/4280/4138 3499/4278/4136 3507/4203/4064
f 3507/4203/4064 3499/4278/4136 3506/4201/4062
f 3483/4223/4084 3482/4225/4086 3492/4281/4139
f 3492/4281/4139 3482/4225/4086 3491/4279/4137
f 3492/4281/4139 3491/4279/4137 3501/4282/4140
f 3501/4282/4140 3491/4279/4137 3500/4280/4138
f 3501/4282/4140 3500/4280/4138 3508/4205/4066
f 3508/4205/4066 3500/4280/4138 3507/4203/4064
f 3484/4221/4082 3483/4223/4084 3493/4283/4141
f 3493/4283/4141 3483/4223/4084 3492/4281/4139
f 3493/4283/4141 3492/4281/4139 3502/4284/4142
f 3502/4284/4142 3492/4281/4139 3501/4282/4140
f 3502/4284/4142 3501/4282/4140 3509/4207/4068
f 3509/4207/4068 3501/4282/4140 3508/4205/4066
f 3485/4219/4080 3484/4221/4082 3494/4285/4143
f 3494/4285/4143 3484/4221/4082 3493/4283/4141
f 3494/4285/4143 3493/4283/4141 3503/4286/4144
f 3503/4286/4144 3493/4283/4141 3502/4284/4142
f 3503/4286/4144 3502/4284/4142 3510/4209/4070
f 3510/4209/4070 3502/4284/4142 3509/4207/4068
f 3485/4219/4080 3494/4285/4143 3495/4217/4078
f 3495/4217/4078 3494/4285/4143 3504/4287/4145
f 3495/4217/4078 3504/4287/4145 3496/4215/4076
f 3496/4215/4076 3504/4287/4145 3513/4213/4074
f 3504/4287/4145 3494/4285/4143 3503/4286/4144
f 3466/4197/4058 3505/4199/4060 3497/4257/4117
f 3510/4209/4070 3511/4211/4072 3503/4286/4144
f 3503/4286/4144 3511/4211/4072 3504/4287/4145
f 3512/4243/4104 98/4214/4075 3530/4245/4106
f 3530/4245/4106 98/4214/4075 3467/4212/4073
f 3511/4211/4072 3513/4213/4074 3504/4287/4145
f 3515/4198/4059 3514/4196/4057 3523/4288/4146
f 3523/4288/4146 3514/4196/4057 3522/4194/4056
f 3523/4288/4146 3522/4194/4056 3532/4192/4054
f 3525/4275/4133 3517/4202/4063 3516/4200/4061
f 3516/4200/4061 3515/4198/4059 3524/4289/4147
f 3524/4289/4147 3515/4198/4059 3523/4288/4146
f 3524/4289/4147 3523/4288/4146 3533/4290/4148
f 3533/4290/4148 3523/4288/4146 3532/4192/4054
f 3533/4290/4148 3532/4192/4054 3539/4190/4052
f 3534/4274/4132 3525/4275/4133 3524/4289/4147
f 3524/4289/4147 3525/4275/4133 3516/4200/4061
f 3534/4274/4132 3524/4289/4147 3533/4290/4148
f 3540/4273/4131 3534/4274/4132 3533/4290/4148
f 3540/4273/4131 3533/4290/4148 3539/4190/4052
f 3474/4185/4047 3540/4273/4131 3539/4190/4052
f 191/4291/703 540/4292/658 1156/4293/4149
f 1156/4293/4149 540/4292/658 1157/4294/4150
f 1157/4294/4150 540/4292/658 1158/4295/4151
f 1158/4295/4151 540/4292/658 1065/4296/4152
f 1158/4295/4151 1065/4296/4152 1159/4297/4153
f 1159/4297/4153 1065/4296/4152 1064/4298/4154
f 1159/4297/4153 1064/4298/4154 1063/4299/4155
f 539/4300/660 3546/4301/4156 540/4292/658
f 540/4292/658 3546/4301/4156 1066/4302/4157
f 540/4292/658 1066/4302/4157 1065/4296/4152
f 3546/4301/4156 1032/4303/4158 1066/4302/4157
f 193/4304/253 192/4305/254 331/4306/1448
f 331/4306/1448 192/4305/254 1164/4307/1433
f 1164/4307/1433 192/4305/254 191/4308/318
f 1164/4307/1433 191/4308/318 1156/4309/1434
f 1875/4310/2292 1976/4311/2364 1876/4312/4159
f 1876/4312/4159 1976/4311/2364 1877/4313/4160
f 1877/4313/4160 1976/4311/2364 3562/4314/4161
f 1877/4313/4160 3562/4314/4161 1878/4315/4162
f 1878/4315/4162 3562/4314/4161 3564/4316/4163
f 1878/4315/4162 3564/4316/4163 1879/4317/4164
f 1879/4317/4164 3564/4316/4163 1880/4318/4165
f 1880/4318/4165 3564/4316/4163 3565/4319/4166
f 1880/4318/4165 3565/4319/4166 1881/4320/4167
f 1881/4320/4167 3565/4319/4166 3566/4321/4168
f 1881/4320/4167 3566/4321/4168 1882/4322/4169
f 1882/4322/4169 3566/4321/4168 3567/4323/4170
f 1882/4322/4169 3567/4323/4170 3568/4324/4171
f 3568/4324/4171 3567/4323/4170 3576/4325/4172
f 3568/4324/4171 3576/4325/4172 3577/4326/4173
f 3577/4326/4173 3576/4325/4172 3597/4327/4174
f 3577/4326/4173 3597/4327/4174 3598/4328/4175
f 3598/4328/4175 3597/4327/4174 3632/4329/4176
f 3598/4328/4175 3632/4329/4176 3561/4330/4177
f 3561/4330/4177 3632/4329/4176 3623/4331/4178
f 3561/4330/4177 3623/4331/4178 87/4332/4179
f 87/4332/4179 3623/4331/4178 3615/4333/4180
f 87/4332/4179 3615/4333/4180 3560/4334/4181
f 3560/4334/4181 3615/4333/4180 3616/4335/4182
f 3560/4334/4181 3616/4335/4182 3607/4336/4183
f 3607/4336/4183 3616/4335/4182 3617/4337/4184
f 3607/4336/4183 3617/4337/4184 3608/4338/4185
f 3608/4338/4185 3617/4337/4184 3618/4339/4186
f 3608/4338/4185 3618/4339/4186 3609/4340/4187
f 3609/4340/4187 3618/4339/4186 3619/4341/4188
f 3609/4340/4187 3619/4341/4188 3610/4342/4189
f 3610/4342/4189 3619/4341/4188 3620/4343/4190
f 3610/4342/4189 3620/4343/4190 3611/4344/4191
f 3611/4344/4191 3620/4343/4190 3621/4345/4192
f 3611/4344/4191 3621/4345/4192 3612/4346/4193
f 3612/4346/4193 3621/4345/4192 3622/4347/4194
f 3612/4346/4193 3622/4347/4194 3613/4348/4195
f 3613/4348/4195 3622/4347/4194 3605/4349/4196
f 3613/4348/4195 3605/4349/4196 3614/4350/4197
f 3614/4350/4197 3605/4349/4196 3548/4351/4198
f 3614/4350/4197 3548/4351/4198 3558/4352/4199
f 3558/4352/4199 3548/4351/4198 3606/4353/4200
f 3558/4352/4199 3606/4353/4200 3549/4354/4201
f 3549/4354/4201 3606/4353/4200 3548/4351/4198
f 1975/4355/2362 3547/4356/4202 1976/4311/2364
f 1976/4311/2364 3547/4356/4202 3548/4351/4198
f 1976/4311/2364 3548/4351/4198 3571/4357/4203
f 3571/4357/4203 3548/4351/4198 3591/4358/4204
f 3571/4357/4203 3591/4358/4204 3592/4359/4205
f 3592/4359/4205 3591/4358/4204 3638/4360/4206
f 3592/4359/4205 3638/4360/4206 3637/4361/4207
f 3637/4361/4207 3638/4360/4206 3629/4362/4208
f 3637/4361/4207 3629/4362/4208 3628/4363/4209
f 3628/4363/4209 3629/4362/4208 3620/4343/4190
f 3628/4363/4209 3620/4343/4190 3619/4341/4188
f 3550/4364/4210 3588/4365/4211 3549/4354/4201
f 3549/4354/4201 3588/4365/4211 3587/4366/4212
f 3549/4354/4201 3587/4366/4212 3558/4352/4199
f 3558/4352/4199 3587/4366/4212 3614/4350/4197
f 3550/4364/4210 3551/4367/4213 3588/4365/4211
f 3588/4365/4211 3551/4367/4213 3587/4366/4212
f 3552/4368/4214 3589/4369/4215 3551/4367/4213
f 3551/4367/4213 3589/4369/4215 3586/4370/4216
f 3551/4367/4213 3586/4370/4216 3587/4366/4212
f 3587/4366/4212 3586/4370/4216 3613/4348/4195
f 3587/4366/4212 3613/4348/4195 3614/4350/4197
f 3553/4371/4217 3585/4372/4218 3552/4368/4214
f 3552/4368/4214 3585/4372/4218 3604/4373/4219
f 3552/4368/4214 3604/4373/4219 3586/4370/4216
f 3586/4370/4216 3604/4373/4219 3612/4346/4193
f 3586/4370/4216 3612/4346/4193 3613/4348/4195
f 3554/4374/4220 3583/4375/4221 3553/4371/4217
f 3553/4371/4217 3583/4375/4221 3584/4376/4222
f 3553/4371/4217 3584/4376/4222 3585/4372/4218
f 3585/4372/4218 3584/4376/4222 3604/4373/4219
f 3555/4377/4223 3580/4378/4224 3554/4374/4220
f 3554/4374/4220 3580/4378/4224 3582/4379/4225
f 3554/4374/4220 3582/4379/4225 3583/4375/4221
f 3583/4375/4221 3582/4379/4225 3602/4380/4226
f 3583/4375/4221 3602/4380/4226 3603/4381/4227
f 3603/4381/4227 3602/4380/4226 3610/4342/4189
f 3603/4381/4227 3610/4342/4189 3611/4344/4191
f 3556/4382/4228 3590/4383/4229 3555/4377/4223
f 3555/4377/4223 3590/4383/4229 3600/4384/4230
f 3555/4377/4223 3600/4384/4230 3581/4385/4231
f 3581/4385/4231 3600/4384/4230 3607/4336/4183
f 3581/4385/4231 3607/4336/4183 3608/4338/4185
f 3556/4382/4228 87/4332/4179 3590/4383/4229
f 3590/4383/4229 87/4332/4179 3600/4384/4230
f 87/4332/4179 3557/4386/4232 3561/4330/4177
f 3561/4330/4177 3557/4386/4232 3599/4387/4233
f 3561/4330/4177 3599/4387/4233 3598/4328/4175
f 3598/4328/4175 3599/4387/4233 3578/4388/4234
f 3598/4328/4175 3578/4388/4234 3577/4326/4173
f 3577/4326/4173 3578/4388/4234 3569/4389/4235
f 3577/4326/4173 3569/4389/4235 3568/4324/4171
f 3568/4324/4171 3569/4389/4235 1883/4390/4236
f 3568/4324/4171 1883/4390/4236 1882/4322/4169
f 1886/4391/4237 3563/4392/4238 3557/4386/4232
f 3557/4386/4232 3563/4392/4238 3579/4393/4239
f 3557/4386/4232 3579/4393/4239 3599/4387/4233
f 3599/4387/4233 3579/4393/4239 3578/4388/4234
f 1886/4391/4237 1885/4394/4240 3563/4392/4238
f 3563/4392/4238 1885/4394/4240 1884/4395/4241
f 3563/4392/4238 1884/4395/4241 3570/4396/4242
f 3570/4396/4242 1884/4395/4241 1883/4390/4236
f 3570/4396/4242 1883/4390/4236 3569/4389/4235
f 3548/4351/4198 3605/4349/4196 3631/4397/4243
f 3631/4397/4243 3605/4349/4196 3622/4347/4194
f 3631/4397/4243 3622/4347/4194 3630/4398/4244
f 3630/4398/4244 3622/4347/4194 3621/4345/4192
f 3630/4398/4244 3621/4345/4192 3629/4362/4208
f 3629/4362/4208 3621/4345/4192 3620/4343/4190
f 3548/4351/4198 3631/4397/4243 3559/4399/4245
f 3559/4399/4245 3631/4397/4243 3630/4398/4244
f 3559/4399/4245 3630/4398/4244 3638/4360/4206
f 3638/4360/4206 3630/4398/4244 3629/4362/4208
f 3562/4314/4161 1976/4311/2364 3571/4357/4203
f 3600/4384/4230 87/4332/4179 3560/4334/4181
f 3564/4316/4163 3562/4314/4161 3572/4400/4246
f 3572/4400/4246 3562/4314/4161 3571/4357/4203
f 3572/4400/4246 3571/4357/4203 3592/4359/4205
f 3565/4319/4166 3564/4316/4163 3573/4401/4247
f 3573/4401/4247 3564/4316/4163 3572/4400/4246
f 3573/4401/4247 3572/4400/4246 3593/4402/4248
f 3593/4402/4248 3572/4400/4246 3592/4359/4205
f 3593/4402/4248 3592/4359/4205 3637/4361/4207
f 3566/4321/4168 3565/4319/4166 3574/4403/4249
f 3574/4403/4249 3565/4319/4166 3573/4401/4247
f 3574/4403/4249 3573/4401/4247 3594/4404/4250
f 3594/4404/4250 3573/4401/4247 3593/4402/4248
f 3594/4404/4250 3593/4402/4248 3636/4405/4251
f 3636/4405/4251 3593/4402/4248 3637/4361/4207
f 3636/4405/4251 3637/4361/4207 3628/4363/4209
f 3567/4323/4170 3566/4321/4168 3575/4406/4252
f 3575/4406/4252 3566/4321/4168 3574/4403/4249
f 3575/4406/4252 3574/4403/4249 3595/4407/4253
f 3595/4407/4253 3574/4403/4249 3594/4404/4250
f 3595/4407/4253 3594/4404/4250 3635/4408/4254
f 3635/4408/4254 3594/4404/4250 3636/4405/4251
f 3635/4408/4254 3636/4405/4251 3627/4409/4255
f 3627/4409/4255 3636/4405/4251 3628/4363/4209
f 3627/4409/4255 3628/4363/4209 3619/4341/4188
f 3579/4393/4239 3563/4392/4238 3570/4396/4242
f 3579/4393/4239 3570/4396/4242 3578/4388/4234
f 3578/4388/4234 3570/4396/4242 3569/4389/4235
f 3567/4323/4170 3575/4406/4252 3576/4325/4172
f 3576/4325/4172 3575/4406/4252 3596/4410/4256
f 3576/4325/4172 3596/4410/4256 3597/4327/4174
f 3597/4327/4174 3596/4410/4256 3633/4411/4257
f 3597/4327/4174 3633/4411/4257 3632/4329/4176
f 3632/4329/4176 3633/4411/4257 3624/4412/4258
f 3632/4329/4176 3624/4412/4258 3623/4331/4178
f 3623/4331/4178 3624/4412/4258 3615/4333/4180
f 3596/4410/4256 3575/4406/4252 3595/4407/4253
f 3555/4377/4223 3581/4385/4231 3580/4378/4224
f 3580/4378/4224 3581/4385/4231 3601/4413/4259
f 3580/4378/4224 3601/4413/4259 3582/4379/4225
f 3582/4379/4225 3601/4413/4259 3602/4380/4226
f 3604/4373/4219 3584/4376/4222 3603/4381/4227
f 3603/4381/4227 3584/4376/4222 3583/4375/4221
f 3552/4368/4214 3586/4370/4216 3589/4369/4215
f 3559/4399/4245 3638/4360/4206 3591/4358/4204
f 3596/4410/4256 3595/4407/4253 3634/4414/4260
f 3634/4414/4260 3595/4407/4253 3635/4408/4254
f 3634/4414/4260 3635/4408/4254 3626/4415/4261
f 3626/4415/4261 3635/4408/4254 3627/4409/4255
f 3626/4415/4261 3627/4409/4255 3618/4339/4186
f 3618/4339/4186 3627/4409/4255 3619/4341/4188
f 3559/4399/4245 3591/4358/4204 3548/4351/4198
f 3560/4334/4181 3607/4336/4183 3600/4384/4230
f 3581/4385/4231 3608/4338/4185 3601/4413/4259
f 3601/4413/4259 3608/4338/4185 3609/4340/4187
f 3601/4413/4259 3609/4340/4187 3602/4380/4226
f 3602/4380/4226 3609/4340/4187 3610/4342/4189
f 3612/4346/4193 3604/4373/4219 3611/4344/4191
f 3611/4344/4191 3604/4373/4219 3603/4381/4227
f 3615/4333/4180 3624/4412/4258 3616/4335/4182
f 3616/4335/4182 3624/4412/4258 3625/4416/4262
f 3616/4335/4182 3625/4416/4262 3617/4337/4184
f 3617/4337/4184 3625/4416/4262 3626/4415/4261
f 3617/4337/4184 3626/4415/4261 3618/4339/4186
f 3634/4414/4260 3626/4415/4261 3625/4416/4262
f 3634/4414/4260 3625/4416/4262 3633/4411/4257
f 3633/4411/4257 3625/4416/4262 3624/4412/4258
f 3596/4410/4256 3634/4414/4260 3633/4411/4257
f 13/4417/4263 3643/4418/4264 14/4419/4265
f 14/4419/4265 3643/4418/4264 3653/4420/4266
f 14/4419/4265 3653/4420/4266 3642/4421/4267
f 3642/4421/4267 3653/4420/4266 3652/4422/4268
f 3642/4421/4267 3652/4422/4268 3669/4423/4269
f 3669/4423/4269 3652/4422/4268 3651/4424/4270
f 3669/4423/4269 3651/4424/4270 3668/4425/4271
f 3668/4425/4271 3651/4424/4270 3650/4426/4272
f 3668/4425/4271 3650/4426/4272 3667/4427/4273
f 3667/4427/4273 3650/4426/4272 3649/4428/4274
f 3667/4427/4273 3649/4428/4274 3666/4429/4275
f 3666/4429/4275 3649/4428/4274 3647/4430/4276
f 3666/4429/4275 3647/4430/4276 3648/4431/4277
f 3648/4431/4277 3647/4430/4276 7/4432/4278
f 3648/4431/4277 7/4432/4278 3646/4433/4279
f 3646/4433/4279 7/4432/4278 6/4434/4280
f 3646/4433/4279 6/4434/4280 3644/4435/4281
f 3644/4435/4281 6/4434/4280 5/4436/4282
f 3644/4435/4281 5/4436/4282 4/4437/4283
f 3643/4418/4264 13/4417/4263 3641/4438/4284
f 3641/4438/4284 13/4417/4263 12/4439/4285
f 3641/4438/4284 12/4439/4285 3652/4422/4268
f 3652/4422/4268 12/4439/4285 3651/4424/4270
f 12/4439/4285 11/4440/4286 3651/4424/4270
f 3651/4424/4270 11/4440/4286 3650/4426/4272
f 11/4440/4286 10/4441/4287 3650/4426/4272
f 3650/4426/4272 10/4441/4287 9/4442/4288
f 3650/4426/4272 9/4442/4288 3649/4428/4274
f 3649/4428/4274 9/4442/4288 8/4443/4289
f 3649/4428/4274 8/4443/4289 3647/4430/4276
f 3647/4430/4276 8/4443/4289 7/4432/4278
f 3/4444/4290 3654/4445/4291 4/4437/4283
f 4/4437/4283 3654/4445/4291 3645/4446/4292
f 4/4437/4283 3645/4446/4292 3644/4435/4281
f 3644/4435/4281 3645/4446/4292 3665/4447/4293
f 3644/4435/4281 3665/4447/4293 3646/4433/4279
f 3646/4433/4279 3665/4447/4293 3648/4431/4277
f 3/4444/4290 2/4448/4294 3654/4445/4291
f 3654/4445/4291 2/4448/4294 3664/4449/4295
f 3654/4445/4291 3664/4449/4295 3645/4446/4292
f 3645/4446/4292 3664/4449/4295 3662/4450/4296
f 3645/4446/4292 3662/4450/4296 3661/4451/4297
f 3661/4451/4297 3662/4450/4296 3554/4452/4298
f 3661/4451/4297 3554/4452/4298 3660/4453/4299
f 3660/4453/4299 3554/4452/4298 3553/4454/4300
f 3660/4453/4299 3553/4454/4300 3659/4455/4301
f 3659/4455/4301 3553/4454/4300 3658/4456/4302
f 3659/4455/4301 3658/4456/4302 3666/4429/4275
f 3666/4429/4275 3658/4456/4302 3667/4427/4273
f 2/4448/4294 1/4457/83 3664/4449/4295
f 3664/4449/4295 1/4457/83 3640/4458/4303
f 3664/4449/4295 3640/4458/4303 3662/4450/4296
f 3662/4450/4296 3640/4458/4303 3555/4459/4304
f 3662/4450/4296 3555/4459/4304 3554/4452/4298
f 1/4457/83 87/4460/85 3640/4458/4303
f 3640/4458/4303 87/4460/85 3556/4461/4305
f 3640/4458/4303 3556/4461/4305 3555/4459/4304
f 3553/4454/4300 3552/4462/4306 3658/4456/4302
f 3658/4456/4302 3552/4462/4306 3657/4463/4307
f 3658/4456/4302 3657/4463/4307 3667/4427/4273
f 3667/4427/4273 3657/4463/4307 3668/4425/4271
f 3552/4462/4306 3551/4464/4308 3657/4463/4307
f 3657/4463/4307 3551/4464/4308 3656/4465/4309
f 3657/4463/4307 3656/4465/4309 3668/4425/4271
f 3668/4425/4271 3656/4465/4309 3669/4423/4269
f 3551/4464/4308 3550/4466/4310 3656/4465/4309
f 3656/4465/4309 3550/4466/4310 3549/4467/4311
f 3656/4465/4309 3549/4467/4311 3655/4468/4312
f 3655/4468/4312 3549/4467/4311 3548/4469/4313
f 3655/4468/4312 3548/4469/4313 3547/4470/4314
f 3547/4470/4314 1975/4471/2362 3655/4468/4312
f 3655/4468/4312 1975/4471/2362 14/4419/4265
f 3655/4468/4312 14/4419/4265 3642/4421/4267
f 1975/4471/2362 96/4472/2361 14/4419/4265
f 14/4419/4265 96/4472/2361 3670/4473/4315
f 14/4419/4265 3670/4473/4315 29/4474/4316
f 29/4474/4316 3670/4473/4315 3671/4475/4317
f 29/4474/4316 3671/4475/4317 3639/4476/4318
f 3639/4476/4318 3671/4475/4317 96/4472/2361
f 3639/4476/4318 96/4472/2361 95/4477/4319
f 3639/4476/4318 95/4477/4319 3663/4478/4320
f 3663/4478/4320 95/4477/4319 29/4474/4316
f 3663/4478/4320 29/4474/4316 3639/4476/4318
f 3671/4475/4317 3670/4473/4315 96/4472/2361
f 3653/4420/4266 3643/4418/4264 3641/4438/4284
f 3652/4422/4268 3653/4420/4266 3641/4438/4284
f 3669/4423/4269 3656/4465/4309 3655/4468/4312
f 3642/4421/4267 3669/4423/4269 3655/4468/4312
f 3666/4429/4275 3648/4431/4277 3659/4455/4301
f 3659/4455/4301 3648/4431/4277 3660/4453/4299
f 3648/4431/4277 3665/4447/4293 3660/4453/4299
f 3660/4453/4299 3665/4447/4293 3661/4451/4297
f 3665/4447/4293 3645/4446/4292 3661/4451/4297
f 2465/4479/2941 2521/4480/2963 2466/4481/4321
f 2466/4481/4321 2521/4480/2963 3464/4482/4322
f 2466/4481/4321 3464/4482/4322 3463/4483/4323
f 3462/4484/4324 3693/4485/4325 3463/4483/4323
f 3463/4483/4323 3693/4485/4325 3672/4486/4326
f 3463/4483/4323 3672/4486/4326 3727/4487/4327
f 3727/4487/4327 3672/4486/4326 3726/4488/4328
f 3727/4487/4327 3726/4488/4328 3734/4489/4329
f 3734/4489/4329 3726/4488/4328 3725/4490/4330
f 3734/4489/4329 3725/4490/4330 3733/4491/4331
f 3733/4491/4331 3725/4490/4330 3724/4492/4332
f 3733/4491/4331 3724/4492/4332 3732/4493/4333
f 3732/4493/4333 3724/4492/4332 3723/4494/4334
f 3732/4493/4333 3723/4494/4334 3731/4495/4335
f 3731/4495/4335 3723/4494/4334 3722/4496/4336
f 3731/4495/4335 3722/4496/4336 3730/4497/4337
f 3730/4497/4337 3722/4496/4336 3721/4498/4338
f 3730/4497/4337 3721/4498/4338 3729/4499/4339
f 3729/4499/4339 3721/4498/4338 3720/4500/4340
f 3729/4499/4339 3720/4500/4340 3728/4501/4341
f 3728/4501/4341 3720/4500/4340 3719/4502/4342
f 3728/4501/4341 3719/4502/4342 3674/4503/4343
f 3674/4503/4343 3719/4502/4342 2477/4504/4344
f 3674/4503/4343 2477/4504/4344 3683/4505/4345
f 3683/4505/4345 2477/4504/4344 2476/4506/4346
f 3683/4505/4345 2476/4506/4346 2475/4507/4347
f 3461/4508/4348 3694/4509/4349 3462/4484/4324
f 3462/4484/4324 3694/4509/4349 3692/4510/4350
f 3462/4484/4324 3692/4510/4350 3693/4485/4325
f 3693/4485/4325 3692/4510/4350 3672/4486/4326
f 3461/4508/4348 3460/4511/4351 3694/4509/4349
f 3694/4509/4349 3460/4511/4351 3695/4512/4352
f 3694/4509/4349 3695/4512/4352 3692/4510/4350
f 3692/4510/4350 3695/4512/4352 3691/4513/4353
f 3692/4510/4350 3691/4513/4353 3726/4488/4328
f 3726/4488/4328 3691/4513/4353 3725/4490/4330
f 3695/4512/4352 3460/4511/4351 3707/4514/4354
f 3707/4514/4354 3460/4511/4351 3459/4515/4355
f 3707/4514/4354 3459/4515/4355 3695/4512/4352
f 3695/4512/4352 3459/4515/4355 3696/4516/4356
f 3695/4512/4352 3696/4516/4356 3691/4513/4353
f 3691/4513/4353 3696/4516/4356 3690/4517/4357
f 3691/4513/4353 3690/4517/4357 3725/4490/4330
f 3725/4490/4330 3690/4517/4357 3724/4492/4332
f 3696/4516/4356 3459/4515/4355 3701/4518/4358
f 3701/4518/4358 3459/4515/4355 3458/4519/4359
f 3701/4518/4358 3458/4519/4359 3708/4520/4360
f 3708/4520/4360 3458/4519/4359 3457/4521/4361
f 3708/4520/4360 3457/4521/4361 3709/4522/4362
f 3709/4522/4362 3457/4521/4361 3710/4523/4363
f 3709/4522/4362 3710/4523/4363 3702/4524/4364
f 3702/4524/4364 3710/4523/4363 3703/4525/4365
f 3702/4524/4364 3703/4525/4365 3697/4526/4366
f 3697/4526/4366 3703/4525/4365 3698/4527/4367
f 3697/4526/4366 3698/4527/4367 3689/4528/4368
f 3689/4528/4368 3698/4527/4367 3688/4529/4369
f 3689/4528/4368 3688/4529/4369 3723/4494/4334
f 3723/4494/4334 3688/4529/4369 3722/4496/4336
f 3710/4523/4363 3457/4521/4361 3716/4530/4370
f 3716/4530/4370 3457/4521/4361 3456/4531/4371
f 3716/4530/4370 3456/4531/4371 3715/4532/4372
f 3715/4532/4372 3456/4531/4371 3717/4533/4373
f 3715/4532/4372 3717/4533/4373 3714/4534/4374
f 3714/4534/4374 3717/4533/4373 3455/4535/4375
f 3714/4534/4374 3455/4535/4375 3713/4536/4376
f 3713/4536/4376 3455/4535/4375 3718/4537/4377
f 3713/4536/4376 3718/4537/4377 3454/4538/4378
f 3454/4538/4378 3718/4537/4377 3455/4535/4375
f 3456/4531/4371 3455/4535/4375 3717/4533/4373
f 3454/4538/4378 3453/4539/4379 3713/4536/4376
f 3713/4536/4376 3453/4539/4379 3685/4540/4380
f 3713/4536/4376 3685/4540/4380 3712/4541/4381
f 3712/4541/4381 3685/4540/4380 3705/4542/4382
f 3712/4541/4381 3705/4542/4382 3704/4543/4383
f 3704/4543/4383 3705/4542/4382 3699/4544/4384
f 3704/4543/4383 3699/4544/4384 3698/4527/4367
f 3698/4527/4367 3699/4544/4384 3688/4529/4369
f 2477/4504/4344 3719/4502/4342 3453/4539/4379
f 3453/4539/4379 3719/4502/4342 3684/4545/4385
f 3453/4539/4379 3684/4545/4385 3673/4546/4386
f 3673/4546/4386 3684/4545/4385 3686/4547/4387
f 3673/4546/4386 3686/4547/4387 3700/4548/4388
f 3700/4548/4388 3686/4547/4387 3687/4549/4389
f 3700/4548/4388 3687/4549/4389 3699/4544/4384
f 3699/4544/4384 3687/4549/4389 3688/4529/4369
f 3683/4505/4345 2475/4507/4347 3682/4550/4390
f 3682/4550/4390 2475/4507/4347 2474/4551/4391
f 3682/4550/4390 2474/4551/4391 3681/4552/4392
f 3681/4552/4392 2474/4551/4391 3680/4553/4393
f 3681/4552/4392 3680/4553/4393 3729/4499/4339
f 3729/4499/4339 3680/4553/4393 3730/4497/4337
f 2474/4551/4391 2473/4554/4394 3680/4553/4393
f 3680/4553/4393 2473/4554/4394 3679/4555/4395
f 3680/4553/4393 3679/4555/4395 3730/4497/4337
f 3730/4497/4337 3679/4555/4395 3731/4495/4335
f 2473/4554/4394 2472/4556/4396 3679/4555/4395
f 3679/4555/4395 2472/4556/4396 3678/4557/4397
f 3679/4555/4395 3678/4557/4397 3731/4495/4335
f 3731/4495/4335 3678/4557/4397 3732/4493/4333
f 3678/4557/4397 2472/4556/4396 3677/4558/4398
f 3677/4558/4398 2472/4556/4396 2471/4559/4399
f 3677/4558/4398 2471/4559/4399 2470/4560/4400
f 3677/4558/4398 2470/4560/4400 3676/4561/4401
f 3676/4561/4401 2470/4560/4400 2469/4562/4402
f 3676/4561/4401 2469/4562/4402 2468/4563/4403
f 3676/4561/4401 2468/4563/4403 3675/4564/4404
f 3675/4564/4404 2468/4563/4403 2467/4565/4405
f 3675/4564/4404 2467/4565/4405 3727/4487/4327
f 3727/4487/4327 2467/4565/4405 3463/4483/4323
f 2467/4565/4405 2466/4481/4321 3463/4483/4323
f 3727/4487/4327 3734/4489/4329 3675/4564/4404
f 3675/4564/4404 3734/4489/4329 3676/4561/4401
f 3732/4493/4333 3678/4557/4397 3677/4558/4398
f 3734/4489/4329 3733/4491/4331 3676/4561/4401
f 3676/4561/4401 3733/4491/4331 3677/4558/4398
f 3733/4491/4331 3732/4493/4333 3677/4558/4398
f 3674/4503/4343 3683/4505/4345 3682/4550/4390
f 3729/4499/4339 3728/4501/4341 3681/4552/4392
f 3681/4552/4392 3728/4501/4341 3682/4550/4390
f 3728/4501/4341 3674/4503/4343 3682/4550/4390
f 3685/4540/4380 3453/4539/4379 3706/4566/4406
f 3706/4566/4406 3453/4539/4379 3673/4546/4386
f 3706/4566/4406 3673/4546/4386 3700/4548/4388
f 3719/4502/4342 3720/4500/4340 3684/4545/4385
f 3684/4545/4385 3720/4500/4340 3686/4547/4387
f 3722/4496/4336 3688/4529/4369 3687/4549/4389
f 3720/4500/4340 3721/4498/4338 3686/4547/4387
f 3686/4547/4387 3721/4498/4338 3687/4549/4389
f 3721/4498/4338 3722/4496/4336 3687/4549/4389
f 3689/4528/4368 3690/4517/4357 3697/4526/4366
f 3697/4526/4366 3690/4517/4357 3696/4516/4356
f 3697/4526/4366 3696/4516/4356 3702/4524/4364
f 3702/4524/4364 3696/4516/4356 3701/4518/4358
f 3702/4524/4364 3701/4518/4358 3709/4522/4362
f 3709/4522/4362 3701/4518/4358 3708/4520/4360
f 3723/4494/4334 3724/4492/4332 3689/4528/4368
f 3689/4528/4368 3724/4492/4332 3690/4517/4357
f 3672/4486/4326 3692/4510/4350 3726/4488/4328
f 3704/4543/4383 3698/4527/4367 3703/4525/4365
f 3706/4566/4406 3700/4548/4388 3705/4542/4382
f 3705/4542/4382 3700/4548/4388 3699/4544/4384
f 3704/4543/4383 3703/4525/4365 3711/4567/4407
f 3711/4567/4407 3703/4525/4365 3710/4523/4363
f 3711/4567/4407 3710/4523/4363 3715/4532/4372
f 3715/4532/4372 3710/4523/4363 3716/4530/4370
f 3685/4540/4380 3706/4566/4406 3705/4542/4382
f 3704/4543/4383 3711/4567/4407 3712/4541/4381
f 3712/4541/4381 3711/4567/4407 3714/4534/4374
f 3712/4541/4381 3714/4534/4374 3713/4536/4376
f 3714/4534/4374 3711/4567/4407 3715/4532/4372
f 539/4568/823 661/4569/792 3546/4570/4408
f 3546/4570/4408 661/4569/792 3735/4571/4409
f 3735/4571/4409 661/4569/792 660/4572/794
f 660/4573/944 785/4574/929 3735/4575/4410
f 3735/4575/4410 785/4574/929 3736/4576/4411
f 3736/4576/4411 785/4574/929 784/4577/931
f 784/4578/1086 889/4579/1074 3736/4580/4412
f 3736/4580/4412 889/4579/1074 956/4581/4413
f 956/4581/4413 889/4579/1074 888/4582/1072
f 3737/4583/4414 955/4584/4415 957/4585/4416
f 957/4585/4416 955/4584/4415 954/4586/4417
f 91/4587/4418 3737/4588/4419 92/4589/4420
f 92/4589/4420 3737/4588/4419 957/4590/4421
f 92/4589/4420 957/4590/4421 117/4591/4422
f 91/4587/4418 960/4592/4423 3737/4588/4419
f 3738/4593/4424 958/4594/4425 537/4595/4426
f 537/4595/4426 958/4594/4425 538/4596/4427
f 1038/4597/4428 3737/4598/4429 1155/4599/4430
f 1155/4599/4430 3737/4598/4429 960/4600/4431
f 1155/4599/4430 960/4600/4431 959/4601/4432
f 1038/4597/4428 1037/4602/4433 3737/4598/4429
f 3737/4598/4429 1037/4602/4433 1036/4603/4434
f 3737/4598/4429 1036/4603/4434 1035/4604/4435
f 1035/4604/4435 1034/4605/4436 3737/4598/4429
f 3737/4598/4429 1034/4605/4436 3546/4606/4437
f 3737/4598/4429 3546/4606/4437 955/4607/4438
f 955/4607/4438 3546/4606/4437 3735/4608/4439
f 955/4607/4438 3735/4608/4439 956/4609/4440
f 956/4609/4440 3735/4608/4439 3736/4610/4441
f 1034/4605/4436 1033/4611/4442 3546/4606/4437
f 3546/4606/4437 1033/4611/4442 1032/4612/4443
f 959/4613/4444 958/4614/4445 3739/4615/4446
f 87/4616/4179 86/4617/1157 3557/4618/4232
f 3557/4618/4232 86/4617/1157 961/4619/1155
f 3557/4618/4232 961/4619/1155 1886/4620/4237
f 1886/4621/2273 961/4622/1198 1887/4623/2271
f 1887/4623/2271 961/4622/1198 981/4624/1200
f 1887/4623/2271 981/4624/1200 155/4625/4447
f 155/4625/4447 154/4626/4448 1887/4623/2271
f 3739/4627/4449 161/4628/4450 959/4629/4451
f 959/4629/4451 161/4628/4450 160/4630/4452
f 959/4629/4451 160/4630/4452 1155/4631/4453
f 3740/4632/4454 152/4633/4455 958/4634/4456
f 958/4634/4456 152/4633/4455 161/4635/4457
f 958/4634/4456 161/4635/4457 3739/4636/4458
f 3738/4637/4459 3740/4638/4460 958/4639/4445
f 1254/4640/1594 1253/4641/1557 3453/4642/4379
f 3453/4642/4379 1253/4641/1557 2477/4643/4344
f 2477/4643/4344 1253/4641/1557 1252/4644/1559
f 2477/4645/2906 1252/4646/1654 2005/4647/2477
f 2005/4647/2477 1252/4646/1654 1343/4648/1655
f 2005/4647/2477 1343/4648/1655 2006/4649/4461
f 2006/4649/4461 1343/4648/1655 2007/4650/4462
f 2007/4650/4462 1343/4648/1655 2008/4651/4463
f 2008/4651/4463 1343/4648/1655 167/4652/4464
f 2008/4651/4463 167/4652/4464 2009/4653/4465
f 2009/4653/4465 167/4652/4464 166/4654/4466
f 1343/4648/1655 1342/4655/1712 167/4652/4464
f 1342/4656/1750 1427/4657/1752 167/4658/4467
f 167/4658/4467 1427/4657/1752 168/4659/4468
f 168/4659/4468 1427/4657/1752 1426/4660/1782
f 1426/4661/1856 1525/4662/1857 168/4663/4469
f 168/4663/4469 1525/4662/1857 169/4664/4470
f 169/4664/4470 1525/4662/1857 1524/4665/1890
f 1524/4666/1962 1587/4667/1961 169/4668/4471
f 169/4668/4471 1587/4667/1961 170/4669/4472
f 170/4669/4472 1587/4667/1961 1586/4670/1935
f 1586/4671/2006 1650/4672/2004 170/4673/4473
f 170/4673/4473 1650/4672/2004 171/4674/4474
f 171/4674/4474 1650/4672/2004 1649/4675/2040
f 1817/4676/2193 172/4677/4475 1723/4678/2091
f 1723/4678/2091 172/4677/4475 1724/4679/2125
f 1724/4679/2125 172/4677/4475 171/4680/4476
f 1724/4679/2125 171/4680/4476 1649/4681/2128
f 1826/4682/4477 1825/4683/4478 154/4684/4479
f 154/4684/4479 1825/4683/4478 1860/4685/4480
f 154/4684/4479 1860/4685/4480 1859/4686/4481
f 1859/4686/4481 1858/4687/4482 154/4684/4479
f 154/4684/4479 1858/4687/4482 1857/4688/4483
f 154/4684/4479 1857/4688/4483 1856/4689/4484
f 1856/4689/4484 1894/4690/4485 154/4684/4479
f 154/4684/4479 1894/4690/4485 1893/4691/4486
f 154/4684/4479 1893/4691/4486 1892/4692/4487
f 1892/4692/4487 1891/4693/4488 154/4684/4479
f 154/4684/4479 1891/4693/4488 1890/4694/4489
f 154/4684/4479 1890/4694/4489 1889/4695/4490
f 1889/4695/4490 1888/4696/4491 154/4684/4479
f 154/4684/4479 1888/4696/4491 1887/4697/4492
f 153/4698/4493 162/4699/4494 154/4684/4479
f 154/4684/4479 162/4699/4494 1817/4700/4495
f 154/4684/4479 1817/4700/4495 1830/4701/4496
f 162/4699/4494 172/4702/4497 1817/4700/4495
f 1830/4701/4496 1829/4703/4498 154/4684/4479
f 154/4684/4479 1829/4703/4498 1828/4704/4499
f 154/4684/4479 1828/4704/4499 1827/4705/4500
f 1827/4705/4500 1826/4682/4477 154/4684/4479
f 43/4706/4501 42/4707/4502 152/4708/4503
f 152/4708/4503 42/4707/4502 67/4709/4504
f 152/4708/4503 67/4709/4504 66/4710/4505
f 66/4710/4505 65/4711/4506 152/4708/4503
f 152/4708/4503 65/4711/4506 64/4712/4507
f 152/4708/4503 64/4712/4507 173/4713/4508
f 173/4713/4508 64/4712/4507 63/4714/4509
f 173/4713/4508 63/4714/4509 62/4715/4510
f 62/4715/4510 61/4716/4511 173/4713/4508
f 173/4713/4508 61/4716/4511 60/4717/4512
f 173/4713/4508 60/4717/4512 59/4718/4513
f 173/4713/4508 59/4718/4513 329/4719/4514
f 329/4719/4514 59/4718/4513 58/4720/4515
f 329/4719/4514 58/4720/4515 57/4721/4516
f 57/4721/4516 56/4722/4517 329/4719/4514
f 329/4719/4514 56/4722/4517 130/4723/4518
f 329/4719/4514 130/4723/4518 129/4724/4519
f 56/4722/4517 55/4725/4520 130/4723/4518
f 130/4723/4518 55/4725/4520 54/4726/4521
f 130/4723/4518 54/4726/4521 133/4727/4522
f 133/4727/4522 54/4726/4521 53/4728/4523
f 133/4727/4522 53/4728/4523 52/4729/4524
f 52/4729/4524 51/4730/4525 133/4727/4522
f 133/4727/4522 51/4730/4525 50/4731/4526
f 133/4727/4522 50/4731/4526 49/4732/4527
f 49/4732/4527 48/4733/4528 133/4727/4522
f 133/4727/4522 48/4733/4528 47/4734/4529
f 133/4727/4522 47/4734/4529 3740/4735/4530
f 3740/4735/4530 47/4734/4529 46/4736/4531
f 3740/4735/4530 46/4736/4531 45/4737/4532
f 45/4737/4532 44/4738/4533 3740/4735/4530
f 3740/4735/4530 44/4738/4533 43/4706/4501
f 3740/4735/4530 43/4706/4501 152/4708/4503
f 143/4739/4534 146/4740/4535 173/4713/4508
f 173/4713/4508 146/4740/4535 152/4708/4503
f 146/4740/4535 148/4741/4536 152/4708/4503
f 3738/4742/4537 537/4743/4538 3740/4735/4530
f 3740/4735/4530 537/4743/4538 133/4727/4522
f 133/4727/4522 537/4743/4538 132/4744/4539
f 132/4744/4539 537/4743/4538 536/4745/4540
f 132/4744/4539 536/4745/4540 94/4746/4541
f 94/4746/4541 536/4745/4540 90/4747/4542
f 90/4747/4542 536/4745/4540 88/4748/4543
f 97/4749/4544 1256/4750/4545 98/4751/4075
f 98/4751/4075 1256/4750/4545 1255/4752/4546
f 98/4751/4075 1255/4752/4546 1254/4753/4547
f 1262/4754/4548 1261/4755/4549 97/4749/4544
f 97/4749/4544 1261/4755/4549 1260/4756/4550
f 97/4749/4544 1260/4756/4550 1259/4757/4551
f 1259/4757/4551 1258/4758/4552 97/4749/4544
f 97/4749/4544 1258/4758/4552 1257/4759/4553
f 97/4749/4544 1257/4759/4553 1256/4750/4545
f 1254/4753/4547 3453/4760/4109 98/4751/4075
f 173/4761/4554 329/4762/4555 174/4763/4556
f 2523/4764/3032 2522/4765/2991 3741/4766/4557
f 3741/4766/4557 2522/4765/2991 2605/4767/4558
f 2605/4767/4558 2522/4765/2991 2133/4768/3017
f 2131/4769/2733 2291/4770/2696 2604/4771/4559
f 2604/4771/4559 2291/4770/2696 2464/4772/4560
f 354/4773/3263 2740/4774/3251 355/4775/4561
f 355/4775/4561 2740/4774/3251 3742/4776/4562
f 3742/4776/4562 2740/4774/3251 2739/4777/3242
f 2739/4778/3382 2827/4779/3317 3742/4780/4563
f 3742/4780/4563 2827/4779/3317 3743/4781/4564
f 3743/4781/4564 2827/4779/3317 2826/4782/3371
f 2826/4783/3433 2924/4784/3431 3743/4785/4565
f 3743/4785/4565 2924/4784/3431 3744/4786/4566
f 3744/4786/4566 2924/4784/3431 2923/4787/3459
f 2923/4788/3612 3029/4789/3613 3744/4790/4567
f 3744/4790/4567 3029/4789/3613 3745/4791/4568
f 3029/4792/3733 3134/4793/3725 3745/4794/4569
f 3745/4794/4569 3134/4793/3725 3746/4795/4570
f 3134/4796/3803 2614/4797/3837 3746/4798/4571
f 3746/4798/4571 2614/4797/3837 3747/4799/4572
f 2614/4800/3167 2613/4801/3154 3747/4802/4573
f 3747/4802/4573 2613/4801/3154 3748/4803/4574
f 2613/4804/3951 3344/4805/3937 3748/4806/4575
f 3748/4806/4575 3344/4805/3937 3749/4807/4576
f 3344/4808/4026 3407/4809/4017 3749/4810/4577
f 3749/4810/4577 3407/4809/4017 3741/4811/4578
f 3741/4811/4578 3407/4809/4017 2523/4812/4010
f 3749/4813/4579 3741/4814/4580 3748/4815/4581
f 3748/4815/4581 3741/4814/4580 2605/4816/4582
f 3748/4815/4581 2605/4816/4582 2604/4817/4583
f 3748/4815/4581 2604/4817/4583 3747/4818/4584
f 3747/4818/4584 2604/4817/4583 2464/4819/4585
f 3747/4818/4584 2464/4819/4585 3746/4820/4586
f 3746/4820/4586 2464/4819/4585 2463/4821/4587
f 3746/4820/4586 2463/4821/4587 176/4822/4588
f 176/4822/4588 175/4823/4589 3746/4820/4586
f 3746/4820/4586 175/4823/4589 330/4824/4590
f 3746/4820/4586 330/4824/4590 3745/4825/4591
f 3745/4825/4591 330/4824/4590 355/4826/4592
f 3745/4825/4591 355/4826/4592 3744/4827/4593
f 3744/4827/4593 355/4826/4592 3743/4828/4594
f 3743/4828/4594 355/4826/4592 3742/4829/4595
# 3749 vertices
# 4829 texture params
# 4595 normals
# 7498 facets

# 1 groups
